cmn  common_param: common_params_print_info: build 1 (391fac1) with GNU 14.2.0 for Linux aarch64
cmn  common_param: common_params_print_info: verbosity = 4 (adjust with the `-lv N` CLI arg)
cmn  common_param: device_info:
cmn  common_param:   - CPU     : CPU (7934 MiB, 7934 MiB free)
cmn  common_param:   - ROCKNPU0: RockNPU RK3588 (7934 MiB, 5936 MiB free)
cmn  common_param: system_info: n_threads = 4 (n_threads_batch = 4) / 8 | CPU : NEON = 1 | ARM_FMA = 1 | FP16_VA = 1 | DOTPROD = 1 | LLAMAFILE = 1 | OPENMP = 1 | 
srv  llama_server: n_parallel is set to auto, using n_parallel = 4 and kv_unified = true
srv          init: running without SSL
srv          init: using 8 threads for HTTP server
srv          init: The UI is disabled
srv          init: Use --ui/--no-ui (or deprecated --webui/--no-webui) to enable/disable
srv  llama_server: -----------------
srv  llama_server: CORS is set to allow all origins ('*') and no API key is set
srv  llama_server: this can be a security risk (cross-origin attacks)
srv  llama_server: more info: https://github.com/ggml-org/llama.cpp/pull/25655
srv  llama_server: -----------------
srv         start: binding port with default address family
srv    load_model: loading model '/build/ollama-models/blobs/sha256-5c66751b61537f9e55177b1b67e06af88e0e2df88f86de4909f5bf87fb1ae583'
srv    load_model: local path '/build/ollama-models/blobs/sha256-5c66751b61537f9e55177b1b67e06af88e0e2df88f86de4909f5bf87fb1ae583'
cmn  common_init_: fitting params to device memory ...
cmn  common_init_: (for bugs during this step try to reproduce them with -fit off, or provide --verbose logs if the bug only occurs with -fit on)
common_params_fit_impl: getting device memory data for initial parameters:
ROCKNPU GGML TRACE summary q4_K_mul_mat=0 q6_K_mul_mat=0 f16_mul_mat=0 w4a4_m1_mul_mat=0 w8a8_m1_mul_mat=0 native_w8_calls=0 vk_pair_calls=0 ffn_pair_calls=0 qkv_triple_calls=0 qkv_stash_hits=0
ROCKNPU GGML TRACE decode_cache hits=0 misses=0 entries=0 resident_mb=0.00 hit_ms=0.00 hit_avg_ms=0.000 miss_ms=0.00 miss_avg_ms=0.000 tuned_shapes=0 worker_calls=[0,0,0] ksplit_calls=0
common_memory_breakdown_print: | memory breakdown [MiB]        | total   free    self   model   context   compute    unaccounted |
common_memory_breakdown_print: |   - ROCKNPU0 (RockNPU RK3588) |  7934 = 5922 + (   0 =     0 +       0 +       0) +        2011 |
common_memory_breakdown_print: |   - Host                      |                 1139 =   636 +      44 +     459                |
ROCKNPU GGML TRACE summary q4_K_mul_mat=0 q6_K_mul_mat=0 f16_mul_mat=0 w4a4_m1_mul_mat=0 w8a8_m1_mul_mat=0 native_w8_calls=0 vk_pair_calls=0 ffn_pair_calls=0 qkv_triple_calls=0 qkv_stash_hits=0
ROCKNPU GGML TRACE decode_cache hits=0 misses=0 entries=0 resident_mb=0.00 hit_ms=0.00 hit_avg_ms=0.000 miss_ms=0.00 miss_avg_ms=0.000 tuned_shapes=0 worker_calls=[0,0,0] ksplit_calls=0
common_params_fit_impl: projected to use 0 MiB of device memory vs. 5922 MiB of free device memory
common_params_fit_impl: will leave 5922 >= 1024 MiB of free device memory, no changes needed
common_fit_params: successfully fit params to free device memory
common_fit_params: fitting params to free memory took 0.08 seconds
llama_model_loader: loaded meta data with 22 key-value pairs and 201 tensors from /build/ollama-models/blobs/sha256-5c66751b61537f9e55177b1b67e06af88e0e2df88f86de4909f5bf87fb1ae583 (version GGUF V3 (latest))
llama_model_loader: Dumping metadata keys/values. Note: KV overrides do not apply in this output.
llama_model_loader: - kv   0:                       general.architecture str              = llama
llama_model_loader: - kv   1:                               general.name str              = models
llama_model_loader: - kv   2:                       llama.context_length u32              = 2048
llama_model_loader: - kv   3:                     llama.embedding_length u32              = 2048
llama_model_loader: - kv   4:                          llama.block_count u32              = 22
llama_model_loader: - kv   5:                  llama.feed_forward_length u32              = 5632
llama_model_loader: - kv   6:                 llama.rope.dimension_count u32              = 64
llama_model_loader: - kv   7:                 llama.attention.head_count u32              = 32
llama_model_loader: - kv   8:              llama.attention.head_count_kv u32              = 4
llama_model_loader: - kv   9:     llama.attention.layer_norm_rms_epsilon f32              = 0.000010
llama_model_loader: - kv  10:                       llama.rope.freq_base f32              = 10000.000000
llama_model_loader: - kv  11:                          general.file_type u32              = 15
llama_model_loader: - kv  12:                       tokenizer.ggml.model str              = llama
llama_model_loader: - kv  13:                      tokenizer.ggml.tokens arr[str,32000]   = ["<unk>", "<s>", "</s>", "<0x00>", "<...
llama_model_loader: - kv  14:                      tokenizer.ggml.scores arr[f32,32000]   = [0.000000, 0.000000, 0.000000, 0.0000...
llama_model_loader: - kv  15:                  tokenizer.ggml.token_type arr[i32,32000]   = [2, 3, 3, 6, 6, 6, 6, 6, 6, 6, 6, 6, ...
llama_model_loader: - kv  16:                tokenizer.ggml.bos_token_id u32              = 1
llama_model_loader: - kv  17:                tokenizer.ggml.eos_token_id u32              = 2
llama_model_loader: - kv  18:            tokenizer.ggml.unknown_token_id u32              = 0
llama_model_loader: - kv  19:            tokenizer.ggml.padding_token_id u32              = 2
llama_model_loader: - kv  20:                    tokenizer.chat_template str              = {% for message in messages %}\n{% if m...
llama_model_loader: - kv  21:               general.quantization_version u32              = 2
llama_model_loader: - type  f32:   45 tensors
llama_model_loader: - type q4_K:  135 tensors
llama_model_loader: - type q6_K:   21 tensors
print_info: file format = GGUF V3 (latest)
print_info: file type   = Q4_K - Medium
print_info: file size   = 636.18 MiB (4.85 BPW) 
llama_prepare_model_devices: using device ROCKNPU0 (RockNPU RK3588) (unknown id) - 5923 MiB free
load: 0 unused tokens
load: printing all EOG tokens:
load:   - 2 ('</s>')
load: special tokens cache size = 3
load: token to piece cache size = 0.1684 MB
print_info: arch                  = llama
print_info: vocab_only            = 0
print_info: no_alloc              = 0
print_info: n_ctx_train           = 2048
print_info: n_embd_inp            = 2048
print_info: n_embd                = 2048
print_info: n_embd_out            = 2048
print_info: n_layer               = 22
print_info: n_layer_all           = 22
print_info: n_head                = 32
print_info: n_head_kv             = 4
print_info: n_rot                 = 64
print_info: n_swa                 = 0
print_info: is_swa_any            = 0
print_info: non_causal_type       = 0
print_info: n_embd_head_k         = 64
print_info: n_embd_head_v         = 64
print_info: n_gqa                 = 8
print_info: n_embd_k_gqa          = 256
print_info: n_embd_v_gqa          = 256
print_info: f_norm_eps            = 0.0e+00
print_info: f_norm_rms_eps        = 1.0e-05
print_info: f_clamp_kqv           = 0.0e+00
print_info: f_max_alibi_bias      = 0.0e+00
print_info: f_logit_scale         = 0.0e+00
print_info: f_attn_scale          = 0.0e+00
print_info: f_attn_value_scale    = 0.0000
print_info: n_ff                  = 5632
print_info: n_expert              = 0
print_info: n_expert_used         = 0
print_info: n_expert_groups       = 0
print_info: n_group_used          = 0
print_info: causal attn           = 1
print_info: pooling type          = -1
print_info: rope type             = 0
print_info: rope scaling          = linear
print_info: freq_base_train       = 10000.0
print_info: freq_scale_train      = 1
print_info: n_ctx_orig_yarn       = 2048
print_info: rope_yarn_log_mul     = 0.0000
print_info: rope_finetuned        = unknown
print_info: model type            = 1B
print_info: model params          = 1.10 B
print_info: general.name          = models
print_info: vocab type            = SPM
print_info: n_vocab               = 32000
print_info: n_merges              = 0
print_info: BOS token             = 1 '<s>'
print_info: EOS token             = 2 '</s>'
print_info: UNK token             = 0 '<unk>'
print_info: PAD token             = 2 '</s>'
print_info: LF token              = 13 '<0x0A>'
print_info: EOG token             = 2 '</s>'
print_info: max token length      = 48
load_tensors: loading model tensors, this can take a while... (load_mode = none)
load_tensors:          CPU model buffer size =    86.78 MiB
load_tensors: ROCKNPU_HOST model buffer size =   549.40 MiB
cmn  common_init_: added </s> logit bias = -inf
llama_context: constructing llama_context
llama_context: n_seq_max             = 4
llama_context: n_ctx                 = 2048
llama_context: n_ctx_seq             = 2048
llama_context: n_batch               = 2048
llama_context: n_ubatch              = 512
llama_context: causal_attn           = 1
llama_context: flash_attn            = disabled
llama_context: kv_unified            = true
llama_context: freq_base             = 10000.0
llama_context: freq_scale            = 1
llama_context: n_rs_seq              = 0
llama_context: n_outputs_max         = 4
llama_context: n_outputs_max_per_seq = 1
llama_context: ROCKNPU_HOST  output buffer size =     0.49 MiB
llama_kv_cache: ROCKNPU_HOST KV buffer size =    44.00 MiB
llama_kv_cache: size =   44.00 MiB (  2048 cells,  22 layers,  4/1 seqs), K (f16):   22.00 MiB, V (f16):   22.00 MiB
llama_kv_cache: attn_rot_k = 0, n_embd_head_k_all = 64
llama_kv_cache: attn_rot_v = 0, n_embd_head_k_all = 64
sched_reserve: reserving ...
resolve_fused_ops: resolving fused DeepSeek V4 HC support:
resolve_fused_ops: fused DeepSeek V4 HC pre enabled
resolve_fused_ops: fused DeepSeek V4 HC comb enabled
resolve_fused_ops: fused DeepSeek V4 HC post enabled
sched_reserve: ROCKNPU_HOST compute buffer size =   153.01 MiB
sched_reserve: graph nodes  = 798
sched_reserve: graph splits = 217 (with bs=512), 1 (with bs=1)
sched_reserve: reserve took 7.93 ms, sched copies = 1
cmn          init: llama threadpool init, n_threads = 4
cmn  common_init_: warming up the model with an empty run - please wait ... (--no-warmup to disable)
ROCKNPU GGML TRACE native_w8_loaded weight=blk.21.ffn_gate.weight K=2048 N=5632
ROCKNPU GGML TRACE native_w8_loaded weight=blk.21.ffn_up.weight K=2048 N=5632
ROCKNPU GGML TRACE ffn_pair first=blk.21.ffn_gate.weight second=blk.21.ffn_up.weight M=1 K=2048 N=5632+5632 kinds=4/4 path=m1_pair
ROCKNPU GGML TRACE mul_mat weight=blk.21.ffn_down.weight type=q4_K M=1 K=5632 N=2048 path=w8a8_m1
ROCKNPU GGML TRACE native_w8_loaded weight=blk.21.ffn_down.weight K=5632 N=2048
ROCKNPU GGML TRACE ffn_pair first=blk.21.ffn_gate.weight second=blk.21.ffn_up.weight M=1 K=2048 N=5632+5632 kinds=4/4 path=m1_pair
ROCKNPU GGML TRACE mul_mat weight=blk.21.ffn_down.weight type=q4_K M=1 K=5632 N=2048 path=w8a8_m1
srv    load_model: initializing, n_slots = 4, n_ctx_slot = 2048, kv_unified = 'true'
spec common_specu: no implementations specified for speculative decoding
slot   load_model: id  0 | task -1 | new slot, n_ctx = 2048
slot   load_model: id  1 | task -1 | new slot, n_ctx = 2048
slot   load_model: id  2 | task -1 | new slot, n_ctx = 2048
slot   load_model: id  3 | task -1 | new slot, n_ctx = 2048
srv    load_model: prompt cache is enabled, size limit: 8192 MiB
srv    load_model: use `--cache-ram 0` to disable the prompt cache
srv    load_model: for more info see https://github.com/ggml-org/llama.cpp/pull/16391
srv    load_model: context checkpoints enabled, max = 32, min spacing = 8192
srv          init: idle slots will be saved to prompt cache and cleared upon starting a new task
srv          init: init: chat template, example_format: '<|im_start|>system
You are a helpful assistant<|im_end|>
<|im_start|>user
Hello<|im_end|>
<|im_start|>assistant
Hi there<|im_end|>
<|im_start|>user
How are you?<|im_end|>
<|im_start|>assistant
'
srv          init: init: chat template, thinking = 0
srv          init: preserve_reasoning kwarg: not supported by template
srv  llama_server: model loaded
srv  llama_server: listening on http://127.0.0.1:11540
srv  update_slots: all slots are idle
srv  server_strea: conv_id= (empty=1)
slot get_availabl: id  0 | task -1 |  - skipping, slot is empty
slot get_availabl: id  1 | task -1 |  - skipping, slot is empty
slot get_availabl: id  2 | task -1 |  - skipping, slot is empty
slot get_availabl: id  3 | task -1 |  - skipping, slot is empty
slot get_availabl: id  3 | task -1 | selected slot by LRU, t_last = -1
srv  get_availabl: updating prompt cache
srv          load:  - looking for better prompt, base f_keep = -1.000, f_sim = 0.000
srv        update:  - cache state: 0 prompts, 0.000 MiB (limits: 8192.000 MiB, 2048 tokens, 8589934592 est)
srv  get_availabl: prompt cache update took 0.01 ms
slot launch_slot_: id  3 | task -1 | sampler chain: logits -> ?penalties -> ?dry -> ?top-n-sigma -> top-k -> ?typical -> top-p -> min-p -> ?xtc -> temp-ext -> dist 
slot launch_slot_: id  3 | task -1 | sampler params: 
	repeat_last_n = 64, repeat_penalty = 1.000, frequency_penalty = 0.000, presence_penalty = 0.000
	dry_multiplier = 0.000, dry_base = 1.750, dry_allowed_length = 2, dry_penalty_last_n = 64
	top_k = 1, top_p = 0.950, min_p = 0.050, xtc_probability = 0.000, xtc_threshold = 0.100, typical_p = 1.000, top_n_sigma = -1.000, temp = 0.000
	mirostat = 0, mirostat_lr = 0.100, mirostat_ent = 5.000, adaptive_target = -1.000, adaptive_decay = 0.900
slot launch_slot_: id  3 | task 0 | processing task, is_child = 0
slot process_sing: id  0 | task -1 | saving idle slot to prompt cache
slot prompt_clear: id  0 | task -1 | clearing prompt with 0 tokens
slot process_sing: id  1 | task -1 | saving idle slot to prompt cache
slot prompt_clear: id  1 | task -1 | clearing prompt with 0 tokens
slot process_sing: id  2 | task -1 | saving idle slot to prompt cache
slot prompt_clear: id  2 | task -1 | clearing prompt with 0 tokens
slot   operator(): id  3 | task 0 | new prompt, n_ctx_slot = 2048, n_keep = 4, task.n_tokens = 2
slot   operator(): id  3 | task 0 | cached n_tokens = 0, memory_seq_rm [0, end)
slot init_sampler: id  3 | task 0 | init sampler, took 0.01 ms, tokens: text = 2, total = 2
ROCKNPU GGML TRACE ffn_pair first=blk.21.ffn_gate.weight second=blk.21.ffn_up.weight M=1 K=2048 N=5632+5632 kinds=4/4 path=m1_pair
ROCKNPU GGML TRACE mul_mat weight=blk.21.ffn_down.weight type=q4_K M=1 K=5632 N=2048 path=w8a8_m1
ROCKNPU GGML TRACE mul_mat weight=blk.0.attn_q.weight type=q4_K M=1 K=2048 N=2048 path=w8a8_m1
ROCKNPU GGML TRACE native_w8_loaded weight=blk.0.attn_q.weight K=2048 N=2048
ROCKNPU GGML TRACE native_w8_loaded weight=blk.0.attn_v.weight K=2048 N=256
ROCKNPU GGML TRACE native_w8_loaded weight=blk.0.attn_k.weight K=2048 N=256
ROCKNPU GGML TRACE vk_pair first=blk.0.attn_v.weight second=blk.0.attn_k.weight K=2048 N=256+256 kinds=6/4
ROCKNPU GGML TRACE mul_mat weight=blk.0.attn_output.weight type=q4_K M=1 K=2048 N=2048 path=w8a8_m1
ROCKNPU GGML TRACE native_w8_loaded weight=blk.0.attn_output.weight K=2048 N=2048
ROCKNPU GGML TRACE native_w8_loaded weight=blk.0.ffn_gate.weight K=2048 N=5632
ROCKNPU GGML TRACE native_w8_loaded weight=blk.0.ffn_up.weight K=2048 N=5632
ROCKNPU GGML TRACE ffn_pair first=blk.0.ffn_gate.weight second=blk.0.ffn_up.weight M=1 K=2048 N=5632+5632 kinds=4/4 path=m1_pair
ROCKNPU GGML TRACE mul_mat weight=blk.0.ffn_down.weight type=q6_K M=1 K=5632 N=2048 path=w8a8_m1
ROCKNPU GGML TRACE native_w8_loaded weight=blk.0.ffn_down.weight K=5632 N=2048
ROCKNPU GGML TRACE mul_mat weight=blk.1.attn_q.weight type=q4_K M=1 K=2048 N=2048 path=w8a8_m1
ROCKNPU GGML TRACE native_w8_loaded weight=blk.1.attn_q.weight K=2048 N=2048
ROCKNPU GGML TRACE native_w8_loaded weight=blk.1.attn_v.weight K=2048 N=256
ROCKNPU GGML TRACE native_w8_loaded weight=blk.1.attn_k.weight K=2048 N=256
ROCKNPU GGML TRACE vk_pair first=blk.1.attn_v.weight second=blk.1.attn_k.weight K=2048 N=256+256 kinds=6/4
ROCKNPU GGML TRACE mul_mat weight=blk.1.attn_output.weight type=q4_K M=1 K=2048 N=2048 path=w8a8_m1
ROCKNPU GGML TRACE native_w8_loaded weight=blk.1.attn_output.weight K=2048 N=2048
ROCKNPU GGML TRACE native_w8_loaded weight=blk.1.ffn_gate.weight K=2048 N=5632
ROCKNPU GGML TRACE native_w8_loaded weight=blk.1.ffn_up.weight K=2048 N=5632
ROCKNPU GGML TRACE ffn_pair first=blk.1.ffn_gate.weight second=blk.1.ffn_up.weight M=1 K=2048 N=5632+5632 kinds=4/4 path=m1_pair
ROCKNPU GGML TRACE mul_mat weight=blk.1.ffn_down.weight type=q6_K M=1 K=5632 N=2048 path=w8a8_m1
ROCKNPU GGML TRACE native_w8_loaded weight=blk.1.ffn_down.weight K=5632 N=2048
ROCKNPU GGML TRACE mul_mat weight=blk.2.attn_q.weight type=q4_K M=1 K=2048 N=2048 path=w8a8_m1
ROCKNPU GGML TRACE native_w8_loaded weight=blk.2.attn_q.weight K=2048 N=2048
ROCKNPU GGML TRACE native_w8_loaded weight=blk.2.attn_v.weight K=2048 N=256
ROCKNPU GGML TRACE native_w8_loaded weight=blk.2.attn_k.weight K=2048 N=256
ROCKNPU GGML TRACE vk_pair first=blk.2.attn_v.weight second=blk.2.attn_k.weight K=2048 N=256+256 kinds=4/4
ROCKNPU GGML TRACE mul_mat weight=blk.2.attn_output.weight type=q4_K M=1 K=2048 N=2048 path=w8a8_m1
ROCKNPU GGML TRACE native_w8_loaded weight=blk.2.attn_output.weight K=2048 N=2048
ROCKNPU GGML TRACE native_w8_loaded weight=blk.2.ffn_gate.weight K=2048 N=5632
ROCKNPU GGML TRACE native_w8_loaded weight=blk.2.ffn_up.weight K=2048 N=5632
ROCKNPU GGML TRACE ffn_pair first=blk.2.ffn_gate.weight second=blk.2.ffn_up.weight M=1 K=2048 N=5632+5632 kinds=4/4 path=m1_pair
ROCKNPU GGML TRACE mul_mat weight=blk.2.ffn_down.weight type=q4_K M=1 K=5632 N=2048 path=w8a8_m1
ROCKNPU GGML TRACE native_w8_loaded weight=blk.2.ffn_down.weight K=5632 N=2048
ROCKNPU GGML TRACE mul_mat weight=blk.3.attn_q.weight type=q4_K M=1 K=2048 N=2048 path=w8a8_m1
ROCKNPU GGML TRACE native_w8_loaded weight=blk.3.attn_q.weight K=2048 N=2048
ROCKNPU GGML TRACE native_w8_loaded weight=blk.3.attn_v.weight K=2048 N=256
ROCKNPU GGML TRACE native_w8_loaded weight=blk.3.attn_k.weight K=2048 N=256
ROCKNPU GGML TRACE vk_pair first=blk.3.attn_v.weight second=blk.3.attn_k.weight K=2048 N=256+256 kinds=4/4
ROCKNPU GGML TRACE mul_mat weight=blk.3.attn_output.weight type=q4_K M=1 K=2048 N=2048 path=w8a8_m1
ROCKNPU GGML TRACE native_w8_loaded weight=blk.3.attn_output.weight K=2048 N=2048
ROCKNPU GGML TRACE native_w8_loaded weight=blk.3.ffn_gate.weight K=2048 N=5632
ROCKNPU GGML TRACE native_w8_loaded weight=blk.3.ffn_up.weight K=2048 N=5632
ROCKNPU GGML TRACE ffn_pair first=blk.3.ffn_gate.weight second=blk.3.ffn_up.weight M=1 K=2048 N=5632+5632 kinds=4/4 path=m1_pair
ROCKNPU GGML TRACE mul_mat weight=blk.3.ffn_down.weight type=q4_K M=1 K=5632 N=2048 path=w8a8_m1
ROCKNPU GGML TRACE native_w8_loaded weight=blk.3.ffn_down.weight K=5632 N=2048
ROCKNPU GGML TRACE mul_mat weight=blk.4.attn_q.weight type=q4_K M=1 K=2048 N=2048 path=w8a8_m1
ROCKNPU GGML TRACE native_w8_loaded weight=blk.4.attn_q.weight K=2048 N=2048
ROCKNPU GGML TRACE native_w8_loaded weight=blk.4.attn_v.weight K=2048 N=256
ROCKNPU GGML TRACE native_w8_loaded weight=blk.4.attn_k.weight K=2048 N=256
ROCKNPU GGML TRACE vk_pair first=blk.4.attn_v.weight second=blk.4.attn_k.weight K=2048 N=256+256 kinds=6/4
ROCKNPU GGML TRACE mul_mat weight=blk.4.attn_output.weight type=q4_K M=1 K=2048 N=2048 path=w8a8_m1
ROCKNPU GGML TRACE native_w8_loaded weight=blk.4.attn_output.weight K=2048 N=2048
ROCKNPU GGML TRACE native_w8_loaded weight=blk.4.ffn_gate.weight K=2048 N=5632
ROCKNPU GGML TRACE native_w8_loaded weight=blk.4.ffn_up.weight K=2048 N=5632
ROCKNPU GGML TRACE ffn_pair first=blk.4.ffn_gate.weight second=blk.4.ffn_up.weight M=1 K=2048 N=5632+5632 kinds=4/4 path=m1_pair
ROCKNPU GGML TRACE mul_mat weight=blk.4.ffn_down.weight type=q6_K M=1 K=5632 N=2048 path=w8a8_m1
ROCKNPU GGML TRACE native_w8_loaded weight=blk.4.ffn_down.weight K=5632 N=2048
ROCKNPU GGML TRACE mul_mat weight=blk.5.attn_q.weight type=q4_K M=1 K=2048 N=2048 path=w8a8_m1
ROCKNPU GGML TRACE native_w8_loaded weight=blk.5.attn_q.weight K=2048 N=2048
ROCKNPU GGML TRACE native_w8_loaded weight=blk.5.attn_v.weight K=2048 N=256
ROCKNPU GGML TRACE native_w8_loaded weight=blk.5.attn_k.weight K=2048 N=256
ROCKNPU GGML TRACE vk_pair first=blk.5.attn_v.weight second=blk.5.attn_k.weight K=2048 N=256+256 kinds=4/4
ROCKNPU GGML TRACE mul_mat weight=blk.5.attn_output.weight type=q4_K M=1 K=2048 N=2048 path=w8a8_m1
ROCKNPU GGML TRACE native_w8_loaded weight=blk.5.attn_output.weight K=2048 N=2048
ROCKNPU GGML TRACE native_w8_loaded weight=blk.5.ffn_gate.weight K=2048 N=5632
ROCKNPU GGML TRACE native_w8_loaded weight=blk.5.ffn_up.weight K=2048 N=5632
ROCKNPU GGML TRACE ffn_pair first=blk.5.ffn_gate.weight second=blk.5.ffn_up.weight M=1 K=2048 N=5632+5632 kinds=4/4 path=m1_pair
ROCKNPU GGML TRACE mul_mat weight=blk.5.ffn_down.weight type=q4_K M=1 K=5632 N=2048 path=w8a8_m1
ROCKNPU GGML TRACE native_w8_loaded weight=blk.5.ffn_down.weight K=5632 N=2048
ROCKNPU GGML TRACE mul_mat weight=blk.6.attn_q.weight type=q4_K M=1 K=2048 N=2048 path=w8a8_m1
ROCKNPU GGML TRACE native_w8_loaded weight=blk.6.attn_q.weight K=2048 N=2048
ROCKNPU GGML TRACE native_w8_loaded weight=blk.6.attn_v.weight K=2048 N=256
ROCKNPU GGML TRACE native_w8_loaded weight=blk.6.attn_k.weight K=2048 N=256
ROCKNPU GGML TRACE vk_pair first=blk.6.attn_v.weight second=blk.6.attn_k.weight K=2048 N=256+256 kinds=4/4
ROCKNPU GGML TRACE mul_mat weight=blk.6.attn_output.weight type=q4_K M=1 K=2048 N=2048 path=w8a8_m1
ROCKNPU GGML TRACE native_w8_loaded weight=blk.6.attn_output.weight K=2048 N=2048
ROCKNPU GGML TRACE native_w8_loaded weight=blk.6.ffn_gate.weight K=2048 N=5632
ROCKNPU GGML TRACE native_w8_loaded weight=blk.6.ffn_up.weight K=2048 N=5632
ROCKNPU GGML TRACE ffn_pair first=blk.6.ffn_gate.weight second=blk.6.ffn_up.weight M=1 K=2048 N=5632+5632 kinds=4/4 path=m1_pair
ROCKNPU GGML TRACE mul_mat weight=blk.6.ffn_down.weight type=q4_K M=1 K=5632 N=2048 path=w8a8_m1
ROCKNPU GGML TRACE native_w8_loaded weight=blk.6.ffn_down.weight K=5632 N=2048
ROCKNPU GGML TRACE mul_mat weight=blk.7.attn_q.weight type=q4_K M=1 K=2048 N=2048 path=w8a8_m1
ROCKNPU GGML TRACE native_w8_loaded weight=blk.7.attn_q.weight K=2048 N=2048
ROCKNPU GGML TRACE native_w8_loaded weight=blk.7.attn_v.weight K=2048 N=256
ROCKNPU GGML TRACE native_w8_loaded weight=blk.7.attn_k.weight K=2048 N=256
ROCKNPU GGML TRACE vk_pair first=blk.7.attn_v.weight second=blk.7.attn_k.weight K=2048 N=256+256 kinds=6/4
ROCKNPU GGML TRACE mul_mat weight=blk.7.attn_output.weight type=q4_K M=1 K=2048 N=2048 path=w8a8_m1
ROCKNPU GGML TRACE native_w8_loaded weight=blk.7.attn_output.weight K=2048 N=2048
ROCKNPU GGML TRACE native_w8_loaded weight=blk.7.ffn_gate.weight K=2048 N=5632
ROCKNPU GGML TRACE native_w8_loaded weight=blk.7.ffn_up.weight K=2048 N=5632
ROCKNPU GGML TRACE ffn_pair first=blk.7.ffn_gate.weight second=blk.7.ffn_up.weight M=1 K=2048 N=5632+5632 kinds=4/4 path=m1_pair
ROCKNPU GGML TRACE mul_mat weight=blk.7.ffn_down.weight type=q6_K M=1 K=5632 N=2048 path=w8a8_m1
ROCKNPU GGML TRACE native_w8_loaded weight=blk.7.ffn_down.weight K=5632 N=2048
ROCKNPU GGML TRACE mul_mat weight=blk.8.attn_q.weight type=q4_K M=1 K=2048 N=2048 path=w8a8_m1
ROCKNPU GGML TRACE native_w8_loaded weight=blk.8.attn_q.weight K=2048 N=2048
ROCKNPU GGML TRACE native_w8_loaded weight=blk.8.attn_v.weight K=2048 N=256
ROCKNPU GGML TRACE native_w8_loaded weight=blk.8.attn_k.weight K=2048 N=256
ROCKNPU GGML TRACE vk_pair first=blk.8.attn_v.weight second=blk.8.attn_k.weight K=2048 N=256+256 kinds=6/4
ROCKNPU GGML TRACE mul_mat weight=blk.8.attn_output.weight type=q4_K M=1 K=2048 N=2048 path=w8a8_m1
ROCKNPU GGML TRACE native_w8_loaded weight=blk.8.attn_output.weight K=2048 N=2048
ROCKNPU GGML TRACE native_w8_loaded weight=blk.8.ffn_gate.weight K=2048 N=5632
ROCKNPU GGML TRACE native_w8_loaded weight=blk.8.ffn_up.weight K=2048 N=5632
ROCKNPU GGML TRACE ffn_pair first=blk.8.ffn_gate.weight second=blk.8.ffn_up.weight M=1 K=2048 N=5632+5632 kinds=4/4 path=m1_pair
ROCKNPU GGML TRACE mul_mat weight=blk.8.ffn_down.weight type=q6_K M=1 K=5632 N=2048 path=w8a8_m1
ROCKNPU GGML TRACE native_w8_loaded weight=blk.8.ffn_down.weight K=5632 N=2048
ROCKNPU GGML TRACE mul_mat weight=blk.9.attn_q.weight type=q4_K M=1 K=2048 N=2048 path=w8a8_m1
ROCKNPU GGML TRACE native_w8_loaded weight=blk.9.attn_q.weight K=2048 N=2048
ROCKNPU GGML TRACE native_w8_loaded weight=blk.9.attn_v.weight K=2048 N=256
ROCKNPU GGML TRACE native_w8_loaded weight=blk.9.attn_k.weight K=2048 N=256
ROCKNPU GGML TRACE vk_pair first=blk.9.attn_v.weight second=blk.9.attn_k.weight K=2048 N=256+256 kinds=6/4
ROCKNPU GGML TRACE mul_mat weight=blk.9.attn_output.weight type=q4_K M=1 K=2048 N=2048 path=w8a8_m1
ROCKNPU GGML TRACE native_w8_loaded weight=blk.9.attn_output.weight K=2048 N=2048
ROCKNPU GGML TRACE native_w8_loaded weight=blk.9.ffn_gate.weight K=2048 N=5632
ROCKNPU GGML TRACE native_w8_loaded weight=blk.9.ffn_up.weight K=2048 N=5632
ROCKNPU GGML TRACE ffn_pair first=blk.9.ffn_gate.weight second=blk.9.ffn_up.weight M=1 K=2048 N=5632+5632 kinds=4/4 path=m1_pair
ROCKNPU GGML TRACE mul_mat weight=blk.9.ffn_down.weight type=q6_K M=1 K=5632 N=2048 path=w8a8_m1
ROCKNPU GGML TRACE native_w8_loaded weight=blk.9.ffn_down.weight K=5632 N=2048
ROCKNPU GGML TRACE mul_mat weight=blk.10.attn_q.weight type=q4_K M=1 K=2048 N=2048 path=w8a8_m1
ROCKNPU GGML TRACE native_w8_loaded weight=blk.10.attn_q.weight K=2048 N=2048
ROCKNPU GGML TRACE native_w8_loaded weight=blk.10.attn_v.weight K=2048 N=256
ROCKNPU GGML TRACE native_w8_loaded weight=blk.10.attn_k.weight K=2048 N=256
ROCKNPU GGML TRACE vk_pair first=blk.10.attn_v.weight second=blk.10.attn_k.weight K=2048 N=256+256 kinds=4/4
ROCKNPU GGML TRACE mul_mat weight=blk.10.attn_output.weight type=q4_K M=1 K=2048 N=2048 path=w8a8_m1
ROCKNPU GGML TRACE native_w8_loaded weight=blk.10.attn_output.weight K=2048 N=2048
ROCKNPU GGML TRACE native_w8_loaded weight=blk.10.ffn_gate.weight K=2048 N=5632
ROCKNPU GGML TRACE native_w8_loaded weight=blk.10.ffn_up.weight K=2048 N=5632
ROCKNPU GGML TRACE ffn_pair first=blk.10.ffn_gate.weight second=blk.10.ffn_up.weight M=1 K=2048 N=5632+5632 kinds=4/4 path=m1_pair
ROCKNPU GGML TRACE mul_mat weight=blk.10.ffn_down.weight type=q4_K M=1 K=5632 N=2048 path=w8a8_m1
ROCKNPU GGML TRACE native_w8_loaded weight=blk.10.ffn_down.weight K=5632 N=2048
ROCKNPU GGML TRACE mul_mat weight=blk.11.attn_q.weight type=q4_K M=1 K=2048 N=2048 path=w8a8_m1
ROCKNPU GGML TRACE native_w8_loaded weight=blk.11.attn_q.weight K=2048 N=2048
ROCKNPU GGML TRACE native_w8_loaded weight=blk.11.attn_v.weight K=2048 N=256
ROCKNPU GGML TRACE native_w8_loaded weight=blk.11.attn_k.weight K=2048 N=256
ROCKNPU GGML TRACE vk_pair first=blk.11.attn_v.weight second=blk.11.attn_k.weight K=2048 N=256+256 kinds=4/4
ROCKNPU GGML TRACE mul_mat weight=blk.11.attn_output.weight type=q4_K M=1 K=2048 N=2048 path=w8a8_m1
ROCKNPU GGML TRACE native_w8_loaded weight=blk.11.attn_output.weight K=2048 N=2048
ROCKNPU GGML TRACE native_w8_loaded weight=blk.11.ffn_gate.weight K=2048 N=5632
ROCKNPU GGML TRACE native_w8_loaded weight=blk.11.ffn_up.weight K=2048 N=5632
ROCKNPU GGML TRACE ffn_pair first=blk.11.ffn_gate.weight second=blk.11.ffn_up.weight M=1 K=2048 N=5632+5632 kinds=4/4 path=m1_pair
ROCKNPU GGML TRACE mul_mat weight=blk.11.ffn_down.weight type=q4_K M=1 K=5632 N=2048 path=w8a8_m1
ROCKNPU GGML TRACE native_w8_loaded weight=blk.11.ffn_down.weight K=5632 N=2048
ROCKNPU GGML TRACE mul_mat weight=blk.12.attn_q.weight type=q4_K M=1 K=2048 N=2048 path=w8a8_m1
ROCKNPU GGML TRACE native_w8_loaded weight=blk.12.attn_q.weight K=2048 N=2048
ROCKNPU GGML TRACE native_w8_loaded weight=blk.12.attn_v.weight K=2048 N=256
ROCKNPU GGML TRACE native_w8_loaded weight=blk.12.attn_k.weight K=2048 N=256
ROCKNPU GGML TRACE vk_pair first=blk.12.attn_v.weight second=blk.12.attn_k.weight K=2048 N=256+256 kinds=6/4
ROCKNPU GGML TRACE mul_mat weight=blk.12.attn_output.weight type=q4_K M=1 K=2048 N=2048 path=w8a8_m1
ROCKNPU GGML TRACE native_w8_loaded weight=blk.12.attn_output.weight K=2048 N=2048
ROCKNPU GGML TRACE native_w8_loaded weight=blk.12.ffn_gate.weight K=2048 N=5632
ROCKNPU GGML TRACE native_w8_loaded weight=blk.12.ffn_up.weight K=2048 N=5632
ROCKNPU GGML TRACE ffn_pair first=blk.12.ffn_gate.weight second=blk.12.ffn_up.weight M=1 K=2048 N=5632+5632 kinds=4/4 path=m1_pair
ROCKNPU GGML TRACE mul_mat weight=blk.12.ffn_down.weight type=q6_K M=1 K=5632 N=2048 path=w8a8_m1
ROCKNPU GGML TRACE native_w8_loaded weight=blk.12.ffn_down.weight K=5632 N=2048
ROCKNPU GGML TRACE mul_mat weight=blk.13.attn_q.weight type=q4_K M=1 K=2048 N=2048 path=w8a8_m1
ROCKNPU GGML TRACE native_w8_loaded weight=blk.13.attn_q.weight K=2048 N=2048
ROCKNPU GGML TRACE native_w8_loaded weight=blk.13.attn_v.weight K=2048 N=256
ROCKNPU GGML TRACE native_w8_loaded weight=blk.13.attn_k.weight K=2048 N=256
ROCKNPU GGML TRACE vk_pair first=blk.13.attn_v.weight second=blk.13.attn_k.weight K=2048 N=256+256 kinds=4/4
ROCKNPU GGML TRACE mul_mat weight=blk.13.attn_output.weight type=q4_K M=1 K=2048 N=2048 path=w8a8_m1
ROCKNPU GGML TRACE native_w8_loaded weight=blk.13.attn_output.weight K=2048 N=2048
ROCKNPU GGML TRACE native_w8_loaded weight=blk.13.ffn_gate.weight K=2048 N=5632
ROCKNPU GGML TRACE native_w8_loaded weight=blk.13.ffn_up.weight K=2048 N=5632
ROCKNPU GGML TRACE ffn_pair first=blk.13.ffn_gate.weight second=blk.13.ffn_up.weight M=1 K=2048 N=5632+5632 kinds=4/4 path=m1_pair
ROCKNPU GGML TRACE mul_mat weight=blk.13.ffn_down.weight type=q4_K M=1 K=5632 N=2048 path=w8a8_m1
ROCKNPU GGML TRACE native_w8_loaded weight=blk.13.ffn_down.weight K=5632 N=2048
ROCKNPU GGML TRACE mul_mat weight=blk.14.attn_q.weight type=q4_K M=1 K=2048 N=2048 path=w8a8_m1
ROCKNPU GGML TRACE native_w8_loaded weight=blk.14.attn_q.weight K=2048 N=2048
ROCKNPU GGML TRACE native_w8_loaded weight=blk.14.attn_v.weight K=2048 N=256
ROCKNPU GGML TRACE native_w8_loaded weight=blk.14.attn_k.weight K=2048 N=256
ROCKNPU GGML TRACE vk_pair first=blk.14.attn_v.weight second=blk.14.attn_k.weight K=2048 N=256+256 kinds=4/4
ROCKNPU GGML TRACE mul_mat weight=blk.14.attn_output.weight type=q4_K M=1 K=2048 N=2048 path=w8a8_m1
ROCKNPU GGML TRACE native_w8_loaded weight=blk.14.attn_output.weight K=2048 N=2048
ROCKNPU GGML TRACE native_w8_loaded weight=blk.14.ffn_gate.weight K=2048 N=5632
ROCKNPU GGML TRACE native_w8_loaded weight=blk.14.ffn_up.weight K=2048 N=5632
ROCKNPU GGML TRACE ffn_pair first=blk.14.ffn_gate.weight second=blk.14.ffn_up.weight M=1 K=2048 N=5632+5632 kinds=4/4 path=m1_pair
ROCKNPU GGML TRACE mul_mat weight=blk.14.ffn_down.weight type=q4_K M=1 K=5632 N=2048 path=w8a8_m1
ROCKNPU GGML TRACE native_w8_loaded weight=blk.14.ffn_down.weight K=5632 N=2048
ROCKNPU GGML TRACE mul_mat weight=blk.15.attn_q.weight type=q4_K M=1 K=2048 N=2048 path=w8a8_m1
ROCKNPU GGML TRACE native_w8_loaded weight=blk.15.attn_q.weight K=2048 N=2048
ROCKNPU GGML TRACE native_w8_loaded weight=blk.15.attn_v.weight K=2048 N=256
ROCKNPU GGML TRACE native_w8_loaded weight=blk.15.attn_k.weight K=2048 N=256
ROCKNPU GGML TRACE vk_pair first=blk.15.attn_v.weight second=blk.15.attn_k.weight K=2048 N=256+256 kinds=6/4
ROCKNPU GGML TRACE mul_mat weight=blk.15.attn_output.weight type=q4_K M=1 K=2048 N=2048 path=w8a8_m1
ROCKNPU GGML TRACE native_w8_loaded weight=blk.15.attn_output.weight K=2048 N=2048
ROCKNPU GGML TRACE native_w8_loaded weight=blk.15.ffn_gate.weight K=2048 N=5632
ROCKNPU GGML TRACE native_w8_loaded weight=blk.15.ffn_up.weight K=2048 N=5632
ROCKNPU GGML TRACE ffn_pair first=blk.15.ffn_gate.weight second=blk.15.ffn_up.weight M=1 K=2048 N=5632+5632 kinds=4/4 path=m1_pair
ROCKNPU GGML TRACE mul_mat weight=blk.15.ffn_down.weight type=q6_K M=1 K=5632 N=2048 path=w8a8_m1
ROCKNPU GGML TRACE native_w8_loaded weight=blk.15.ffn_down.weight K=5632 N=2048
ROCKNPU GGML TRACE mul_mat weight=blk.16.attn_q.weight type=q4_K M=1 K=2048 N=2048 path=w8a8_m1
ROCKNPU GGML TRACE native_w8_loaded weight=blk.16.attn_q.weight K=2048 N=2048
ROCKNPU GGML TRACE native_w8_loaded weight=blk.16.attn_v.weight K=2048 N=256
ROCKNPU GGML TRACE native_w8_loaded weight=blk.16.attn_k.weight K=2048 N=256
ROCKNPU GGML TRACE vk_pair first=blk.16.attn_v.weight second=blk.16.attn_k.weight K=2048 N=256+256 kinds=4/4
ROCKNPU GGML TRACE mul_mat weight=blk.16.attn_output.weight type=q4_K M=1 K=2048 N=2048 path=w8a8_m1
ROCKNPU GGML TRACE native_w8_loaded weight=blk.16.attn_output.weight K=2048 N=2048
ROCKNPU GGML TRACE native_w8_loaded weight=blk.16.ffn_gate.weight K=2048 N=5632
ROCKNPU GGML TRACE native_w8_loaded weight=blk.16.ffn_up.weight K=2048 N=5632
ROCKNPU GGML TRACE ffn_pair first=blk.16.ffn_gate.weight second=blk.16.ffn_up.weight M=1 K=2048 N=5632+5632 kinds=4/4 path=m1_pair
ROCKNPU GGML TRACE mul_mat weight=blk.16.ffn_down.weight type=q4_K M=1 K=5632 N=2048 path=w8a8_m1
ROCKNPU GGML TRACE native_w8_loaded weight=blk.16.ffn_down.weight K=5632 N=2048
ROCKNPU GGML TRACE mul_mat weight=blk.17.attn_q.weight type=q4_K M=1 K=2048 N=2048 path=w8a8_m1
ROCKNPU GGML TRACE native_w8_loaded weight=blk.17.attn_q.weight K=2048 N=2048
ROCKNPU GGML TRACE native_w8_loaded weight=blk.17.attn_v.weight K=2048 N=256
ROCKNPU GGML TRACE native_w8_loaded weight=blk.17.attn_k.weight K=2048 N=256
ROCKNPU GGML TRACE vk_pair first=blk.17.attn_v.weight second=blk.17.attn_k.weight K=2048 N=256+256 kinds=4/4
ROCKNPU GGML TRACE mul_mat weight=blk.17.attn_output.weight type=q4_K M=1 K=2048 N=2048 path=w8a8_m1
ROCKNPU GGML TRACE native_w8_loaded weight=blk.17.attn_output.weight K=2048 N=2048
ROCKNPU GGML TRACE native_w8_loaded weight=blk.17.ffn_gate.weight K=2048 N=5632
ROCKNPU GGML TRACE native_w8_loaded weight=blk.17.ffn_up.weight K=2048 N=5632
ROCKNPU GGML TRACE ffn_pair first=blk.17.ffn_gate.weight second=blk.17.ffn_up.weight M=1 K=2048 N=5632+5632 kinds=4/4 path=m1_pair
ROCKNPU GGML TRACE mul_mat weight=blk.17.ffn_down.weight type=q4_K M=1 K=5632 N=2048 path=w8a8_m1
ROCKNPU GGML TRACE native_w8_loaded weight=blk.17.ffn_down.weight K=5632 N=2048
ROCKNPU GGML TRACE mul_mat weight=blk.18.attn_q.weight type=q4_K M=1 K=2048 N=2048 path=w8a8_m1
ROCKNPU GGML TRACE native_w8_loaded weight=blk.18.attn_q.weight K=2048 N=2048
ROCKNPU GGML TRACE native_w8_loaded weight=blk.18.attn_v.weight K=2048 N=256
ROCKNPU GGML TRACE native_w8_loaded weight=blk.18.attn_k.weight K=2048 N=256
ROCKNPU GGML TRACE vk_pair first=blk.18.attn_v.weight second=blk.18.attn_k.weight K=2048 N=256+256 kinds=6/4
ROCKNPU GGML TRACE mul_mat weight=blk.18.attn_output.weight type=q4_K M=1 K=2048 N=2048 path=w8a8_m1
ROCKNPU GGML TRACE native_w8_loaded weight=blk.18.attn_output.weight K=2048 N=2048
ROCKNPU GGML TRACE native_w8_loaded weight=blk.18.ffn_gate.weight K=2048 N=5632
ROCKNPU GGML TRACE native_w8_loaded weight=blk.18.ffn_up.weight K=2048 N=5632
ROCKNPU GGML TRACE ffn_pair first=blk.18.ffn_gate.weight second=blk.18.ffn_up.weight M=1 K=2048 N=5632+5632 kinds=4/4 path=m1_pair
ROCKNPU GGML TRACE mul_mat weight=blk.18.ffn_down.weight type=q6_K M=1 K=5632 N=2048 path=w8a8_m1
ROCKNPU GGML TRACE native_w8_loaded weight=blk.18.ffn_down.weight K=5632 N=2048
ROCKNPU GGML TRACE mul_mat weight=blk.19.attn_q.weight type=q4_K M=1 K=2048 N=2048 path=w8a8_m1
ROCKNPU GGML TRACE native_w8_loaded weight=blk.19.attn_q.weight K=2048 N=2048
ROCKNPU GGML TRACE native_w8_loaded weight=blk.19.attn_v.weight K=2048 N=256
ROCKNPU GGML TRACE native_w8_loaded weight=blk.19.attn_k.weight K=2048 N=256
ROCKNPU GGML TRACE vk_pair first=blk.19.attn_v.weight second=blk.19.attn_k.weight K=2048 N=256+256 kinds=4/4
ROCKNPU GGML TRACE mul_mat weight=blk.19.attn_output.weight type=q4_K M=1 K=2048 N=2048 path=w8a8_m1
ROCKNPU GGML TRACE native_w8_loaded weight=blk.19.attn_output.weight K=2048 N=2048
ROCKNPU GGML TRACE native_w8_loaded weight=blk.19.ffn_gate.weight K=2048 N=5632
ROCKNPU GGML TRACE native_w8_loaded weight=blk.19.ffn_up.weight K=2048 N=5632
ROCKNPU GGML TRACE ffn_pair first=blk.19.ffn_gate.weight second=blk.19.ffn_up.weight M=1 K=2048 N=5632+5632 kinds=4/4 path=m1_pair
ROCKNPU GGML TRACE mul_mat weight=blk.19.ffn_down.weight type=q4_K M=1 K=5632 N=2048 path=w8a8_m1
ROCKNPU GGML TRACE native_w8_loaded weight=blk.19.ffn_down.weight K=5632 N=2048
ROCKNPU GGML TRACE mul_mat weight=blk.20.attn_q.weight type=q4_K M=1 K=2048 N=2048 path=w8a8_m1
ROCKNPU GGML TRACE native_w8_loaded weight=blk.20.attn_q.weight K=2048 N=2048
ROCKNPU GGML TRACE native_w8_loaded weight=blk.20.attn_v.weight K=2048 N=256
ROCKNPU GGML TRACE native_w8_loaded weight=blk.20.attn_k.weight K=2048 N=256
ROCKNPU GGML TRACE vk_pair first=blk.20.attn_v.weight second=blk.20.attn_k.weight K=2048 N=256+256 kinds=6/4
ROCKNPU GGML TRACE mul_mat weight=blk.20.attn_output.weight type=q4_K M=1 K=2048 N=2048 path=w8a8_m1
ROCKNPU GGML TRACE native_w8_loaded weight=blk.20.attn_output.weight K=2048 N=2048
ROCKNPU GGML TRACE native_w8_loaded weight=blk.20.ffn_gate.weight K=2048 N=5632
ROCKNPU GGML TRACE native_w8_loaded weight=blk.20.ffn_up.weight K=2048 N=5632
ROCKNPU GGML TRACE ffn_pair first=blk.20.ffn_gate.weight second=blk.20.ffn_up.weight M=1 K=2048 N=5632+5632 kinds=4/4 path=m1_pair
ROCKNPU GGML TRACE mul_mat weight=blk.20.ffn_down.weight type=q6_K M=1 K=5632 N=2048 path=w8a8_m1
ROCKNPU GGML TRACE native_w8_loaded weight=blk.20.ffn_down.weight K=5632 N=2048
ROCKNPU GGML TRACE mul_mat weight=blk.21.attn_q.weight type=q4_K M=1 K=2048 N=2048 path=w8a8_m1
ROCKNPU GGML TRACE native_w8_loaded weight=blk.21.attn_q.weight K=2048 N=2048
ROCKNPU GGML TRACE native_w8_loaded weight=blk.21.attn_v.weight K=2048 N=256
ROCKNPU GGML TRACE native_w8_loaded weight=blk.21.attn_k.weight K=2048 N=256
ROCKNPU GGML TRACE vk_pair first=blk.21.attn_v.weight second=blk.21.attn_k.weight K=2048 N=256+256 kinds=4/4
ROCKNPU GGML TRACE mul_mat weight=blk.21.attn_output.weight type=q4_K M=1 K=2048 N=2048 path=w8a8_m1
ROCKNPU GGML TRACE native_w8_loaded weight=blk.21.attn_output.weight K=2048 N=2048
ROCKNPU GGML TRACE ffn_pair first=blk.21.ffn_gate.weight second=blk.21.ffn_up.weight M=1 K=2048 N=5632+5632 kinds=4/4 path=m1_pair
ROCKNPU GGML TRACE mul_mat weight=blk.21.ffn_down.weight type=q4_K M=1 K=5632 N=2048 path=w8a8_m1
ROCKNPU GGML TRACE mul_mat weight=blk.0.attn_q.weight type=q4_K M=1 K=2048 N=2048 path=w8a8_m1
ROCKNPU GGML TRACE vk_pair first=blk.0.attn_v.weight second=blk.0.attn_k.weight K=2048 N=256+256 kinds=6/4
ROCKNPU GGML TRACE mul_mat weight=blk.0.attn_output.weight type=q4_K M=1 K=2048 N=2048 path=w8a8_m1
ROCKNPU GGML TRACE ffn_pair first=blk.0.ffn_gate.weight second=blk.0.ffn_up.weight M=1 K=2048 N=5632+5632 kinds=4/4 path=m1_pair
ROCKNPU GGML TRACE mul_mat weight=blk.0.ffn_down.weight type=q6_K M=1 K=5632 N=2048 path=w8a8_m1
ROCKNPU GGML TRACE mul_mat weight=blk.1.attn_q.weight type=q4_K M=1 K=2048 N=2048 path=w8a8_m1
ROCKNPU GGML TRACE vk_pair first=blk.1.attn_v.weight second=blk.1.attn_k.weight K=2048 N=256+256 kinds=6/4
ROCKNPU GGML TRACE mul_mat weight=blk.1.attn_output.weight type=q4_K M=1 K=2048 N=2048 path=w8a8_m1
ROCKNPU GGML TRACE ffn_pair first=blk.1.ffn_gate.weight second=blk.1.ffn_up.weight M=1 K=2048 N=5632+5632 kinds=4/4 path=m1_pair
ROCKNPU GGML TRACE mul_mat weight=blk.1.ffn_down.weight type=q6_K M=1 K=5632 N=2048 path=w8a8_m1
ROCKNPU GGML TRACE mul_mat weight=blk.2.attn_q.weight type=q4_K M=1 K=2048 N=2048 path=w8a8_m1
ROCKNPU GGML TRACE vk_pair first=blk.2.attn_v.weight second=blk.2.attn_k.weight K=2048 N=256+256 kinds=4/4
ROCKNPU GGML TRACE mul_mat weight=blk.2.attn_output.weight type=q4_K M=1 K=2048 N=2048 path=w8a8_m1
ROCKNPU GGML TRACE ffn_pair first=blk.2.ffn_gate.weight second=blk.2.ffn_up.weight M=1 K=2048 N=5632+5632 kinds=4/4 path=m1_pair
ROCKNPU GGML TRACE mul_mat weight=blk.2.ffn_down.weight type=q4_K M=1 K=5632 N=2048 path=w8a8_m1
ROCKNPU GGML TRACE mul_mat weight=blk.3.attn_q.weight type=q4_K M=1 K=2048 N=2048 path=w8a8_m1
ROCKNPU GGML TRACE vk_pair first=blk.3.attn_v.weight second=blk.3.attn_k.weight K=2048 N=256+256 kinds=4/4
ROCKNPU GGML TRACE mul_mat weight=blk.3.attn_output.weight type=q4_K M=1 K=2048 N=2048 path=w8a8_m1
ROCKNPU GGML TRACE ffn_pair first=blk.3.ffn_gate.weight second=blk.3.ffn_up.weight M=1 K=2048 N=5632+5632 kinds=4/4 path=m1_pair
ROCKNPU GGML TRACE mul_mat weight=blk.3.ffn_down.weight type=q4_K M=1 K=5632 N=2048 path=w8a8_m1
ROCKNPU GGML TRACE mul_mat weight=blk.4.attn_q.weight type=q4_K M=1 K=2048 N=2048 path=w8a8_m1
ROCKNPU GGML TRACE vk_pair first=blk.4.attn_v.weight second=blk.4.attn_k.weight K=2048 N=256+256 kinds=6/4
ROCKNPU GGML TRACE mul_mat weight=blk.4.attn_output.weight type=q4_K M=1 K=2048 N=2048 path=w8a8_m1
ROCKNPU GGML TRACE ffn_pair first=blk.4.ffn_gate.weight second=blk.4.ffn_up.weight M=1 K=2048 N=5632+5632 kinds=4/4 path=m1_pair
ROCKNPU GGML TRACE mul_mat weight=blk.4.ffn_down.weight type=q6_K M=1 K=5632 N=2048 path=w8a8_m1
ROCKNPU GGML TRACE mul_mat weight=blk.5.attn_q.weight type=q4_K M=1 K=2048 N=2048 path=w8a8_m1
ROCKNPU GGML TRACE vk_pair first=blk.5.attn_v.weight second=blk.5.attn_k.weight K=2048 N=256+256 kinds=4/4
ROCKNPU GGML TRACE mul_mat weight=blk.5.attn_output.weight type=q4_K M=1 K=2048 N=2048 path=w8a8_m1
ROCKNPU GGML TRACE ffn_pair first=blk.5.ffn_gate.weight second=blk.5.ffn_up.weight M=1 K=2048 N=5632+5632 kinds=4/4 path=m1_pair
ROCKNPU GGML TRACE mul_mat weight=blk.5.ffn_down.weight type=q4_K M=1 K=5632 N=2048 path=w8a8_m1
ROCKNPU GGML TRACE mul_mat weight=blk.6.attn_q.weight type=q4_K M=1 K=2048 N=2048 path=w8a8_m1
ROCKNPU GGML TRACE vk_pair first=blk.6.attn_v.weight second=blk.6.attn_k.weight K=2048 N=256+256 kinds=4/4
ROCKNPU GGML TRACE mul_mat weight=blk.6.attn_output.weight type=q4_K M=1 K=2048 N=2048 path=w8a8_m1
ROCKNPU GGML TRACE ffn_pair first=blk.6.ffn_gate.weight second=blk.6.ffn_up.weight M=1 K=2048 N=5632+5632 kinds=4/4 path=m1_pair
ROCKNPU GGML TRACE mul_mat weight=blk.6.ffn_down.weight type=q4_K M=1 K=5632 N=2048 path=w8a8_m1
ROCKNPU GGML TRACE mul_mat weight=blk.7.attn_q.weight type=q4_K M=1 K=2048 N=2048 path=w8a8_m1
ROCKNPU GGML TRACE vk_pair first=blk.7.attn_v.weight second=blk.7.attn_k.weight K=2048 N=256+256 kinds=6/4
ROCKNPU GGML TRACE mul_mat weight=blk.7.attn_output.weight type=q4_K M=1 K=2048 N=2048 path=w8a8_m1
ROCKNPU GGML TRACE ffn_pair first=blk.7.ffn_gate.weight second=blk.7.ffn_up.weight M=1 K=2048 N=5632+5632 kinds=4/4 path=m1_pair
ROCKNPU GGML TRACE mul_mat weight=blk.7.ffn_down.weight type=q6_K M=1 K=5632 N=2048 path=w8a8_m1
ROCKNPU GGML TRACE mul_mat weight=blk.8.attn_q.weight type=q4_K M=1 K=2048 N=2048 path=w8a8_m1
ROCKNPU GGML TRACE vk_pair first=blk.8.attn_v.weight second=blk.8.attn_k.weight K=2048 N=256+256 kinds=6/4
ROCKNPU GGML TRACE mul_mat weight=blk.8.attn_output.weight type=q4_K M=1 K=2048 N=2048 path=w8a8_m1
ROCKNPU GGML TRACE ffn_pair first=blk.8.ffn_gate.weight second=blk.8.ffn_up.weight M=1 K=2048 N=5632+5632 kinds=4/4 path=m1_pair
ROCKNPU GGML TRACE mul_mat weight=blk.8.ffn_down.weight type=q6_K M=1 K=5632 N=2048 path=w8a8_m1
ROCKNPU GGML TRACE mul_mat weight=blk.9.attn_q.weight type=q4_K M=1 K=2048 N=2048 path=w8a8_m1
ROCKNPU GGML TRACE vk_pair first=blk.9.attn_v.weight second=blk.9.attn_k.weight K=2048 N=256+256 kinds=6/4
ROCKNPU GGML TRACE mul_mat weight=blk.9.attn_output.weight type=q4_K M=1 K=2048 N=2048 path=w8a8_m1
ROCKNPU GGML TRACE ffn_pair first=blk.9.ffn_gate.weight second=blk.9.ffn_up.weight M=1 K=2048 N=5632+5632 kinds=4/4 path=m1_pair
ROCKNPU GGML TRACE mul_mat weight=blk.9.ffn_down.weight type=q6_K M=1 K=5632 N=2048 path=w8a8_m1
ROCKNPU GGML TRACE mul_mat weight=blk.10.attn_q.weight type=q4_K M=1 K=2048 N=2048 path=w8a8_m1
ROCKNPU GGML TRACE vk_pair first=blk.10.attn_v.weight second=blk.10.attn_k.weight K=2048 N=256+256 kinds=4/4
ROCKNPU GGML TRACE mul_mat weight=blk.10.attn_output.weight type=q4_K M=1 K=2048 N=2048 path=w8a8_m1
ROCKNPU GGML TRACE ffn_pair first=blk.10.ffn_gate.weight second=blk.10.ffn_up.weight M=1 K=2048 N=5632+5632 kinds=4/4 path=m1_pair
ROCKNPU GGML TRACE mul_mat weight=blk.10.ffn_down.weight type=q4_K M=1 K=5632 N=2048 path=w8a8_m1
ROCKNPU GGML TRACE mul_mat weight=blk.11.attn_q.weight type=q4_K M=1 K=2048 N=2048 path=w8a8_m1
ROCKNPU GGML TRACE vk_pair first=blk.11.attn_v.weight second=blk.11.attn_k.weight K=2048 N=256+256 kinds=4/4
ROCKNPU GGML TRACE mul_mat weight=blk.11.attn_output.weight type=q4_K M=1 K=2048 N=2048 path=w8a8_m1
ROCKNPU GGML TRACE ffn_pair first=blk.11.ffn_gate.weight second=blk.11.ffn_up.weight M=1 K=2048 N=5632+5632 kinds=4/4 path=m1_pair
ROCKNPU GGML TRACE mul_mat weight=blk.11.ffn_down.weight type=q4_K M=1 K=5632 N=2048 path=w8a8_m1
ROCKNPU GGML TRACE mul_mat weight=blk.12.attn_q.weight type=q4_K M=1 K=2048 N=2048 path=w8a8_m1
ROCKNPU GGML TRACE vk_pair first=blk.12.attn_v.weight second=blk.12.attn_k.weight K=2048 N=256+256 kinds=6/4
ROCKNPU GGML TRACE mul_mat weight=blk.12.attn_output.weight type=q4_K M=1 K=2048 N=2048 path=w8a8_m1
ROCKNPU GGML TRACE ffn_pair first=blk.12.ffn_gate.weight second=blk.12.ffn_up.weight M=1 K=2048 N=5632+5632 kinds=4/4 path=m1_pair
ROCKNPU GGML TRACE mul_mat weight=blk.12.ffn_down.weight type=q6_K M=1 K=5632 N=2048 path=w8a8_m1
ROCKNPU GGML TRACE mul_mat weight=blk.13.attn_q.weight type=q4_K M=1 K=2048 N=2048 path=w8a8_m1
ROCKNPU GGML TRACE vk_pair first=blk.13.attn_v.weight second=blk.13.attn_k.weight K=2048 N=256+256 kinds=4/4
ROCKNPU GGML TRACE mul_mat weight=blk.13.attn_output.weight type=q4_K M=1 K=2048 N=2048 path=w8a8_m1
ROCKNPU GGML TRACE ffn_pair first=blk.13.ffn_gate.weight second=blk.13.ffn_up.weight M=1 K=2048 N=5632+5632 kinds=4/4 path=m1_pair
ROCKNPU GGML TRACE mul_mat weight=blk.13.ffn_down.weight type=q4_K M=1 K=5632 N=2048 path=w8a8_m1
ROCKNPU GGML TRACE mul_mat weight=blk.14.attn_q.weight type=q4_K M=1 K=2048 N=2048 path=w8a8_m1
ROCKNPU GGML TRACE vk_pair first=blk.14.attn_v.weight second=blk.14.attn_k.weight K=2048 N=256+256 kinds=4/4
ROCKNPU GGML TRACE mul_mat weight=blk.14.attn_output.weight type=q4_K M=1 K=2048 N=2048 path=w8a8_m1
ROCKNPU GGML TRACE ffn_pair first=blk.14.ffn_gate.weight second=blk.14.ffn_up.weight M=1 K=2048 N=5632+5632 kinds=4/4 path=m1_pair
ROCKNPU GGML TRACE mul_mat weight=blk.14.ffn_down.weight type=q4_K M=1 K=5632 N=2048 path=w8a8_m1
ROCKNPU GGML TRACE mul_mat weight=blk.15.attn_q.weight type=q4_K M=1 K=2048 N=2048 path=w8a8_m1
ROCKNPU GGML TRACE vk_pair first=blk.15.attn_v.weight second=blk.15.attn_k.weight K=2048 N=256+256 kinds=6/4
ROCKNPU GGML TRACE mul_mat weight=blk.15.attn_output.weight type=q4_K M=1 K=2048 N=2048 path=w8a8_m1
ROCKNPU GGML TRACE ffn_pair first=blk.15.ffn_gate.weight second=blk.15.ffn_up.weight M=1 K=2048 N=5632+5632 kinds=4/4 path=m1_pair
ROCKNPU GGML TRACE mul_mat weight=blk.15.ffn_down.weight type=q6_K M=1 K=5632 N=2048 path=w8a8_m1
ROCKNPU GGML TRACE mul_mat weight=blk.16.attn_q.weight type=q4_K M=1 K=2048 N=2048 path=w8a8_m1
ROCKNPU GGML TRACE vk_pair first=blk.16.attn_v.weight second=blk.16.attn_k.weight K=2048 N=256+256 kinds=4/4
ROCKNPU GGML TRACE mul_mat weight=blk.16.attn_output.weight type=q4_K M=1 K=2048 N=2048 path=w8a8_m1
ROCKNPU GGML TRACE ffn_pair first=blk.16.ffn_gate.weight second=blk.16.ffn_up.weight M=1 K=2048 N=5632+5632 kinds=4/4 path=m1_pair
ROCKNPU GGML TRACE mul_mat weight=blk.16.ffn_down.weight type=q4_K M=1 K=5632 N=2048 path=w8a8_m1
ROCKNPU GGML TRACE mul_mat weight=blk.17.attn_q.weight type=q4_K M=1 K=2048 N=2048 path=w8a8_m1
ROCKNPU GGML TRACE vk_pair first=blk.17.attn_v.weight second=blk.17.attn_k.weight K=2048 N=256+256 kinds=4/4
ROCKNPU GGML TRACE mul_mat weight=blk.17.attn_output.weight type=q4_K M=1 K=2048 N=2048 path=w8a8_m1
ROCKNPU GGML TRACE ffn_pair first=blk.17.ffn_gate.weight second=blk.17.ffn_up.weight M=1 K=2048 N=5632+5632 kinds=4/4 path=m1_pair
ROCKNPU GGML TRACE mul_mat weight=blk.17.ffn_down.weight type=q4_K M=1 K=5632 N=2048 path=w8a8_m1
ROCKNPU GGML TRACE mul_mat weight=blk.18.attn_q.weight type=q4_K M=1 K=2048 N=2048 path=w8a8_m1
ROCKNPU GGML TRACE vk_pair first=blk.18.attn_v.weight second=blk.18.attn_k.weight K=2048 N=256+256 kinds=6/4
ROCKNPU GGML TRACE mul_mat weight=blk.18.attn_output.weight type=q4_K M=1 K=2048 N=2048 path=w8a8_m1
ROCKNPU GGML TRACE ffn_pair first=blk.18.ffn_gate.weight second=blk.18.ffn_up.weight M=1 K=2048 N=5632+5632 kinds=4/4 path=m1_pair
ROCKNPU GGML TRACE mul_mat weight=blk.18.ffn_down.weight type=q6_K M=1 K=5632 N=2048 path=w8a8_m1
ROCKNPU GGML TRACE mul_mat weight=blk.19.attn_q.weight type=q4_K M=1 K=2048 N=2048 path=w8a8_m1
ROCKNPU GGML TRACE vk_pair first=blk.19.attn_v.weight second=blk.19.attn_k.weight K=2048 N=256+256 kinds=4/4
ROCKNPU GGML TRACE mul_mat weight=blk.19.attn_output.weight type=q4_K M=1 K=2048 N=2048 path=w8a8_m1
ROCKNPU GGML TRACE ffn_pair first=blk.19.ffn_gate.weight second=blk.19.ffn_up.weight M=1 K=2048 N=5632+5632 kinds=4/4 path=m1_pair
ROCKNPU GGML TRACE mul_mat weight=blk.19.ffn_down.weight type=q4_K M=1 K=5632 N=2048 path=w8a8_m1
ROCKNPU GGML TRACE mul_mat weight=blk.20.attn_q.weight type=q4_K M=1 K=2048 N=2048 path=w8a8_m1
ROCKNPU GGML TRACE vk_pair first=blk.20.attn_v.weight second=blk.20.attn_k.weight K=2048 N=256+256 kinds=6/4
ROCKNPU GGML TRACE mul_mat weight=blk.20.attn_output.weight type=q4_K M=1 K=2048 N=2048 path=w8a8_m1
ROCKNPU GGML TRACE ffn_pair first=blk.20.ffn_gate.weight second=blk.20.ffn_up.weight M=1 K=2048 N=5632+5632 kinds=4/4 path=m1_pair
ROCKNPU GGML TRACE mul_mat weight=blk.20.ffn_down.weight type=q6_K M=1 K=5632 N=2048 path=w8a8_m1
ROCKNPU GGML TRACE mul_mat weight=blk.21.attn_q.weight type=q4_K M=1 K=2048 N=2048 path=w8a8_m1
ROCKNPU GGML TRACE vk_pair first=blk.21.attn_v.weight second=blk.21.attn_k.weight K=2048 N=256+256 kinds=4/4
ROCKNPU GGML TRACE mul_mat weight=blk.21.attn_output.weight type=q4_K M=1 K=2048 N=2048 path=w8a8_m1
ROCKNPU GGML TRACE ffn_pair first=blk.21.ffn_gate.weight second=blk.21.ffn_up.weight M=1 K=2048 N=5632+5632 kinds=4/4 path=m1_pair
ROCKNPU GGML TRACE mul_mat weight=blk.21.ffn_down.weight type=q4_K M=1 K=5632 N=2048 path=w8a8_m1
ROCKNPU GGML TRACE qkv_triple layer=0 K=2048 N=2048+256+256 kinds=4/6/4
ROCKNPU GGML TRACE qkv_stash layer=0 first=blk.0.attn_v.weight second=blk.0.attn_k.weight
ROCKNPU GGML TRACE mul_mat weight=blk.0.attn_output.weight type=q4_K M=1 K=2048 N=2048 path=w8a8_m1
ROCKNPU GGML TRACE ffn_pair first=blk.0.ffn_gate.weight second=blk.0.ffn_up.weight M=1 K=2048 N=5632+5632 kinds=4/4 path=m1_pair
ROCKNPU GGML TRACE mul_mat weight=blk.0.ffn_down.weight type=q6_K M=1 K=5632 N=2048 path=w8a8_m1
ROCKNPU GGML TRACE qkv_triple layer=1 K=2048 N=2048+256+256 kinds=4/6/4
ROCKNPU GGML TRACE qkv_stash layer=1 first=blk.1.attn_v.weight second=blk.1.attn_k.weight
ROCKNPU GGML TRACE mul_mat weight=blk.1.attn_output.weight type=q4_K M=1 K=2048 N=2048 path=w8a8_m1
ROCKNPU GGML TRACE ffn_pair first=blk.1.ffn_gate.weight second=blk.1.ffn_up.weight M=1 K=2048 N=5632+5632 kinds=4/4 path=m1_pair
ROCKNPU GGML TRACE mul_mat weight=blk.1.ffn_down.weight type=q6_K M=1 K=5632 N=2048 path=w8a8_m1
ROCKNPU GGML TRACE qkv_triple layer=2 K=2048 N=2048+256+256 kinds=4/4/4
ROCKNPU GGML TRACE qkv_stash layer=2 first=blk.2.attn_v.weight second=blk.2.attn_k.weight
ROCKNPU GGML TRACE mul_mat weight=blk.2.attn_output.weight type=q4_K M=1 K=2048 N=2048 path=w8a8_m1
ROCKNPU GGML TRACE ffn_pair first=blk.2.ffn_gate.weight second=blk.2.ffn_up.weight M=1 K=2048 N=5632+5632 kinds=4/4 path=m1_pair
ROCKNPU GGML TRACE mul_mat weight=blk.2.ffn_down.weight type=q4_K M=1 K=5632 N=2048 path=w8a8_m1
ROCKNPU GGML TRACE qkv_triple layer=3 K=2048 N=2048+256+256 kinds=4/4/4
ROCKNPU GGML TRACE qkv_stash layer=3 first=blk.3.attn_v.weight second=blk.3.attn_k.weight
ROCKNPU GGML TRACE mul_mat weight=blk.3.attn_output.weight type=q4_K M=1 K=2048 N=2048 path=w8a8_m1
ROCKNPU GGML TRACE ffn_pair first=blk.3.ffn_gate.weight second=blk.3.ffn_up.weight M=1 K=2048 N=5632+5632 kinds=4/4 path=m1_pair
ROCKNPU GGML TRACE mul_mat weight=blk.3.ffn_down.weight type=q4_K M=1 K=5632 N=2048 path=w8a8_m1
ROCKNPU GGML TRACE qkv_triple layer=4 K=2048 N=2048+256+256 kinds=4/6/4
ROCKNPU GGML TRACE qkv_stash layer=4 first=blk.4.attn_v.weight second=blk.4.attn_k.weight
ROCKNPU GGML TRACE mul_mat weight=blk.4.attn_output.weight type=q4_K M=1 K=2048 N=2048 path=w8a8_m1
ROCKNPU GGML TRACE ffn_pair first=blk.4.ffn_gate.weight second=blk.4.ffn_up.weight M=1 K=2048 N=5632+5632 kinds=4/4 path=m1_pair
ROCKNPU GGML TRACE mul_mat weight=blk.4.ffn_down.weight type=q6_K M=1 K=5632 N=2048 path=w8a8_m1
ROCKNPU GGML TRACE qkv_triple layer=5 K=2048 N=2048+256+256 kinds=4/4/4
ROCKNPU GGML TRACE qkv_stash layer=5 first=blk.5.attn_v.weight second=blk.5.attn_k.weight
ROCKNPU GGML TRACE mul_mat weight=blk.5.attn_output.weight type=q4_K M=1 K=2048 N=2048 path=w8a8_m1
ROCKNPU GGML TRACE ffn_pair first=blk.5.ffn_gate.weight second=blk.5.ffn_up.weight M=1 K=2048 N=5632+5632 kinds=4/4 path=m1_pair
ROCKNPU GGML TRACE mul_mat weight=blk.5.ffn_down.weight type=q4_K M=1 K=5632 N=2048 path=w8a8_m1
ROCKNPU GGML TRACE qkv_triple layer=6 K=2048 N=2048+256+256 kinds=4/4/4
ROCKNPU GGML TRACE qkv_stash layer=6 first=blk.6.attn_v.weight second=blk.6.attn_k.weight
ROCKNPU GGML TRACE mul_mat weight=blk.6.attn_output.weight type=q4_K M=1 K=2048 N=2048 path=w8a8_m1
ROCKNPU GGML TRACE ffn_pair first=blk.6.ffn_gate.weight second=blk.6.ffn_up.weight M=1 K=2048 N=5632+5632 kinds=4/4 path=m1_pair
ROCKNPU GGML TRACE mul_mat weight=blk.6.ffn_down.weight type=q4_K M=1 K=5632 N=2048 path=w8a8_m1
ROCKNPU GGML TRACE qkv_triple layer=7 K=2048 N=2048+256+256 kinds=4/6/4
ROCKNPU GGML TRACE qkv_stash layer=7 first=blk.7.attn_v.weight second=blk.7.attn_k.weight
ROCKNPU GGML TRACE mul_mat weight=blk.7.attn_output.weight type=q4_K M=1 K=2048 N=2048 path=w8a8_m1
ROCKNPU GGML TRACE ffn_pair first=blk.7.ffn_gate.weight second=blk.7.ffn_up.weight M=1 K=2048 N=5632+5632 kinds=4/4 path=m1_pair
ROCKNPU GGML TRACE mul_mat weight=blk.7.ffn_down.weight type=q6_K M=1 K=5632 N=2048 path=w8a8_m1
ROCKNPU GGML TRACE qkv_triple layer=8 K=2048 N=2048+256+256 kinds=4/6/4
ROCKNPU GGML TRACE qkv_stash layer=8 first=blk.8.attn_v.weight second=blk.8.attn_k.weight
ROCKNPU GGML TRACE mul_mat weight=blk.8.attn_output.weight type=q4_K M=1 K=2048 N=2048 path=w8a8_m1
ROCKNPU GGML TRACE ffn_pair first=blk.8.ffn_gate.weight second=blk.8.ffn_up.weight M=1 K=2048 N=5632+5632 kinds=4/4 path=m1_pair
ROCKNPU GGML TRACE mul_mat weight=blk.8.ffn_down.weight type=q6_K M=1 K=5632 N=2048 path=w8a8_m1
ROCKNPU GGML TRACE qkv_triple layer=9 K=2048 N=2048+256+256 kinds=4/6/4
ROCKNPU GGML TRACE qkv_stash layer=9 first=blk.9.attn_v.weight second=blk.9.attn_k.weight
ROCKNPU GGML TRACE mul_mat weight=blk.9.attn_output.weight type=q4_K M=1 K=2048 N=2048 path=w8a8_m1
ROCKNPU GGML TRACE ffn_pair first=blk.9.ffn_gate.weight second=blk.9.ffn_up.weight M=1 K=2048 N=5632+5632 kinds=4/4 path=m1_pair
ROCKNPU GGML TRACE mul_mat weight=blk.9.ffn_down.weight type=q6_K M=1 K=5632 N=2048 path=w8a8_m1
ROCKNPU GGML TRACE qkv_triple layer=10 K=2048 N=2048+256+256 kinds=4/4/4
ROCKNPU GGML TRACE qkv_stash layer=10 first=blk.10.attn_v.weight second=blk.10.attn_k.weight
ROCKNPU GGML TRACE mul_mat weight=blk.10.attn_output.weight type=q4_K M=1 K=2048 N=2048 path=w8a8_m1
ROCKNPU GGML TRACE ffn_pair first=blk.10.ffn_gate.weight second=blk.10.ffn_up.weight M=1 K=2048 N=5632+5632 kinds=4/4 path=m1_pair
ROCKNPU GGML TRACE mul_mat weight=blk.10.ffn_down.weight type=q4_K M=1 K=5632 N=2048 path=w8a8_m1
ROCKNPU GGML TRACE qkv_triple layer=11 K=2048 N=2048+256+256 kinds=4/4/4
ROCKNPU GGML TRACE qkv_stash layer=11 first=blk.11.attn_v.weight second=blk.11.attn_k.weight
ROCKNPU GGML TRACE mul_mat weight=blk.11.attn_output.weight type=q4_K M=1 K=2048 N=2048 path=w8a8_m1
ROCKNPU GGML TRACE ffn_pair first=blk.11.ffn_gate.weight second=blk.11.ffn_up.weight M=1 K=2048 N=5632+5632 kinds=4/4 path=m1_pair
ROCKNPU GGML TRACE mul_mat weight=blk.11.ffn_down.weight type=q4_K M=1 K=5632 N=2048 path=w8a8_m1
ROCKNPU GGML TRACE qkv_triple layer=12 K=2048 N=2048+256+256 kinds=4/6/4
ROCKNPU GGML TRACE qkv_stash layer=12 first=blk.12.attn_v.weight second=blk.12.attn_k.weight
ROCKNPU GGML TRACE mul_mat weight=blk.12.attn_output.weight type=q4_K M=1 K=2048 N=2048 path=w8a8_m1
ROCKNPU GGML TRACE ffn_pair first=blk.12.ffn_gate.weight second=blk.12.ffn_up.weight M=1 K=2048 N=5632+5632 kinds=4/4 path=m1_pair
ROCKNPU GGML TRACE mul_mat weight=blk.12.ffn_down.weight type=q6_K M=1 K=5632 N=2048 path=w8a8_m1
ROCKNPU GGML TRACE qkv_triple layer=13 K=2048 N=2048+256+256 kinds=4/4/4
ROCKNPU GGML TRACE qkv_stash layer=13 first=blk.13.attn_v.weight second=blk.13.attn_k.weight
ROCKNPU GGML TRACE mul_mat weight=blk.13.attn_output.weight type=q4_K M=1 K=2048 N=2048 path=w8a8_m1
ROCKNPU GGML TRACE ffn_pair first=blk.13.ffn_gate.weight second=blk.13.ffn_up.weight M=1 K=2048 N=5632+5632 kinds=4/4 path=m1_pair
ROCKNPU GGML TRACE mul_mat weight=blk.13.ffn_down.weight type=q4_K M=1 K=5632 N=2048 path=w8a8_m1
ROCKNPU GGML TRACE qkv_triple layer=14 K=2048 N=2048+256+256 kinds=4/4/4
ROCKNPU GGML TRACE qkv_stash layer=14 first=blk.14.attn_v.weight second=blk.14.attn_k.weight
ROCKNPU GGML TRACE mul_mat weight=blk.14.attn_output.weight type=q4_K M=1 K=2048 N=2048 path=w8a8_m1
ROCKNPU GGML TRACE ffn_pair first=blk.14.ffn_gate.weight second=blk.14.ffn_up.weight M=1 K=2048 N=5632+5632 kinds=4/4 path=m1_pair
ROCKNPU GGML TRACE mul_mat weight=blk.14.ffn_down.weight type=q4_K M=1 K=5632 N=2048 path=w8a8_m1
ROCKNPU GGML TRACE qkv_triple layer=15 K=2048 N=2048+256+256 kinds=4/6/4
ROCKNPU GGML TRACE qkv_stash layer=15 first=blk.15.attn_v.weight second=blk.15.attn_k.weight
ROCKNPU GGML TRACE mul_mat weight=blk.15.attn_output.weight type=q4_K M=1 K=2048 N=2048 path=w8a8_m1
ROCKNPU GGML TRACE ffn_pair first=blk.15.ffn_gate.weight second=blk.15.ffn_up.weight M=1 K=2048 N=5632+5632 kinds=4/4 path=m1_pair
ROCKNPU GGML TRACE mul_mat weight=blk.15.ffn_down.weight type=q6_K M=1 K=5632 N=2048 path=w8a8_m1
ROCKNPU GGML TRACE qkv_triple layer=16 K=2048 N=2048+256+256 kinds=4/4/4
ROCKNPU GGML TRACE qkv_stash layer=16 first=blk.16.attn_v.weight second=blk.16.attn_k.weight
ROCKNPU GGML TRACE mul_mat weight=blk.16.attn_output.weight type=q4_K M=1 K=2048 N=2048 path=w8a8_m1
ROCKNPU GGML TRACE ffn_pair first=blk.16.ffn_gate.weight second=blk.16.ffn_up.weight M=1 K=2048 N=5632+5632 kinds=4/4 path=m1_pair
ROCKNPU GGML TRACE mul_mat weight=blk.16.ffn_down.weight type=q4_K M=1 K=5632 N=2048 path=w8a8_m1
ROCKNPU GGML TRACE qkv_triple layer=17 K=2048 N=2048+256+256 kinds=4/4/4
ROCKNPU GGML TRACE qkv_stash layer=17 first=blk.17.attn_v.weight second=blk.17.attn_k.weight
ROCKNPU GGML TRACE mul_mat weight=blk.17.attn_output.weight type=q4_K M=1 K=2048 N=2048 path=w8a8_m1
ROCKNPU GGML TRACE ffn_pair first=blk.17.ffn_gate.weight second=blk.17.ffn_up.weight M=1 K=2048 N=5632+5632 kinds=4/4 path=m1_pair
ROCKNPU GGML TRACE mul_mat weight=blk.17.ffn_down.weight type=q4_K M=1 K=5632 N=2048 path=w8a8_m1
ROCKNPU GGML TRACE qkv_triple layer=18 K=2048 N=2048+256+256 kinds=4/6/4
ROCKNPU GGML TRACE qkv_stash layer=18 first=blk.18.attn_v.weight second=blk.18.attn_k.weight
ROCKNPU GGML TRACE mul_mat weight=blk.18.attn_output.weight type=q4_K M=1 K=2048 N=2048 path=w8a8_m1
ROCKNPU GGML TRACE ffn_pair first=blk.18.ffn_gate.weight second=blk.18.ffn_up.weight M=1 K=2048 N=5632+5632 kinds=4/4 path=m1_pair
ROCKNPU GGML TRACE mul_mat weight=blk.18.ffn_down.weight type=q6_K M=1 K=5632 N=2048 path=w8a8_m1
ROCKNPU GGML TRACE qkv_triple layer=19 K=2048 N=2048+256+256 kinds=4/4/4
ROCKNPU GGML TRACE qkv_stash layer=19 first=blk.19.attn_v.weight second=blk.19.attn_k.weight
ROCKNPU GGML TRACE mul_mat weight=blk.19.attn_output.weight type=q4_K M=1 K=2048 N=2048 path=w8a8_m1
ROCKNPU GGML TRACE ffn_pair first=blk.19.ffn_gate.weight second=blk.19.ffn_up.weight M=1 K=2048 N=5632+5632 kinds=4/4 path=m1_pair
ROCKNPU GGML TRACE mul_mat weight=blk.19.ffn_down.weight type=q4_K M=1 K=5632 N=2048 path=w8a8_m1
ROCKNPU GGML TRACE qkv_triple layer=20 K=2048 N=2048+256+256 kinds=4/6/4
ROCKNPU GGML TRACE qkv_stash layer=20 first=blk.20.attn_v.weight second=blk.20.attn_k.weight
ROCKNPU GGML TRACE mul_mat weight=blk.20.attn_output.weight type=q4_K M=1 K=2048 N=2048 path=w8a8_m1
ROCKNPU GGML TRACE ffn_pair first=blk.20.ffn_gate.weight second=blk.20.ffn_up.weight M=1 K=2048 N=5632+5632 kinds=4/4 path=m1_pair
ROCKNPU GGML TRACE mul_mat weight=blk.20.ffn_down.weight type=q6_K M=1 K=5632 N=2048 path=w8a8_m1
ROCKNPU GGML TRACE qkv_triple layer=21 K=2048 N=2048+256+256 kinds=4/4/4
ROCKNPU GGML TRACE qkv_stash layer=21 first=blk.21.attn_v.weight second=blk.21.attn_k.weight
ROCKNPU GGML TRACE mul_mat weight=blk.21.attn_output.weight type=q4_K M=1 K=2048 N=2048 path=w8a8_m1
ROCKNPU GGML TRACE ffn_pair first=blk.21.ffn_gate.weight second=blk.21.ffn_up.weight M=1 K=2048 N=5632+5632 kinds=4/4 path=m1_pair
ROCKNPU GGML TRACE mul_mat weight=blk.21.ffn_down.weight type=q4_K M=1 K=5632 N=2048 path=w8a8_m1
ROCKNPU GGML TRACE qkv_triple layer=0 K=2048 N=2048+256+256 kinds=4/6/4
ROCKNPU GGML TRACE qkv_stash layer=0 first=blk.0.attn_v.weight second=blk.0.attn_k.weight
ROCKNPU GGML TRACE mul_mat weight=blk.0.attn_output.weight type=q4_K M=1 K=2048 N=2048 path=w8a8_m1
ROCKNPU GGML TRACE ffn_pair first=blk.0.ffn_gate.weight second=blk.0.ffn_up.weight M=1 K=2048 N=5632+5632 kinds=4/4 path=m1_pair
ROCKNPU GGML TRACE mul_mat weight=blk.0.ffn_down.weight type=q6_K M=1 K=5632 N=2048 path=w8a8_m1
ROCKNPU GGML TRACE qkv_triple layer=1 K=2048 N=2048+256+256 kinds=4/6/4
ROCKNPU GGML TRACE qkv_stash layer=1 first=blk.1.attn_v.weight second=blk.1.attn_k.weight
ROCKNPU GGML TRACE mul_mat weight=blk.1.attn_output.weight type=q4_K M=1 K=2048 N=2048 path=w8a8_m1
ROCKNPU GGML TRACE ffn_pair first=blk.1.ffn_gate.weight second=blk.1.ffn_up.weight M=1 K=2048 N=5632+5632 kinds=4/4 path=m1_pair
ROCKNPU GGML TRACE mul_mat weight=blk.1.ffn_down.weight type=q6_K M=1 K=5632 N=2048 path=w8a8_m1
ROCKNPU GGML TRACE qkv_triple layer=2 K=2048 N=2048+256+256 kinds=4/4/4
ROCKNPU GGML TRACE qkv_stash layer=2 first=blk.2.attn_v.weight second=blk.2.attn_k.weight
ROCKNPU GGML TRACE mul_mat weight=blk.2.attn_output.weight type=q4_K M=1 K=2048 N=2048 path=w8a8_m1
ROCKNPU GGML TRACE ffn_pair first=blk.2.ffn_gate.weight second=blk.2.ffn_up.weight M=1 K=2048 N=5632+5632 kinds=4/4 path=m1_pair
ROCKNPU GGML TRACE mul_mat weight=blk.2.ffn_down.weight type=q4_K M=1 K=5632 N=2048 path=w8a8_m1
ROCKNPU GGML TRACE qkv_triple layer=3 K=2048 N=2048+256+256 kinds=4/4/4
ROCKNPU GGML TRACE qkv_stash layer=3 first=blk.3.attn_v.weight second=blk.3.attn_k.weight
ROCKNPU GGML TRACE mul_mat weight=blk.3.attn_output.weight type=q4_K M=1 K=2048 N=2048 path=w8a8_m1
ROCKNPU GGML TRACE ffn_pair first=blk.3.ffn_gate.weight second=blk.3.ffn_up.weight M=1 K=2048 N=5632+5632 kinds=4/4 path=m1_pair
ROCKNPU GGML TRACE mul_mat weight=blk.3.ffn_down.weight type=q4_K M=1 K=5632 N=2048 path=w8a8_m1
ROCKNPU GGML TRACE qkv_triple layer=4 K=2048 N=2048+256+256 kinds=4/6/4
ROCKNPU GGML TRACE qkv_stash layer=4 first=blk.4.attn_v.weight second=blk.4.attn_k.weight
ROCKNPU GGML TRACE mul_mat weight=blk.4.attn_output.weight type=q4_K M=1 K=2048 N=2048 path=w8a8_m1
ROCKNPU GGML TRACE ffn_pair first=blk.4.ffn_gate.weight second=blk.4.ffn_up.weight M=1 K=2048 N=5632+5632 kinds=4/4 path=m1_pair
ROCKNPU GGML TRACE mul_mat weight=blk.4.ffn_down.weight type=q6_K M=1 K=5632 N=2048 path=w8a8_m1
ROCKNPU GGML TRACE qkv_triple layer=5 K=2048 N=2048+256+256 kinds=4/4/4
ROCKNPU GGML TRACE qkv_stash layer=5 first=blk.5.attn_v.weight second=blk.5.attn_k.weight
ROCKNPU GGML TRACE mul_mat weight=blk.5.attn_output.weight type=q4_K M=1 K=2048 N=2048 path=w8a8_m1
ROCKNPU GGML TRACE ffn_pair first=blk.5.ffn_gate.weight second=blk.5.ffn_up.weight M=1 K=2048 N=5632+5632 kinds=4/4 path=m1_pair
ROCKNPU GGML TRACE mul_mat weight=blk.5.ffn_down.weight type=q4_K M=1 K=5632 N=2048 path=w8a8_m1
ROCKNPU GGML TRACE qkv_triple layer=6 K=2048 N=2048+256+256 kinds=4/4/4
ROCKNPU GGML TRACE qkv_stash layer=6 first=blk.6.attn_v.weight second=blk.6.attn_k.weight
ROCKNPU GGML TRACE mul_mat weight=blk.6.attn_output.weight type=q4_K M=1 K=2048 N=2048 path=w8a8_m1
ROCKNPU GGML TRACE ffn_pair first=blk.6.ffn_gate.weight second=blk.6.ffn_up.weight M=1 K=2048 N=5632+5632 kinds=4/4 path=m1_pair
ROCKNPU GGML TRACE mul_mat weight=blk.6.ffn_down.weight type=q4_K M=1 K=5632 N=2048 path=w8a8_m1
ROCKNPU GGML TRACE qkv_triple layer=7 K=2048 N=2048+256+256 kinds=4/6/4
ROCKNPU GGML TRACE qkv_stash layer=7 first=blk.7.attn_v.weight second=blk.7.attn_k.weight
ROCKNPU GGML TRACE mul_mat weight=blk.7.attn_output.weight type=q4_K M=1 K=2048 N=2048 path=w8a8_m1
ROCKNPU GGML TRACE ffn_pair first=blk.7.ffn_gate.weight second=blk.7.ffn_up.weight M=1 K=2048 N=5632+5632 kinds=4/4 path=m1_pair
ROCKNPU GGML TRACE mul_mat weight=blk.7.ffn_down.weight type=q6_K M=1 K=5632 N=2048 path=w8a8_m1
ROCKNPU GGML TRACE qkv_triple layer=8 K=2048 N=2048+256+256 kinds=4/6/4
ROCKNPU GGML TRACE qkv_stash layer=8 first=blk.8.attn_v.weight second=blk.8.attn_k.weight
ROCKNPU GGML TRACE mul_mat weight=blk.8.attn_output.weight type=q4_K M=1 K=2048 N=2048 path=w8a8_m1
ROCKNPU GGML TRACE ffn_pair first=blk.8.ffn_gate.weight second=blk.8.ffn_up.weight M=1 K=2048 N=5632+5632 kinds=4/4 path=m1_pair
ROCKNPU GGML TRACE mul_mat weight=blk.8.ffn_down.weight type=q6_K M=1 K=5632 N=2048 path=w8a8_m1
ROCKNPU GGML TRACE qkv_triple layer=9 K=2048 N=2048+256+256 kinds=4/6/4
ROCKNPU GGML TRACE qkv_stash layer=9 first=blk.9.attn_v.weight second=blk.9.attn_k.weight
ROCKNPU GGML TRACE mul_mat weight=blk.9.attn_output.weight type=q4_K M=1 K=2048 N=2048 path=w8a8_m1
ROCKNPU GGML TRACE ffn_pair first=blk.9.ffn_gate.weight second=blk.9.ffn_up.weight M=1 K=2048 N=5632+5632 kinds=4/4 path=m1_pair
ROCKNPU GGML TRACE mul_mat weight=blk.9.ffn_down.weight type=q6_K M=1 K=5632 N=2048 path=w8a8_m1
ROCKNPU GGML TRACE qkv_triple layer=10 K=2048 N=2048+256+256 kinds=4/4/4
ROCKNPU GGML TRACE qkv_stash layer=10 first=blk.10.attn_v.weight second=blk.10.attn_k.weight
ROCKNPU GGML TRACE mul_mat weight=blk.10.attn_output.weight type=q4_K M=1 K=2048 N=2048 path=w8a8_m1
ROCKNPU GGML TRACE ffn_pair first=blk.10.ffn_gate.weight second=blk.10.ffn_up.weight M=1 K=2048 N=5632+5632 kinds=4/4 path=m1_pair
ROCKNPU GGML TRACE mul_mat weight=blk.10.ffn_down.weight type=q4_K M=1 K=5632 N=2048 path=w8a8_m1
ROCKNPU GGML TRACE qkv_triple layer=11 K=2048 N=2048+256+256 kinds=4/4/4
ROCKNPU GGML TRACE qkv_stash layer=11 first=blk.11.attn_v.weight second=blk.11.attn_k.weight
ROCKNPU GGML TRACE mul_mat weight=blk.11.attn_output.weight type=q4_K M=1 K=2048 N=2048 path=w8a8_m1
ROCKNPU GGML TRACE ffn_pair first=blk.11.ffn_gate.weight second=blk.11.ffn_up.weight M=1 K=2048 N=5632+5632 kinds=4/4 path=m1_pair
ROCKNPU GGML TRACE mul_mat weight=blk.11.ffn_down.weight type=q4_K M=1 K=5632 N=2048 path=w8a8_m1
ROCKNPU GGML TRACE qkv_triple layer=12 K=2048 N=2048+256+256 kinds=4/6/4
ROCKNPU GGML TRACE qkv_stash layer=12 first=blk.12.attn_v.weight second=blk.12.attn_k.weight
ROCKNPU GGML TRACE mul_mat weight=blk.12.attn_output.weight type=q4_K M=1 K=2048 N=2048 path=w8a8_m1
ROCKNPU GGML TRACE ffn_pair first=blk.12.ffn_gate.weight second=blk.12.ffn_up.weight M=1 K=2048 N=5632+5632 kinds=4/4 path=m1_pair
ROCKNPU GGML TRACE mul_mat weight=blk.12.ffn_down.weight type=q6_K M=1 K=5632 N=2048 path=w8a8_m1
ROCKNPU GGML TRACE qkv_triple layer=13 K=2048 N=2048+256+256 kinds=4/4/4
ROCKNPU GGML TRACE qkv_stash layer=13 first=blk.13.attn_v.weight second=blk.13.attn_k.weight
ROCKNPU GGML TRACE mul_mat weight=blk.13.attn_output.weight type=q4_K M=1 K=2048 N=2048 path=w8a8_m1
ROCKNPU GGML TRACE ffn_pair first=blk.13.ffn_gate.weight second=blk.13.ffn_up.weight M=1 K=2048 N=5632+5632 kinds=4/4 path=m1_pair
ROCKNPU GGML TRACE mul_mat weight=blk.13.ffn_down.weight type=q4_K M=1 K=5632 N=2048 path=w8a8_m1
ROCKNPU GGML TRACE qkv_triple layer=14 K=2048 N=2048+256+256 kinds=4/4/4
ROCKNPU GGML TRACE qkv_stash layer=14 first=blk.14.attn_v.weight second=blk.14.attn_k.weight
ROCKNPU GGML TRACE mul_mat weight=blk.14.attn_output.weight type=q4_K M=1 K=2048 N=2048 path=w8a8_m1
ROCKNPU GGML TRACE ffn_pair first=blk.14.ffn_gate.weight second=blk.14.ffn_up.weight M=1 K=2048 N=5632+5632 kinds=4/4 path=m1_pair
ROCKNPU GGML TRACE mul_mat weight=blk.14.ffn_down.weight type=q4_K M=1 K=5632 N=2048 path=w8a8_m1
ROCKNPU GGML TRACE qkv_triple layer=15 K=2048 N=2048+256+256 kinds=4/6/4
ROCKNPU GGML TRACE qkv_stash layer=15 first=blk.15.attn_v.weight second=blk.15.attn_k.weight
ROCKNPU GGML TRACE mul_mat weight=blk.15.attn_output.weight type=q4_K M=1 K=2048 N=2048 path=w8a8_m1
ROCKNPU GGML TRACE ffn_pair first=blk.15.ffn_gate.weight second=blk.15.ffn_up.weight M=1 K=2048 N=5632+5632 kinds=4/4 path=m1_pair
ROCKNPU GGML TRACE mul_mat weight=blk.15.ffn_down.weight type=q6_K M=1 K=5632 N=2048 path=w8a8_m1
ROCKNPU GGML TRACE qkv_triple layer=16 K=2048 N=2048+256+256 kinds=4/4/4
ROCKNPU GGML TRACE qkv_stash layer=16 first=blk.16.attn_v.weight second=blk.16.attn_k.weight
ROCKNPU GGML TRACE mul_mat weight=blk.16.attn_output.weight type=q4_K M=1 K=2048 N=2048 path=w8a8_m1
ROCKNPU GGML TRACE ffn_pair first=blk.16.ffn_gate.weight second=blk.16.ffn_up.weight M=1 K=2048 N=5632+5632 kinds=4/4 path=m1_pair
ROCKNPU GGML TRACE mul_mat weight=blk.16.ffn_down.weight type=q4_K M=1 K=5632 N=2048 path=w8a8_m1
ROCKNPU GGML TRACE qkv_triple layer=17 K=2048 N=2048+256+256 kinds=4/4/4
ROCKNPU GGML TRACE qkv_stash layer=17 first=blk.17.attn_v.weight second=blk.17.attn_k.weight
ROCKNPU GGML TRACE mul_mat weight=blk.17.attn_output.weight type=q4_K M=1 K=2048 N=2048 path=w8a8_m1
ROCKNPU GGML TRACE ffn_pair first=blk.17.ffn_gate.weight second=blk.17.ffn_up.weight M=1 K=2048 N=5632+5632 kinds=4/4 path=m1_pair
ROCKNPU GGML TRACE mul_mat weight=blk.17.ffn_down.weight type=q4_K M=1 K=5632 N=2048 path=w8a8_m1
ROCKNPU GGML TRACE qkv_triple layer=18 K=2048 N=2048+256+256 kinds=4/6/4
ROCKNPU GGML TRACE qkv_stash layer=18 first=blk.18.attn_v.weight second=blk.18.attn_k.weight
ROCKNPU GGML TRACE mul_mat weight=blk.18.attn_output.weight type=q4_K M=1 K=2048 N=2048 path=w8a8_m1
ROCKNPU GGML TRACE ffn_pair first=blk.18.ffn_gate.weight second=blk.18.ffn_up.weight M=1 K=2048 N=5632+5632 kinds=4/4 path=m1_pair
ROCKNPU GGML TRACE mul_mat weight=blk.18.ffn_down.weight type=q6_K M=1 K=5632 N=2048 path=w8a8_m1
ROCKNPU GGML TRACE qkv_triple layer=19 K=2048 N=2048+256+256 kinds=4/4/4
ROCKNPU GGML TRACE qkv_stash layer=19 first=blk.19.attn_v.weight second=blk.19.attn_k.weight
ROCKNPU GGML TRACE mul_mat weight=blk.19.attn_output.weight type=q4_K M=1 K=2048 N=2048 path=w8a8_m1
ROCKNPU GGML TRACE ffn_pair first=blk.19.ffn_gate.weight second=blk.19.ffn_up.weight M=1 K=2048 N=5632+5632 kinds=4/4 path=m1_pair
ROCKNPU GGML TRACE mul_mat weight=blk.19.ffn_down.weight type=q4_K M=1 K=5632 N=2048 path=w8a8_m1
ROCKNPU GGML TRACE qkv_triple layer=20 K=2048 N=2048+256+256 kinds=4/6/4
ROCKNPU GGML TRACE qkv_stash layer=20 first=blk.20.attn_v.weight second=blk.20.attn_k.weight
ROCKNPU GGML TRACE mul_mat weight=blk.20.attn_output.weight type=q4_K M=1 K=2048 N=2048 path=w8a8_m1
ROCKNPU GGML TRACE ffn_pair first=blk.20.ffn_gate.weight second=blk.20.ffn_up.weight M=1 K=2048 N=5632+5632 kinds=4/4 path=m1_pair
ROCKNPU GGML TRACE mul_mat weight=blk.20.ffn_down.weight type=q6_K M=1 K=5632 N=2048 path=w8a8_m1
ROCKNPU GGML TRACE qkv_triple layer=21 K=2048 N=2048+256+256 kinds=4/4/4
ROCKNPU GGML TRACE qkv_stash layer=21 first=blk.21.attn_v.weight second=blk.21.attn_k.weight
ROCKNPU GGML TRACE mul_mat weight=blk.21.attn_output.weight type=q4_K M=1 K=2048 N=2048 path=w8a8_m1
ROCKNPU GGML TRACE ffn_pair first=blk.21.ffn_gate.weight second=blk.21.ffn_up.weight M=1 K=2048 N=5632+5632 kinds=4/4 path=m1_pair
ROCKNPU GGML TRACE mul_mat weight=blk.21.ffn_down.weight type=q4_K M=1 K=5632 N=2048 path=w8a8_m1
ROCKNPU GGML TRACE qkv_triple layer=0 K=2048 N=2048+256+256 kinds=4/6/4
ROCKNPU GGML TRACE qkv_stash layer=0 first=blk.0.attn_v.weight second=blk.0.attn_k.weight
ROCKNPU GGML TRACE mul_mat weight=blk.0.attn_output.weight type=q4_K M=1 K=2048 N=2048 path=w8a8_m1
ROCKNPU GGML TRACE ffn_pair first=blk.0.ffn_gate.weight second=blk.0.ffn_up.weight M=1 K=2048 N=5632+5632 kinds=4/4 path=m1_pair
ROCKNPU GGML TRACE mul_mat weight=blk.0.ffn_down.weight type=q6_K M=1 K=5632 N=2048 path=w8a8_m1
ROCKNPU GGML TRACE qkv_triple layer=1 K=2048 N=2048+256+256 kinds=4/6/4
ROCKNPU GGML TRACE qkv_stash layer=1 first=blk.1.attn_v.weight second=blk.1.attn_k.weight
ROCKNPU GGML TRACE mul_mat weight=blk.1.attn_output.weight type=q4_K M=1 K=2048 N=2048 path=w8a8_m1
ROCKNPU GGML TRACE ffn_pair first=blk.1.ffn_gate.weight second=blk.1.ffn_up.weight M=1 K=2048 N=5632+5632 kinds=4/4 path=m1_pair
ROCKNPU GGML TRACE mul_mat weight=blk.1.ffn_down.weight type=q6_K M=1 K=5632 N=2048 path=w8a8_m1
ROCKNPU GGML TRACE qkv_triple layer=2 K=2048 N=2048+256+256 kinds=4/4/4
ROCKNPU GGML TRACE qkv_stash layer=2 first=blk.2.attn_v.weight second=blk.2.attn_k.weight
ROCKNPU GGML TRACE mul_mat weight=blk.2.attn_output.weight type=q4_K M=1 K=2048 N=2048 path=w8a8_m1
ROCKNPU GGML TRACE ffn_pair first=blk.2.ffn_gate.weight second=blk.2.ffn_up.weight M=1 K=2048 N=5632+5632 kinds=4/4 path=m1_pair
ROCKNPU GGML TRACE mul_mat weight=blk.2.ffn_down.weight type=q4_K M=1 K=5632 N=2048 path=w8a8_m1
ROCKNPU GGML TRACE qkv_triple layer=3 K=2048 N=2048+256+256 kinds=4/4/4
ROCKNPU GGML TRACE qkv_stash layer=3 first=blk.3.attn_v.weight second=blk.3.attn_k.weight
ROCKNPU GGML TRACE mul_mat weight=blk.3.attn_output.weight type=q4_K M=1 K=2048 N=2048 path=w8a8_m1
ROCKNPU GGML TRACE ffn_pair first=blk.3.ffn_gate.weight second=blk.3.ffn_up.weight M=1 K=2048 N=5632+5632 kinds=4/4 path=m1_pair
ROCKNPU GGML TRACE mul_mat weight=blk.3.ffn_down.weight type=q4_K M=1 K=5632 N=2048 path=w8a8_m1
ROCKNPU GGML TRACE qkv_triple layer=4 K=2048 N=2048+256+256 kinds=4/6/4
ROCKNPU GGML TRACE qkv_stash layer=4 first=blk.4.attn_v.weight second=blk.4.attn_k.weight
ROCKNPU GGML TRACE mul_mat weight=blk.4.attn_output.weight type=q4_K M=1 K=2048 N=2048 path=w8a8_m1
ROCKNPU GGML TRACE ffn_pair first=blk.4.ffn_gate.weight second=blk.4.ffn_up.weight M=1 K=2048 N=5632+5632 kinds=4/4 path=m1_pair
ROCKNPU GGML TRACE mul_mat weight=blk.4.ffn_down.weight type=q6_K M=1 K=5632 N=2048 path=w8a8_m1
ROCKNPU GGML TRACE qkv_triple layer=5 K=2048 N=2048+256+256 kinds=4/4/4
ROCKNPU GGML TRACE qkv_stash layer=5 first=blk.5.attn_v.weight second=blk.5.attn_k.weight
ROCKNPU GGML TRACE mul_mat weight=blk.5.attn_output.weight type=q4_K M=1 K=2048 N=2048 path=w8a8_m1
ROCKNPU GGML TRACE ffn_pair first=blk.5.ffn_gate.weight second=blk.5.ffn_up.weight M=1 K=2048 N=5632+5632 kinds=4/4 path=m1_pair
ROCKNPU GGML TRACE mul_mat weight=blk.5.ffn_down.weight type=q4_K M=1 K=5632 N=2048 path=w8a8_m1
ROCKNPU GGML TRACE qkv_triple layer=6 K=2048 N=2048+256+256 kinds=4/4/4
ROCKNPU GGML TRACE qkv_stash layer=6 first=blk.6.attn_v.weight second=blk.6.attn_k.weight
ROCKNPU GGML TRACE mul_mat weight=blk.6.attn_output.weight type=q4_K M=1 K=2048 N=2048 path=w8a8_m1
ROCKNPU GGML TRACE ffn_pair first=blk.6.ffn_gate.weight second=blk.6.ffn_up.weight M=1 K=2048 N=5632+5632 kinds=4/4 path=m1_pair
ROCKNPU GGML TRACE mul_mat weight=blk.6.ffn_down.weight type=q4_K M=1 K=5632 N=2048 path=w8a8_m1
ROCKNPU GGML TRACE qkv_triple layer=7 K=2048 N=2048+256+256 kinds=4/6/4
ROCKNPU GGML TRACE qkv_stash layer=7 first=blk.7.attn_v.weight second=blk.7.attn_k.weight
ROCKNPU GGML TRACE mul_mat weight=blk.7.attn_output.weight type=q4_K M=1 K=2048 N=2048 path=w8a8_m1
ROCKNPU GGML TRACE ffn_pair first=blk.7.ffn_gate.weight second=blk.7.ffn_up.weight M=1 K=2048 N=5632+5632 kinds=4/4 path=m1_pair
ROCKNPU GGML TRACE mul_mat weight=blk.7.ffn_down.weight type=q6_K M=1 K=5632 N=2048 path=w8a8_m1
ROCKNPU GGML TRACE qkv_triple layer=8 K=2048 N=2048+256+256 kinds=4/6/4
ROCKNPU GGML TRACE qkv_stash layer=8 first=blk.8.attn_v.weight second=blk.8.attn_k.weight
ROCKNPU GGML TRACE mul_mat weight=blk.8.attn_output.weight type=q4_K M=1 K=2048 N=2048 path=w8a8_m1
ROCKNPU GGML TRACE ffn_pair first=blk.8.ffn_gate.weight second=blk.8.ffn_up.weight M=1 K=2048 N=5632+5632 kinds=4/4 path=m1_pair
ROCKNPU GGML TRACE mul_mat weight=blk.8.ffn_down.weight type=q6_K M=1 K=5632 N=2048 path=w8a8_m1
ROCKNPU GGML TRACE qkv_triple layer=9 K=2048 N=2048+256+256 kinds=4/6/4
ROCKNPU GGML TRACE qkv_stash layer=9 first=blk.9.attn_v.weight second=blk.9.attn_k.weight
ROCKNPU GGML TRACE mul_mat weight=blk.9.attn_output.weight type=q4_K M=1 K=2048 N=2048 path=w8a8_m1
ROCKNPU GGML TRACE ffn_pair first=blk.9.ffn_gate.weight second=blk.9.ffn_up.weight M=1 K=2048 N=5632+5632 kinds=4/4 path=m1_pair
ROCKNPU GGML TRACE mul_mat weight=blk.9.ffn_down.weight type=q6_K M=1 K=5632 N=2048 path=w8a8_m1
ROCKNPU GGML TRACE qkv_triple layer=10 K=2048 N=2048+256+256 kinds=4/4/4
ROCKNPU GGML TRACE qkv_stash layer=10 first=blk.10.attn_v.weight second=blk.10.attn_k.weight
ROCKNPU GGML TRACE mul_mat weight=blk.10.attn_output.weight type=q4_K M=1 K=2048 N=2048 path=w8a8_m1
ROCKNPU GGML TRACE ffn_pair first=blk.10.ffn_gate.weight second=blk.10.ffn_up.weight M=1 K=2048 N=5632+5632 kinds=4/4 path=m1_pair
ROCKNPU GGML TRACE mul_mat weight=blk.10.ffn_down.weight type=q4_K M=1 K=5632 N=2048 path=w8a8_m1
ROCKNPU GGML TRACE qkv_triple layer=11 K=2048 N=2048+256+256 kinds=4/4/4
ROCKNPU GGML TRACE qkv_stash layer=11 first=blk.11.attn_v.weight second=blk.11.attn_k.weight
ROCKNPU GGML TRACE mul_mat weight=blk.11.attn_output.weight type=q4_K M=1 K=2048 N=2048 path=w8a8_m1
ROCKNPU GGML TRACE ffn_pair first=blk.11.ffn_gate.weight second=blk.11.ffn_up.weight M=1 K=2048 N=5632+5632 kinds=4/4 path=m1_pair
ROCKNPU GGML TRACE mul_mat weight=blk.11.ffn_down.weight type=q4_K M=1 K=5632 N=2048 path=w8a8_m1
ROCKNPU GGML TRACE qkv_triple layer=12 K=2048 N=2048+256+256 kinds=4/6/4
ROCKNPU GGML TRACE qkv_stash layer=12 first=blk.12.attn_v.weight second=blk.12.attn_k.weight
ROCKNPU GGML TRACE mul_mat weight=blk.12.attn_output.weight type=q4_K M=1 K=2048 N=2048 path=w8a8_m1
ROCKNPU GGML TRACE ffn_pair first=blk.12.ffn_gate.weight second=blk.12.ffn_up.weight M=1 K=2048 N=5632+5632 kinds=4/4 path=m1_pair
ROCKNPU GGML TRACE mul_mat weight=blk.12.ffn_down.weight type=q6_K M=1 K=5632 N=2048 path=w8a8_m1
ROCKNPU GGML TRACE qkv_triple layer=13 K=2048 N=2048+256+256 kinds=4/4/4
ROCKNPU GGML TRACE qkv_stash layer=13 first=blk.13.attn_v.weight second=blk.13.attn_k.weight
ROCKNPU GGML TRACE mul_mat weight=blk.13.attn_output.weight type=q4_K M=1 K=2048 N=2048 path=w8a8_m1
ROCKNPU GGML TRACE ffn_pair first=blk.13.ffn_gate.weight second=blk.13.ffn_up.weight M=1 K=2048 N=5632+5632 kinds=4/4 path=m1_pair
ROCKNPU GGML TRACE mul_mat weight=blk.13.ffn_down.weight type=q4_K M=1 K=5632 N=2048 path=w8a8_m1
ROCKNPU GGML TRACE qkv_triple layer=14 K=2048 N=2048+256+256 kinds=4/4/4
ROCKNPU GGML TRACE qkv_stash layer=14 first=blk.14.attn_v.weight second=blk.14.attn_k.weight
ROCKNPU GGML TRACE mul_mat weight=blk.14.attn_output.weight type=q4_K M=1 K=2048 N=2048 path=w8a8_m1
ROCKNPU GGML TRACE ffn_pair first=blk.14.ffn_gate.weight second=blk.14.ffn_up.weight M=1 K=2048 N=5632+5632 kinds=4/4 path=m1_pair
ROCKNPU GGML TRACE mul_mat weight=blk.14.ffn_down.weight type=q4_K M=1 K=5632 N=2048 path=w8a8_m1
ROCKNPU GGML TRACE qkv_triple layer=15 K=2048 N=2048+256+256 kinds=4/6/4
ROCKNPU GGML TRACE qkv_stash layer=15 first=blk.15.attn_v.weight second=blk.15.attn_k.weight
ROCKNPU GGML TRACE mul_mat weight=blk.15.attn_output.weight type=q4_K M=1 K=2048 N=2048 path=w8a8_m1
ROCKNPU GGML TRACE ffn_pair first=blk.15.ffn_gate.weight second=blk.15.ffn_up.weight M=1 K=2048 N=5632+5632 kinds=4/4 path=m1_pair
ROCKNPU GGML TRACE mul_mat weight=blk.15.ffn_down.weight type=q6_K M=1 K=5632 N=2048 path=w8a8_m1
ROCKNPU GGML TRACE qkv_triple layer=16 K=2048 N=2048+256+256 kinds=4/4/4
ROCKNPU GGML TRACE qkv_stash layer=16 first=blk.16.attn_v.weight second=blk.16.attn_k.weight
ROCKNPU GGML TRACE mul_mat weight=blk.16.attn_output.weight type=q4_K M=1 K=2048 N=2048 path=w8a8_m1
ROCKNPU GGML TRACE ffn_pair first=blk.16.ffn_gate.weight second=blk.16.ffn_up.weight M=1 K=2048 N=5632+5632 kinds=4/4 path=m1_pair
ROCKNPU GGML TRACE mul_mat weight=blk.16.ffn_down.weight type=q4_K M=1 K=5632 N=2048 path=w8a8_m1
ROCKNPU GGML TRACE qkv_triple layer=17 K=2048 N=2048+256+256 kinds=4/4/4
ROCKNPU GGML TRACE qkv_stash layer=17 first=blk.17.attn_v.weight second=blk.17.attn_k.weight
ROCKNPU GGML TRACE mul_mat weight=blk.17.attn_output.weight type=q4_K M=1 K=2048 N=2048 path=w8a8_m1
ROCKNPU GGML TRACE ffn_pair first=blk.17.ffn_gate.weight second=blk.17.ffn_up.weight M=1 K=2048 N=5632+5632 kinds=4/4 path=m1_pair
ROCKNPU GGML TRACE mul_mat weight=blk.17.ffn_down.weight type=q4_K M=1 K=5632 N=2048 path=w8a8_m1
ROCKNPU GGML TRACE qkv_triple layer=18 K=2048 N=2048+256+256 kinds=4/6/4
ROCKNPU GGML TRACE qkv_stash layer=18 first=blk.18.attn_v.weight second=blk.18.attn_k.weight
ROCKNPU GGML TRACE mul_mat weight=blk.18.attn_output.weight type=q4_K M=1 K=2048 N=2048 path=w8a8_m1
ROCKNPU GGML TRACE ffn_pair first=blk.18.ffn_gate.weight second=blk.18.ffn_up.weight M=1 K=2048 N=5632+5632 kinds=4/4 path=m1_pair
ROCKNPU GGML TRACE mul_mat weight=blk.18.ffn_down.weight type=q6_K M=1 K=5632 N=2048 path=w8a8_m1
ROCKNPU GGML TRACE qkv_triple layer=19 K=2048 N=2048+256+256 kinds=4/4/4
ROCKNPU GGML TRACE qkv_stash layer=19 first=blk.19.attn_v.weight second=blk.19.attn_k.weight
ROCKNPU GGML TRACE mul_mat weight=blk.19.attn_output.weight type=q4_K M=1 K=2048 N=2048 path=w8a8_m1
ROCKNPU GGML TRACE ffn_pair first=blk.19.ffn_gate.weight second=blk.19.ffn_up.weight M=1 K=2048 N=5632+5632 kinds=4/4 path=m1_pair
ROCKNPU GGML TRACE mul_mat weight=blk.19.ffn_down.weight type=q4_K M=1 K=5632 N=2048 path=w8a8_m1
ROCKNPU GGML TRACE qkv_triple layer=20 K=2048 N=2048+256+256 kinds=4/6/4
ROCKNPU GGML TRACE qkv_stash layer=20 first=blk.20.attn_v.weight second=blk.20.attn_k.weight
ROCKNPU GGML TRACE mul_mat weight=blk.20.attn_output.weight type=q4_K M=1 K=2048 N=2048 path=w8a8_m1
ROCKNPU GGML TRACE ffn_pair first=blk.20.ffn_gate.weight second=blk.20.ffn_up.weight M=1 K=2048 N=5632+5632 kinds=4/4 path=m1_pair
ROCKNPU GGML TRACE mul_mat weight=blk.20.ffn_down.weight type=q6_K M=1 K=5632 N=2048 path=w8a8_m1
ROCKNPU GGML TRACE qkv_triple layer=21 K=2048 N=2048+256+256 kinds=4/4/4
ROCKNPU GGML TRACE qkv_stash layer=21 first=blk.21.attn_v.weight second=blk.21.attn_k.weight
ROCKNPU GGML TRACE mul_mat weight=blk.21.attn_output.weight type=q4_K M=1 K=2048 N=2048 path=w8a8_m1
ROCKNPU GGML TRACE ffn_pair first=blk.21.ffn_gate.weight second=blk.21.ffn_up.weight M=1 K=2048 N=5632+5632 kinds=4/4 path=m1_pair
ROCKNPU GGML TRACE mul_mat weight=blk.21.ffn_down.weight type=q4_K M=1 K=5632 N=2048 path=w8a8_m1
ROCKNPU GGML TRACE qkv_triple layer=0 K=2048 N=2048+256+256 kinds=4/6/4
ROCKNPU GGML TRACE qkv_stash layer=0 first=blk.0.attn_v.weight second=blk.0.attn_k.weight
ROCKNPU GGML TRACE mul_mat weight=blk.0.attn_output.weight type=q4_K M=1 K=2048 N=2048 path=w8a8_m1
ROCKNPU GGML TRACE ffn_pair first=blk.0.ffn_gate.weight second=blk.0.ffn_up.weight M=1 K=2048 N=5632+5632 kinds=4/4 path=m1_pair
ROCKNPU GGML TRACE mul_mat weight=blk.0.ffn_down.weight type=q6_K M=1 K=5632 N=2048 path=w8a8_m1
ROCKNPU GGML TRACE qkv_triple layer=1 K=2048 N=2048+256+256 kinds=4/6/4
ROCKNPU GGML TRACE qkv_stash layer=1 first=blk.1.attn_v.weight second=blk.1.attn_k.weight
ROCKNPU GGML TRACE mul_mat weight=blk.1.attn_output.weight type=q4_K M=1 K=2048 N=2048 path=w8a8_m1
ROCKNPU GGML TRACE ffn_pair first=blk.1.ffn_gate.weight second=blk.1.ffn_up.weight M=1 K=2048 N=5632+5632 kinds=4/4 path=m1_pair
ROCKNPU GGML TRACE mul_mat weight=blk.1.ffn_down.weight type=q6_K M=1 K=5632 N=2048 path=w8a8_m1
ROCKNPU GGML TRACE qkv_triple layer=2 K=2048 N=2048+256+256 kinds=4/4/4
ROCKNPU GGML TRACE qkv_stash layer=2 first=blk.2.attn_v.weight second=blk.2.attn_k.weight
ROCKNPU GGML TRACE mul_mat weight=blk.2.attn_output.weight type=q4_K M=1 K=2048 N=2048 path=w8a8_m1
ROCKNPU GGML TRACE ffn_pair first=blk.2.ffn_gate.weight second=blk.2.ffn_up.weight M=1 K=2048 N=5632+5632 kinds=4/4 path=m1_pair
ROCKNPU GGML TRACE mul_mat weight=blk.2.ffn_down.weight type=q4_K M=1 K=5632 N=2048 path=w8a8_m1
ROCKNPU GGML TRACE qkv_triple layer=3 K=2048 N=2048+256+256 kinds=4/4/4
ROCKNPU GGML TRACE qkv_stash layer=3 first=blk.3.attn_v.weight second=blk.3.attn_k.weight
ROCKNPU GGML TRACE mul_mat weight=blk.3.attn_output.weight type=q4_K M=1 K=2048 N=2048 path=w8a8_m1
ROCKNPU GGML TRACE ffn_pair first=blk.3.ffn_gate.weight second=blk.3.ffn_up.weight M=1 K=2048 N=5632+5632 kinds=4/4 path=m1_pair
ROCKNPU GGML TRACE mul_mat weight=blk.3.ffn_down.weight type=q4_K M=1 K=5632 N=2048 path=w8a8_m1
ROCKNPU GGML TRACE qkv_triple layer=4 K=2048 N=2048+256+256 kinds=4/6/4
ROCKNPU GGML TRACE qkv_stash layer=4 first=blk.4.attn_v.weight second=blk.4.attn_k.weight
ROCKNPU GGML TRACE mul_mat weight=blk.4.attn_output.weight type=q4_K M=1 K=2048 N=2048 path=w8a8_m1
ROCKNPU GGML TRACE ffn_pair first=blk.4.ffn_gate.weight second=blk.4.ffn_up.weight M=1 K=2048 N=5632+5632 kinds=4/4 path=m1_pair
ROCKNPU GGML TRACE mul_mat weight=blk.4.ffn_down.weight type=q6_K M=1 K=5632 N=2048 path=w8a8_m1
ROCKNPU GGML TRACE qkv_triple layer=5 K=2048 N=2048+256+256 kinds=4/4/4
ROCKNPU GGML TRACE qkv_stash layer=5 first=blk.5.attn_v.weight second=blk.5.attn_k.weight
ROCKNPU GGML TRACE mul_mat weight=blk.5.attn_output.weight type=q4_K M=1 K=2048 N=2048 path=w8a8_m1
ROCKNPU GGML TRACE ffn_pair first=blk.5.ffn_gate.weight second=blk.5.ffn_up.weight M=1 K=2048 N=5632+5632 kinds=4/4 path=m1_pair
ROCKNPU GGML TRACE mul_mat weight=blk.5.ffn_down.weight type=q4_K M=1 K=5632 N=2048 path=w8a8_m1
ROCKNPU GGML TRACE qkv_triple layer=6 K=2048 N=2048+256+256 kinds=4/4/4
ROCKNPU GGML TRACE qkv_stash layer=6 first=blk.6.attn_v.weight second=blk.6.attn_k.weight
ROCKNPU GGML TRACE mul_mat weight=blk.6.attn_output.weight type=q4_K M=1 K=2048 N=2048 path=w8a8_m1
ROCKNPU GGML TRACE ffn_pair first=blk.6.ffn_gate.weight second=blk.6.ffn_up.weight M=1 K=2048 N=5632+5632 kinds=4/4 path=m1_pair
ROCKNPU GGML TRACE mul_mat weight=blk.6.ffn_down.weight type=q4_K M=1 K=5632 N=2048 path=w8a8_m1
ROCKNPU GGML TRACE qkv_triple layer=7 K=2048 N=2048+256+256 kinds=4/6/4
ROCKNPU GGML TRACE qkv_stash layer=7 first=blk.7.attn_v.weight second=blk.7.attn_k.weight
ROCKNPU GGML TRACE mul_mat weight=blk.7.attn_output.weight type=q4_K M=1 K=2048 N=2048 path=w8a8_m1
ROCKNPU GGML TRACE ffn_pair first=blk.7.ffn_gate.weight second=blk.7.ffn_up.weight M=1 K=2048 N=5632+5632 kinds=4/4 path=m1_pair
ROCKNPU GGML TRACE mul_mat weight=blk.7.ffn_down.weight type=q6_K M=1 K=5632 N=2048 path=w8a8_m1
ROCKNPU GGML TRACE qkv_triple layer=8 K=2048 N=2048+256+256 kinds=4/6/4
ROCKNPU GGML TRACE qkv_stash layer=8 first=blk.8.attn_v.weight second=blk.8.attn_k.weight
ROCKNPU GGML TRACE mul_mat weight=blk.8.attn_output.weight type=q4_K M=1 K=2048 N=2048 path=w8a8_m1
ROCKNPU GGML TRACE ffn_pair first=blk.8.ffn_gate.weight second=blk.8.ffn_up.weight M=1 K=2048 N=5632+5632 kinds=4/4 path=m1_pair
ROCKNPU GGML TRACE mul_mat weight=blk.8.ffn_down.weight type=q6_K M=1 K=5632 N=2048 path=w8a8_m1
ROCKNPU GGML TRACE qkv_triple layer=9 K=2048 N=2048+256+256 kinds=4/6/4
ROCKNPU GGML TRACE qkv_stash layer=9 first=blk.9.attn_v.weight second=blk.9.attn_k.weight
ROCKNPU GGML TRACE mul_mat weight=blk.9.attn_output.weight type=q4_K M=1 K=2048 N=2048 path=w8a8_m1
ROCKNPU GGML TRACE ffn_pair first=blk.9.ffn_gate.weight second=blk.9.ffn_up.weight M=1 K=2048 N=5632+5632 kinds=4/4 path=m1_pair
ROCKNPU GGML TRACE mul_mat weight=blk.9.ffn_down.weight type=q6_K M=1 K=5632 N=2048 path=w8a8_m1
ROCKNPU GGML TRACE qkv_triple layer=10 K=2048 N=2048+256+256 kinds=4/4/4
ROCKNPU GGML TRACE qkv_stash layer=10 first=blk.10.attn_v.weight second=blk.10.attn_k.weight
ROCKNPU GGML TRACE mul_mat weight=blk.10.attn_output.weight type=q4_K M=1 K=2048 N=2048 path=w8a8_m1
ROCKNPU GGML TRACE ffn_pair first=blk.10.ffn_gate.weight second=blk.10.ffn_up.weight M=1 K=2048 N=5632+5632 kinds=4/4 path=m1_pair
ROCKNPU GGML TRACE mul_mat weight=blk.10.ffn_down.weight type=q4_K M=1 K=5632 N=2048 path=w8a8_m1
ROCKNPU GGML TRACE qkv_triple layer=11 K=2048 N=2048+256+256 kinds=4/4/4
ROCKNPU GGML TRACE qkv_stash layer=11 first=blk.11.attn_v.weight second=blk.11.attn_k.weight
ROCKNPU GGML TRACE mul_mat weight=blk.11.attn_output.weight type=q4_K M=1 K=2048 N=2048 path=w8a8_m1
ROCKNPU GGML TRACE ffn_pair first=blk.11.ffn_gate.weight second=blk.11.ffn_up.weight M=1 K=2048 N=5632+5632 kinds=4/4 path=m1_pair
ROCKNPU GGML TRACE mul_mat weight=blk.11.ffn_down.weight type=q4_K M=1 K=5632 N=2048 path=w8a8_m1
ROCKNPU GGML TRACE qkv_triple layer=12 K=2048 N=2048+256+256 kinds=4/6/4
ROCKNPU GGML TRACE qkv_stash layer=12 first=blk.12.attn_v.weight second=blk.12.attn_k.weight
ROCKNPU GGML TRACE mul_mat weight=blk.12.attn_output.weight type=q4_K M=1 K=2048 N=2048 path=w8a8_m1
ROCKNPU GGML TRACE ffn_pair first=blk.12.ffn_gate.weight second=blk.12.ffn_up.weight M=1 K=2048 N=5632+5632 kinds=4/4 path=m1_pair
ROCKNPU GGML TRACE mul_mat weight=blk.12.ffn_down.weight type=q6_K M=1 K=5632 N=2048 path=w8a8_m1
ROCKNPU GGML TRACE qkv_triple layer=13 K=2048 N=2048+256+256 kinds=4/4/4
ROCKNPU GGML TRACE qkv_stash layer=13 first=blk.13.attn_v.weight second=blk.13.attn_k.weight
ROCKNPU GGML TRACE mul_mat weight=blk.13.attn_output.weight type=q4_K M=1 K=2048 N=2048 path=w8a8_m1
ROCKNPU GGML TRACE ffn_pair first=blk.13.ffn_gate.weight second=blk.13.ffn_up.weight M=1 K=2048 N=5632+5632 kinds=4/4 path=m1_pair
ROCKNPU GGML TRACE mul_mat weight=blk.13.ffn_down.weight type=q4_K M=1 K=5632 N=2048 path=w8a8_m1
ROCKNPU GGML TRACE qkv_triple layer=14 K=2048 N=2048+256+256 kinds=4/4/4
ROCKNPU GGML TRACE qkv_stash layer=14 first=blk.14.attn_v.weight second=blk.14.attn_k.weight
ROCKNPU GGML TRACE mul_mat weight=blk.14.attn_output.weight type=q4_K M=1 K=2048 N=2048 path=w8a8_m1
ROCKNPU GGML TRACE ffn_pair first=blk.14.ffn_gate.weight second=blk.14.ffn_up.weight M=1 K=2048 N=5632+5632 kinds=4/4 path=m1_pair
ROCKNPU GGML TRACE mul_mat weight=blk.14.ffn_down.weight type=q4_K M=1 K=5632 N=2048 path=w8a8_m1
ROCKNPU GGML TRACE qkv_triple layer=15 K=2048 N=2048+256+256 kinds=4/6/4
ROCKNPU GGML TRACE qkv_stash layer=15 first=blk.15.attn_v.weight second=blk.15.attn_k.weight
ROCKNPU GGML TRACE mul_mat weight=blk.15.attn_output.weight type=q4_K M=1 K=2048 N=2048 path=w8a8_m1
ROCKNPU GGML TRACE ffn_pair first=blk.15.ffn_gate.weight second=blk.15.ffn_up.weight M=1 K=2048 N=5632+5632 kinds=4/4 path=m1_pair
ROCKNPU GGML TRACE mul_mat weight=blk.15.ffn_down.weight type=q6_K M=1 K=5632 N=2048 path=w8a8_m1
ROCKNPU GGML TRACE qkv_triple layer=16 K=2048 N=2048+256+256 kinds=4/4/4
ROCKNPU GGML TRACE qkv_stash layer=16 first=blk.16.attn_v.weight second=blk.16.attn_k.weight
ROCKNPU GGML TRACE mul_mat weight=blk.16.attn_output.weight type=q4_K M=1 K=2048 N=2048 path=w8a8_m1
ROCKNPU GGML TRACE ffn_pair first=blk.16.ffn_gate.weight second=blk.16.ffn_up.weight M=1 K=2048 N=5632+5632 kinds=4/4 path=m1_pair
ROCKNPU GGML TRACE mul_mat weight=blk.16.ffn_down.weight type=q4_K M=1 K=5632 N=2048 path=w8a8_m1
ROCKNPU GGML TRACE qkv_triple layer=17 K=2048 N=2048+256+256 kinds=4/4/4
ROCKNPU GGML TRACE qkv_stash layer=17 first=blk.17.attn_v.weight second=blk.17.attn_k.weight
ROCKNPU GGML TRACE mul_mat weight=blk.17.attn_output.weight type=q4_K M=1 K=2048 N=2048 path=w8a8_m1
ROCKNPU GGML TRACE ffn_pair first=blk.17.ffn_gate.weight second=blk.17.ffn_up.weight M=1 K=2048 N=5632+5632 kinds=4/4 path=m1_pair
ROCKNPU GGML TRACE mul_mat weight=blk.17.ffn_down.weight type=q4_K M=1 K=5632 N=2048 path=w8a8_m1
ROCKNPU GGML TRACE qkv_triple layer=18 K=2048 N=2048+256+256 kinds=4/6/4
ROCKNPU GGML TRACE qkv_stash layer=18 first=blk.18.attn_v.weight second=blk.18.attn_k.weight
ROCKNPU GGML TRACE mul_mat weight=blk.18.attn_output.weight type=q4_K M=1 K=2048 N=2048 path=w8a8_m1
ROCKNPU GGML TRACE ffn_pair first=blk.18.ffn_gate.weight second=blk.18.ffn_up.weight M=1 K=2048 N=5632+5632 kinds=4/4 path=m1_pair
ROCKNPU GGML TRACE mul_mat weight=blk.18.ffn_down.weight type=q6_K M=1 K=5632 N=2048 path=w8a8_m1
ROCKNPU GGML TRACE qkv_triple layer=19 K=2048 N=2048+256+256 kinds=4/4/4
ROCKNPU GGML TRACE qkv_stash layer=19 first=blk.19.attn_v.weight second=blk.19.attn_k.weight
ROCKNPU GGML TRACE mul_mat weight=blk.19.attn_output.weight type=q4_K M=1 K=2048 N=2048 path=w8a8_m1
ROCKNPU GGML TRACE ffn_pair first=blk.19.ffn_gate.weight second=blk.19.ffn_up.weight M=1 K=2048 N=5632+5632 kinds=4/4 path=m1_pair
ROCKNPU GGML TRACE mul_mat weight=blk.19.ffn_down.weight type=q4_K M=1 K=5632 N=2048 path=w8a8_m1
ROCKNPU GGML TRACE qkv_triple layer=20 K=2048 N=2048+256+256 kinds=4/6/4
ROCKNPU GGML TRACE qkv_stash layer=20 first=blk.20.attn_v.weight second=blk.20.attn_k.weight
ROCKNPU GGML TRACE mul_mat weight=blk.20.attn_output.weight type=q4_K M=1 K=2048 N=2048 path=w8a8_m1
ROCKNPU GGML TRACE ffn_pair first=blk.20.ffn_gate.weight second=blk.20.ffn_up.weight M=1 K=2048 N=5632+5632 kinds=4/4 path=m1_pair
ROCKNPU GGML TRACE mul_mat weight=blk.20.ffn_down.weight type=q6_K M=1 K=5632 N=2048 path=w8a8_m1
ROCKNPU GGML TRACE qkv_triple layer=21 K=2048 N=2048+256+256 kinds=4/4/4
ROCKNPU GGML TRACE qkv_stash layer=21 first=blk.21.attn_v.weight second=blk.21.attn_k.weight
ROCKNPU GGML TRACE mul_mat weight=blk.21.attn_output.weight type=q4_K M=1 K=2048 N=2048 path=w8a8_m1
ROCKNPU GGML TRACE ffn_pair first=blk.21.ffn_gate.weight second=blk.21.ffn_up.weight M=1 K=2048 N=5632+5632 kinds=4/4 path=m1_pair
ROCKNPU GGML TRACE mul_mat weight=blk.21.ffn_down.weight type=q4_K M=1 K=5632 N=2048 path=w8a8_m1
ROCKNPU GGML TRACE qkv_triple layer=0 K=2048 N=2048+256+256 kinds=4/6/4
ROCKNPU GGML TRACE qkv_stash layer=0 first=blk.0.attn_v.weight second=blk.0.attn_k.weight
ROCKNPU GGML TRACE mul_mat weight=blk.0.attn_output.weight type=q4_K M=1 K=2048 N=2048 path=w8a8_m1
ROCKNPU GGML TRACE ffn_pair first=blk.0.ffn_gate.weight second=blk.0.ffn_up.weight M=1 K=2048 N=5632+5632 kinds=4/4 path=m1_pair
ROCKNPU GGML TRACE mul_mat weight=blk.0.ffn_down.weight type=q6_K M=1 K=5632 N=2048 path=w8a8_m1
ROCKNPU GGML TRACE qkv_triple layer=1 K=2048 N=2048+256+256 kinds=4/6/4
ROCKNPU GGML TRACE qkv_stash layer=1 first=blk.1.attn_v.weight second=blk.1.attn_k.weight
ROCKNPU GGML TRACE mul_mat weight=blk.1.attn_output.weight type=q4_K M=1 K=2048 N=2048 path=w8a8_m1
ROCKNPU GGML TRACE ffn_pair first=blk.1.ffn_gate.weight second=blk.1.ffn_up.weight M=1 K=2048 N=5632+5632 kinds=4/4 path=m1_pair
ROCKNPU GGML TRACE mul_mat weight=blk.1.ffn_down.weight type=q6_K M=1 K=5632 N=2048 path=w8a8_m1
ROCKNPU GGML TRACE qkv_triple layer=2 K=2048 N=2048+256+256 kinds=4/4/4
ROCKNPU GGML TRACE qkv_stash layer=2 first=blk.2.attn_v.weight second=blk.2.attn_k.weight
ROCKNPU GGML TRACE mul_mat weight=blk.2.attn_output.weight type=q4_K M=1 K=2048 N=2048 path=w8a8_m1
ROCKNPU GGML TRACE ffn_pair first=blk.2.ffn_gate.weight second=blk.2.ffn_up.weight M=1 K=2048 N=5632+5632 kinds=4/4 path=m1_pair
ROCKNPU GGML TRACE mul_mat weight=blk.2.ffn_down.weight type=q4_K M=1 K=5632 N=2048 path=w8a8_m1
ROCKNPU GGML TRACE qkv_triple layer=3 K=2048 N=2048+256+256 kinds=4/4/4
ROCKNPU GGML TRACE qkv_stash layer=3 first=blk.3.attn_v.weight second=blk.3.attn_k.weight
ROCKNPU GGML TRACE mul_mat weight=blk.3.attn_output.weight type=q4_K M=1 K=2048 N=2048 path=w8a8_m1
ROCKNPU GGML TRACE ffn_pair first=blk.3.ffn_gate.weight second=blk.3.ffn_up.weight M=1 K=2048 N=5632+5632 kinds=4/4 path=m1_pair
ROCKNPU GGML TRACE mul_mat weight=blk.3.ffn_down.weight type=q4_K M=1 K=5632 N=2048 path=w8a8_m1
ROCKNPU GGML TRACE qkv_triple layer=4 K=2048 N=2048+256+256 kinds=4/6/4
ROCKNPU GGML TRACE qkv_stash layer=4 first=blk.4.attn_v.weight second=blk.4.attn_k.weight
ROCKNPU GGML TRACE mul_mat weight=blk.4.attn_output.weight type=q4_K M=1 K=2048 N=2048 path=w8a8_m1
ROCKNPU GGML TRACE ffn_pair first=blk.4.ffn_gate.weight second=blk.4.ffn_up.weight M=1 K=2048 N=5632+5632 kinds=4/4 path=m1_pair
ROCKNPU GGML TRACE mul_mat weight=blk.4.ffn_down.weight type=q6_K M=1 K=5632 N=2048 path=w8a8_m1
ROCKNPU GGML TRACE qkv_triple layer=5 K=2048 N=2048+256+256 kinds=4/4/4
ROCKNPU GGML TRACE qkv_stash layer=5 first=blk.5.attn_v.weight second=blk.5.attn_k.weight
ROCKNPU GGML TRACE mul_mat weight=blk.5.attn_output.weight type=q4_K M=1 K=2048 N=2048 path=w8a8_m1
ROCKNPU GGML TRACE ffn_pair first=blk.5.ffn_gate.weight second=blk.5.ffn_up.weight M=1 K=2048 N=5632+5632 kinds=4/4 path=m1_pair
ROCKNPU GGML TRACE mul_mat weight=blk.5.ffn_down.weight type=q4_K M=1 K=5632 N=2048 path=w8a8_m1
ROCKNPU GGML TRACE qkv_triple layer=6 K=2048 N=2048+256+256 kinds=4/4/4
ROCKNPU GGML TRACE qkv_stash layer=6 first=blk.6.attn_v.weight second=blk.6.attn_k.weight
ROCKNPU GGML TRACE mul_mat weight=blk.6.attn_output.weight type=q4_K M=1 K=2048 N=2048 path=w8a8_m1
ROCKNPU GGML TRACE ffn_pair first=blk.6.ffn_gate.weight second=blk.6.ffn_up.weight M=1 K=2048 N=5632+5632 kinds=4/4 path=m1_pair
ROCKNPU GGML TRACE mul_mat weight=blk.6.ffn_down.weight type=q4_K M=1 K=5632 N=2048 path=w8a8_m1
ROCKNPU GGML TRACE qkv_triple layer=7 K=2048 N=2048+256+256 kinds=4/6/4
ROCKNPU GGML TRACE qkv_stash layer=7 first=blk.7.attn_v.weight second=blk.7.attn_k.weight
ROCKNPU GGML TRACE mul_mat weight=blk.7.attn_output.weight type=q4_K M=1 K=2048 N=2048 path=w8a8_m1
ROCKNPU GGML TRACE ffn_pair first=blk.7.ffn_gate.weight second=blk.7.ffn_up.weight M=1 K=2048 N=5632+5632 kinds=4/4 path=m1_pair
ROCKNPU GGML TRACE mul_mat weight=blk.7.ffn_down.weight type=q6_K M=1 K=5632 N=2048 path=w8a8_m1
ROCKNPU GGML TRACE qkv_triple layer=8 K=2048 N=2048+256+256 kinds=4/6/4
ROCKNPU GGML TRACE qkv_stash layer=8 first=blk.8.attn_v.weight second=blk.8.attn_k.weight
ROCKNPU GGML TRACE mul_mat weight=blk.8.attn_output.weight type=q4_K M=1 K=2048 N=2048 path=w8a8_m1
ROCKNPU GGML TRACE ffn_pair first=blk.8.ffn_gate.weight second=blk.8.ffn_up.weight M=1 K=2048 N=5632+5632 kinds=4/4 path=m1_pair
ROCKNPU GGML TRACE mul_mat weight=blk.8.ffn_down.weight type=q6_K M=1 K=5632 N=2048 path=w8a8_m1
ROCKNPU GGML TRACE qkv_triple layer=9 K=2048 N=2048+256+256 kinds=4/6/4
ROCKNPU GGML TRACE qkv_stash layer=9 first=blk.9.attn_v.weight second=blk.9.attn_k.weight
ROCKNPU GGML TRACE mul_mat weight=blk.9.attn_output.weight type=q4_K M=1 K=2048 N=2048 path=w8a8_m1
ROCKNPU GGML TRACE ffn_pair first=blk.9.ffn_gate.weight second=blk.9.ffn_up.weight M=1 K=2048 N=5632+5632 kinds=4/4 path=m1_pair
ROCKNPU GGML TRACE mul_mat weight=blk.9.ffn_down.weight type=q6_K M=1 K=5632 N=2048 path=w8a8_m1
ROCKNPU GGML TRACE qkv_triple layer=10 K=2048 N=2048+256+256 kinds=4/4/4
ROCKNPU GGML TRACE qkv_stash layer=10 first=blk.10.attn_v.weight second=blk.10.attn_k.weight
ROCKNPU GGML TRACE mul_mat weight=blk.10.attn_output.weight type=q4_K M=1 K=2048 N=2048 path=w8a8_m1
ROCKNPU GGML TRACE ffn_pair first=blk.10.ffn_gate.weight second=blk.10.ffn_up.weight M=1 K=2048 N=5632+5632 kinds=4/4 path=m1_pair
ROCKNPU GGML TRACE mul_mat weight=blk.10.ffn_down.weight type=q4_K M=1 K=5632 N=2048 path=w8a8_m1
ROCKNPU GGML TRACE qkv_triple layer=11 K=2048 N=2048+256+256 kinds=4/4/4
ROCKNPU GGML TRACE qkv_stash layer=11 first=blk.11.attn_v.weight second=blk.11.attn_k.weight
ROCKNPU GGML TRACE mul_mat weight=blk.11.attn_output.weight type=q4_K M=1 K=2048 N=2048 path=w8a8_m1
ROCKNPU GGML TRACE ffn_pair first=blk.11.ffn_gate.weight second=blk.11.ffn_up.weight M=1 K=2048 N=5632+5632 kinds=4/4 path=m1_pair
ROCKNPU GGML TRACE mul_mat weight=blk.11.ffn_down.weight type=q4_K M=1 K=5632 N=2048 path=w8a8_m1
ROCKNPU GGML TRACE qkv_triple layer=12 K=2048 N=2048+256+256 kinds=4/6/4
ROCKNPU GGML TRACE qkv_stash layer=12 first=blk.12.attn_v.weight second=blk.12.attn_k.weight
ROCKNPU GGML TRACE mul_mat weight=blk.12.attn_output.weight type=q4_K M=1 K=2048 N=2048 path=w8a8_m1
ROCKNPU GGML TRACE ffn_pair first=blk.12.ffn_gate.weight second=blk.12.ffn_up.weight M=1 K=2048 N=5632+5632 kinds=4/4 path=m1_pair
ROCKNPU GGML TRACE mul_mat weight=blk.12.ffn_down.weight type=q6_K M=1 K=5632 N=2048 path=w8a8_m1
ROCKNPU GGML TRACE qkv_triple layer=13 K=2048 N=2048+256+256 kinds=4/4/4
ROCKNPU GGML TRACE qkv_stash layer=13 first=blk.13.attn_v.weight second=blk.13.attn_k.weight
ROCKNPU GGML TRACE mul_mat weight=blk.13.attn_output.weight type=q4_K M=1 K=2048 N=2048 path=w8a8_m1
ROCKNPU GGML TRACE ffn_pair first=blk.13.ffn_gate.weight second=blk.13.ffn_up.weight M=1 K=2048 N=5632+5632 kinds=4/4 path=m1_pair
ROCKNPU GGML TRACE mul_mat weight=blk.13.ffn_down.weight type=q4_K M=1 K=5632 N=2048 path=w8a8_m1
ROCKNPU GGML TRACE qkv_triple layer=14 K=2048 N=2048+256+256 kinds=4/4/4
ROCKNPU GGML TRACE qkv_stash layer=14 first=blk.14.attn_v.weight second=blk.14.attn_k.weight
ROCKNPU GGML TRACE mul_mat weight=blk.14.attn_output.weight type=q4_K M=1 K=2048 N=2048 path=w8a8_m1
ROCKNPU GGML TRACE ffn_pair first=blk.14.ffn_gate.weight second=blk.14.ffn_up.weight M=1 K=2048 N=5632+5632 kinds=4/4 path=m1_pair
ROCKNPU GGML TRACE mul_mat weight=blk.14.ffn_down.weight type=q4_K M=1 K=5632 N=2048 path=w8a8_m1
ROCKNPU GGML TRACE qkv_triple layer=15 K=2048 N=2048+256+256 kinds=4/6/4
ROCKNPU GGML TRACE qkv_stash layer=15 first=blk.15.attn_v.weight second=blk.15.attn_k.weight
ROCKNPU GGML TRACE mul_mat weight=blk.15.attn_output.weight type=q4_K M=1 K=2048 N=2048 path=w8a8_m1
ROCKNPU GGML TRACE ffn_pair first=blk.15.ffn_gate.weight second=blk.15.ffn_up.weight M=1 K=2048 N=5632+5632 kinds=4/4 path=m1_pair
ROCKNPU GGML TRACE mul_mat weight=blk.15.ffn_down.weight type=q6_K M=1 K=5632 N=2048 path=w8a8_m1
ROCKNPU GGML TRACE qkv_triple layer=16 K=2048 N=2048+256+256 kinds=4/4/4
ROCKNPU GGML TRACE qkv_stash layer=16 first=blk.16.attn_v.weight second=blk.16.attn_k.weight
ROCKNPU GGML TRACE mul_mat weight=blk.16.attn_output.weight type=q4_K M=1 K=2048 N=2048 path=w8a8_m1
ROCKNPU GGML TRACE ffn_pair first=blk.16.ffn_gate.weight second=blk.16.ffn_up.weight M=1 K=2048 N=5632+5632 kinds=4/4 path=m1_pair
ROCKNPU GGML TRACE mul_mat weight=blk.16.ffn_down.weight type=q4_K M=1 K=5632 N=2048 path=w8a8_m1
ROCKNPU GGML TRACE qkv_triple layer=17 K=2048 N=2048+256+256 kinds=4/4/4
ROCKNPU GGML TRACE qkv_stash layer=17 first=blk.17.attn_v.weight second=blk.17.attn_k.weight
ROCKNPU GGML TRACE mul_mat weight=blk.17.attn_output.weight type=q4_K M=1 K=2048 N=2048 path=w8a8_m1
ROCKNPU GGML TRACE ffn_pair first=blk.17.ffn_gate.weight second=blk.17.ffn_up.weight M=1 K=2048 N=5632+5632 kinds=4/4 path=m1_pair
ROCKNPU GGML TRACE mul_mat weight=blk.17.ffn_down.weight type=q4_K M=1 K=5632 N=2048 path=w8a8_m1
ROCKNPU GGML TRACE qkv_triple layer=18 K=2048 N=2048+256+256 kinds=4/6/4
ROCKNPU GGML TRACE qkv_stash layer=18 first=blk.18.attn_v.weight second=blk.18.attn_k.weight
ROCKNPU GGML TRACE mul_mat weight=blk.18.attn_output.weight type=q4_K M=1 K=2048 N=2048 path=w8a8_m1
ROCKNPU GGML TRACE ffn_pair first=blk.18.ffn_gate.weight second=blk.18.ffn_up.weight M=1 K=2048 N=5632+5632 kinds=4/4 path=m1_pair
ROCKNPU GGML TRACE mul_mat weight=blk.18.ffn_down.weight type=q6_K M=1 K=5632 N=2048 path=w8a8_m1
ROCKNPU GGML TRACE qkv_triple layer=19 K=2048 N=2048+256+256 kinds=4/4/4
ROCKNPU GGML TRACE qkv_stash layer=19 first=blk.19.attn_v.weight second=blk.19.attn_k.weight
ROCKNPU GGML TRACE mul_mat weight=blk.19.attn_output.weight type=q4_K M=1 K=2048 N=2048 path=w8a8_m1
ROCKNPU GGML TRACE ffn_pair first=blk.19.ffn_gate.weight second=blk.19.ffn_up.weight M=1 K=2048 N=5632+5632 kinds=4/4 path=m1_pair
ROCKNPU GGML TRACE mul_mat weight=blk.19.ffn_down.weight type=q4_K M=1 K=5632 N=2048 path=w8a8_m1
ROCKNPU GGML TRACE qkv_triple layer=20 K=2048 N=2048+256+256 kinds=4/6/4
ROCKNPU GGML TRACE qkv_stash layer=20 first=blk.20.attn_v.weight second=blk.20.attn_k.weight
ROCKNPU GGML TRACE mul_mat weight=blk.20.attn_output.weight type=q4_K M=1 K=2048 N=2048 path=w8a8_m1
ROCKNPU GGML TRACE ffn_pair first=blk.20.ffn_gate.weight second=blk.20.ffn_up.weight M=1 K=2048 N=5632+5632 kinds=4/4 path=m1_pair
ROCKNPU GGML TRACE mul_mat weight=blk.20.ffn_down.weight type=q6_K M=1 K=5632 N=2048 path=w8a8_m1
ROCKNPU GGML TRACE qkv_triple layer=21 K=2048 N=2048+256+256 kinds=4/4/4
ROCKNPU GGML TRACE qkv_stash layer=21 first=blk.21.attn_v.weight second=blk.21.attn_k.weight
ROCKNPU GGML TRACE mul_mat weight=blk.21.attn_output.weight type=q4_K M=1 K=2048 N=2048 path=w8a8_m1
ROCKNPU GGML TRACE ffn_pair first=blk.21.ffn_gate.weight second=blk.21.ffn_up.weight M=1 K=2048 N=5632+5632 kinds=4/4 path=m1_pair
ROCKNPU GGML TRACE mul_mat weight=blk.21.ffn_down.weight type=q4_K M=1 K=5632 N=2048 path=w8a8_m1
slot print_timing: id  3 | task 0 | prompt eval time =      59.72 ms /     2 tokens (   29.86 ms per token,    33.49 tokens per second)
slot print_timing: id  3 | task 0 |        eval time =    2414.31 ms /     8 tokens (  344.90 ms per token,     2.90 tokens per second)
slot print_timing: id  3 | task 0 |       total time =    2474.03 ms /    10 tokens
slot print_timing: id  3 | task 0 |    graphs reused =          8
slot      release: id  3 | task 0 | stop processing: n_tokens = 9, truncated = 0
srv  update_slots: all slots are idle
srv  server_strea: conv_id= (empty=1)
slot get_availabl: id  0 | task -1 |  - skipping, slot is empty
slot get_availabl: id  1 | task -1 |  - skipping, slot is empty
slot get_availabl: id  2 | task -1 |  - skipping, slot is empty
slot get_availabl: id  3 | task -1 |  - checking sim = 1.000 (2/2) > 0.100
slot get_availabl: id  3 | task -1 | selected slot by LCP similarity, f_sim_best = 1.000 (> 0.100 thold), f_keep = 0.222
srv  get_availabl: updating prompt cache
srv   prompt_save:  - saving prompt with length 9, total state size = 0.194 MiB (draft: 0.000 MiB)
srv          load:  - looking for better prompt, base f_keep = 0.222, f_sim = 1.000
srv          load:    - prompt with length       9, lcp =       2, f_keep = 0.222, f_sim = 1.000
srv        update:  - cache state: 1 prompts, 0.194 MiB (limits: 8192.000 MiB, 2048 tokens, 380063 est)
srv        update:    - prompt 0xaaab00d81cd0:       9 tokens, checkpoints:  0,     0.194 MiB
srv  get_availabl: prompt cache update took 0.38 ms
slot launch_slot_: id  3 | task -1 | sampler chain: logits -> ?penalties -> ?dry -> ?top-n-sigma -> top-k -> ?typical -> top-p -> min-p -> ?xtc -> temp-ext -> dist 
slot launch_slot_: id  3 | task -1 | sampler params: 
	repeat_last_n = 64, repeat_penalty = 1.000, frequency_penalty = 0.000, presence_penalty = 0.000
	dry_multiplier = 0.000, dry_base = 1.750, dry_allowed_length = 2, dry_penalty_last_n = 64
	top_k = 1, top_p = 0.950, min_p = 0.050, xtc_probability = 0.000, xtc_threshold = 0.100, typical_p = 1.000, top_n_sigma = -1.000, temp = 0.000
	mirostat = 0, mirostat_lr = 0.100, mirostat_ent = 5.000, adaptive_target = -1.000, adaptive_decay = 0.900
slot launch_slot_: id  3 | task 9 | processing task, is_child = 0
slot process_sing: id  0 | task -1 | saving idle slot to prompt cache
slot prompt_clear: id  0 | task -1 | clearing prompt with 0 tokens
slot process_sing: id  1 | task -1 | saving idle slot to prompt cache
slot prompt_clear: id  1 | task -1 | clearing prompt with 0 tokens
slot process_sing: id  2 | task -1 | saving idle slot to prompt cache
slot prompt_clear: id  2 | task -1 | clearing prompt with 0 tokens
slot   operator(): id  3 | task 9 | new prompt, n_ctx_slot = 2048, n_keep = 4, task.n_tokens = 2
slot   operator(): id  3 | task 9 | cached n_tokens = 0, memory_seq_rm [0, end)
slot init_sampler: id  3 | task 9 | init sampler, took 0.00 ms, tokens: text = 2, total = 2
ROCKNPU GGML TRACE ffn_pair first=blk.21.ffn_gate.weight second=blk.21.ffn_up.weight M=1 K=2048 N=5632+5632 kinds=4/4 path=m1_pair
ROCKNPU GGML TRACE mul_mat weight=blk.21.ffn_down.weight type=q4_K M=1 K=5632 N=2048 path=w8a8_m1
ROCKNPU GGML TRACE qkv_triple layer=0 K=2048 N=2048+256+256 kinds=4/6/4
ROCKNPU GGML TRACE qkv_stash layer=0 first=blk.0.attn_v.weight second=blk.0.attn_k.weight
ROCKNPU GGML TRACE mul_mat weight=blk.0.attn_output.weight type=q4_K M=1 K=2048 N=2048 path=w8a8_m1
ROCKNPU GGML TRACE ffn_pair first=blk.0.ffn_gate.weight second=blk.0.ffn_up.weight M=1 K=2048 N=5632+5632 kinds=4/4 path=m1_pair
ROCKNPU GGML TRACE mul_mat weight=blk.0.ffn_down.weight type=q6_K M=1 K=5632 N=2048 path=w8a8_m1
ROCKNPU GGML TRACE qkv_triple layer=1 K=2048 N=2048+256+256 kinds=4/6/4
ROCKNPU GGML TRACE qkv_stash layer=1 first=blk.1.attn_v.weight second=blk.1.attn_k.weight
ROCKNPU GGML TRACE mul_mat weight=blk.1.attn_output.weight type=q4_K M=1 K=2048 N=2048 path=w8a8_m1
ROCKNPU GGML TRACE ffn_pair first=blk.1.ffn_gate.weight second=blk.1.ffn_up.weight M=1 K=2048 N=5632+5632 kinds=4/4 path=m1_pair
ROCKNPU GGML TRACE mul_mat weight=blk.1.ffn_down.weight type=q6_K M=1 K=5632 N=2048 path=w8a8_m1
ROCKNPU GGML TRACE qkv_triple layer=2 K=2048 N=2048+256+256 kinds=4/4/4
ROCKNPU GGML TRACE qkv_stash layer=2 first=blk.2.attn_v.weight second=blk.2.attn_k.weight
ROCKNPU GGML TRACE mul_mat weight=blk.2.attn_output.weight type=q4_K M=1 K=2048 N=2048 path=w8a8_m1
ROCKNPU GGML TRACE ffn_pair first=blk.2.ffn_gate.weight second=blk.2.ffn_up.weight M=1 K=2048 N=5632+5632 kinds=4/4 path=m1_pair
ROCKNPU GGML TRACE mul_mat weight=blk.2.ffn_down.weight type=q4_K M=1 K=5632 N=2048 path=w8a8_m1
ROCKNPU GGML TRACE qkv_triple layer=3 K=2048 N=2048+256+256 kinds=4/4/4
ROCKNPU GGML TRACE qkv_stash layer=3 first=blk.3.attn_v.weight second=blk.3.attn_k.weight
ROCKNPU GGML TRACE mul_mat weight=blk.3.attn_output.weight type=q4_K M=1 K=2048 N=2048 path=w8a8_m1
ROCKNPU GGML TRACE ffn_pair first=blk.3.ffn_gate.weight second=blk.3.ffn_up.weight M=1 K=2048 N=5632+5632 kinds=4/4 path=m1_pair
ROCKNPU GGML TRACE mul_mat weight=blk.3.ffn_down.weight type=q4_K M=1 K=5632 N=2048 path=w8a8_m1
ROCKNPU GGML TRACE qkv_triple layer=4 K=2048 N=2048+256+256 kinds=4/6/4
ROCKNPU GGML TRACE qkv_stash layer=4 first=blk.4.attn_v.weight second=blk.4.attn_k.weight
ROCKNPU GGML TRACE mul_mat weight=blk.4.attn_output.weight type=q4_K M=1 K=2048 N=2048 path=w8a8_m1
ROCKNPU GGML TRACE ffn_pair first=blk.4.ffn_gate.weight second=blk.4.ffn_up.weight M=1 K=2048 N=5632+5632 kinds=4/4 path=m1_pair
ROCKNPU GGML TRACE mul_mat weight=blk.4.ffn_down.weight type=q6_K M=1 K=5632 N=2048 path=w8a8_m1
ROCKNPU GGML TRACE qkv_triple layer=5 K=2048 N=2048+256+256 kinds=4/4/4
ROCKNPU GGML TRACE qkv_stash layer=5 first=blk.5.attn_v.weight second=blk.5.attn_k.weight
ROCKNPU GGML TRACE mul_mat weight=blk.5.attn_output.weight type=q4_K M=1 K=2048 N=2048 path=w8a8_m1
ROCKNPU GGML TRACE ffn_pair first=blk.5.ffn_gate.weight second=blk.5.ffn_up.weight M=1 K=2048 N=5632+5632 kinds=4/4 path=m1_pair
ROCKNPU GGML TRACE mul_mat weight=blk.5.ffn_down.weight type=q4_K M=1 K=5632 N=2048 path=w8a8_m1
ROCKNPU GGML TRACE qkv_triple layer=6 K=2048 N=2048+256+256 kinds=4/4/4
ROCKNPU GGML TRACE qkv_stash layer=6 first=blk.6.attn_v.weight second=blk.6.attn_k.weight
ROCKNPU GGML TRACE mul_mat weight=blk.6.attn_output.weight type=q4_K M=1 K=2048 N=2048 path=w8a8_m1
ROCKNPU GGML TRACE ffn_pair first=blk.6.ffn_gate.weight second=blk.6.ffn_up.weight M=1 K=2048 N=5632+5632 kinds=4/4 path=m1_pair
ROCKNPU GGML TRACE mul_mat weight=blk.6.ffn_down.weight type=q4_K M=1 K=5632 N=2048 path=w8a8_m1
ROCKNPU GGML TRACE qkv_triple layer=7 K=2048 N=2048+256+256 kinds=4/6/4
ROCKNPU GGML TRACE qkv_stash layer=7 first=blk.7.attn_v.weight second=blk.7.attn_k.weight
ROCKNPU GGML TRACE mul_mat weight=blk.7.attn_output.weight type=q4_K M=1 K=2048 N=2048 path=w8a8_m1
ROCKNPU GGML TRACE ffn_pair first=blk.7.ffn_gate.weight second=blk.7.ffn_up.weight M=1 K=2048 N=5632+5632 kinds=4/4 path=m1_pair
ROCKNPU GGML TRACE mul_mat weight=blk.7.ffn_down.weight type=q6_K M=1 K=5632 N=2048 path=w8a8_m1
ROCKNPU GGML TRACE qkv_triple layer=8 K=2048 N=2048+256+256 kinds=4/6/4
ROCKNPU GGML TRACE qkv_stash layer=8 first=blk.8.attn_v.weight second=blk.8.attn_k.weight
ROCKNPU GGML TRACE mul_mat weight=blk.8.attn_output.weight type=q4_K M=1 K=2048 N=2048 path=w8a8_m1
ROCKNPU GGML TRACE ffn_pair first=blk.8.ffn_gate.weight second=blk.8.ffn_up.weight M=1 K=2048 N=5632+5632 kinds=4/4 path=m1_pair
ROCKNPU GGML TRACE mul_mat weight=blk.8.ffn_down.weight type=q6_K M=1 K=5632 N=2048 path=w8a8_m1
ROCKNPU GGML TRACE qkv_triple layer=9 K=2048 N=2048+256+256 kinds=4/6/4
ROCKNPU GGML TRACE qkv_stash layer=9 first=blk.9.attn_v.weight second=blk.9.attn_k.weight
ROCKNPU GGML TRACE mul_mat weight=blk.9.attn_output.weight type=q4_K M=1 K=2048 N=2048 path=w8a8_m1
ROCKNPU GGML TRACE ffn_pair first=blk.9.ffn_gate.weight second=blk.9.ffn_up.weight M=1 K=2048 N=5632+5632 kinds=4/4 path=m1_pair
ROCKNPU GGML TRACE mul_mat weight=blk.9.ffn_down.weight type=q6_K M=1 K=5632 N=2048 path=w8a8_m1
ROCKNPU GGML TRACE qkv_triple layer=10 K=2048 N=2048+256+256 kinds=4/4/4
ROCKNPU GGML TRACE qkv_stash layer=10 first=blk.10.attn_v.weight second=blk.10.attn_k.weight
ROCKNPU GGML TRACE mul_mat weight=blk.10.attn_output.weight type=q4_K M=1 K=2048 N=2048 path=w8a8_m1
ROCKNPU GGML TRACE ffn_pair first=blk.10.ffn_gate.weight second=blk.10.ffn_up.weight M=1 K=2048 N=5632+5632 kinds=4/4 path=m1_pair
ROCKNPU GGML TRACE mul_mat weight=blk.10.ffn_down.weight type=q4_K M=1 K=5632 N=2048 path=w8a8_m1
ROCKNPU GGML TRACE qkv_triple layer=11 K=2048 N=2048+256+256 kinds=4/4/4
ROCKNPU GGML TRACE qkv_stash layer=11 first=blk.11.attn_v.weight second=blk.11.attn_k.weight
ROCKNPU GGML TRACE mul_mat weight=blk.11.attn_output.weight type=q4_K M=1 K=2048 N=2048 path=w8a8_m1
ROCKNPU GGML TRACE ffn_pair first=blk.11.ffn_gate.weight second=blk.11.ffn_up.weight M=1 K=2048 N=5632+5632 kinds=4/4 path=m1_pair
ROCKNPU GGML TRACE mul_mat weight=blk.11.ffn_down.weight type=q4_K M=1 K=5632 N=2048 path=w8a8_m1
ROCKNPU GGML TRACE qkv_triple layer=12 K=2048 N=2048+256+256 kinds=4/6/4
ROCKNPU GGML TRACE qkv_stash layer=12 first=blk.12.attn_v.weight second=blk.12.attn_k.weight
ROCKNPU GGML TRACE mul_mat weight=blk.12.attn_output.weight type=q4_K M=1 K=2048 N=2048 path=w8a8_m1
ROCKNPU GGML TRACE ffn_pair first=blk.12.ffn_gate.weight second=blk.12.ffn_up.weight M=1 K=2048 N=5632+5632 kinds=4/4 path=m1_pair
ROCKNPU GGML TRACE mul_mat weight=blk.12.ffn_down.weight type=q6_K M=1 K=5632 N=2048 path=w8a8_m1
ROCKNPU GGML TRACE qkv_triple layer=13 K=2048 N=2048+256+256 kinds=4/4/4
ROCKNPU GGML TRACE qkv_stash layer=13 first=blk.13.attn_v.weight second=blk.13.attn_k.weight
ROCKNPU GGML TRACE mul_mat weight=blk.13.attn_output.weight type=q4_K M=1 K=2048 N=2048 path=w8a8_m1
ROCKNPU GGML TRACE ffn_pair first=blk.13.ffn_gate.weight second=blk.13.ffn_up.weight M=1 K=2048 N=5632+5632 kinds=4/4 path=m1_pair
ROCKNPU GGML TRACE mul_mat weight=blk.13.ffn_down.weight type=q4_K M=1 K=5632 N=2048 path=w8a8_m1
ROCKNPU GGML TRACE qkv_triple layer=14 K=2048 N=2048+256+256 kinds=4/4/4
ROCKNPU GGML TRACE qkv_stash layer=14 first=blk.14.attn_v.weight second=blk.14.attn_k.weight
ROCKNPU GGML TRACE mul_mat weight=blk.14.attn_output.weight type=q4_K M=1 K=2048 N=2048 path=w8a8_m1
ROCKNPU GGML TRACE ffn_pair first=blk.14.ffn_gate.weight second=blk.14.ffn_up.weight M=1 K=2048 N=5632+5632 kinds=4/4 path=m1_pair
ROCKNPU GGML TRACE mul_mat weight=blk.14.ffn_down.weight type=q4_K M=1 K=5632 N=2048 path=w8a8_m1
ROCKNPU GGML TRACE qkv_triple layer=15 K=2048 N=2048+256+256 kinds=4/6/4
ROCKNPU GGML TRACE qkv_stash layer=15 first=blk.15.attn_v.weight second=blk.15.attn_k.weight
ROCKNPU GGML TRACE mul_mat weight=blk.15.attn_output.weight type=q4_K M=1 K=2048 N=2048 path=w8a8_m1
ROCKNPU GGML TRACE ffn_pair first=blk.15.ffn_gate.weight second=blk.15.ffn_up.weight M=1 K=2048 N=5632+5632 kinds=4/4 path=m1_pair
ROCKNPU GGML TRACE mul_mat weight=blk.15.ffn_down.weight type=q6_K M=1 K=5632 N=2048 path=w8a8_m1
ROCKNPU GGML TRACE qkv_triple layer=16 K=2048 N=2048+256+256 kinds=4/4/4
ROCKNPU GGML TRACE qkv_stash layer=16 first=blk.16.attn_v.weight second=blk.16.attn_k.weight
ROCKNPU GGML TRACE mul_mat weight=blk.16.attn_output.weight type=q4_K M=1 K=2048 N=2048 path=w8a8_m1
ROCKNPU GGML TRACE ffn_pair first=blk.16.ffn_gate.weight second=blk.16.ffn_up.weight M=1 K=2048 N=5632+5632 kinds=4/4 path=m1_pair
ROCKNPU GGML TRACE mul_mat weight=blk.16.ffn_down.weight type=q4_K M=1 K=5632 N=2048 path=w8a8_m1
ROCKNPU GGML TRACE qkv_triple layer=17 K=2048 N=2048+256+256 kinds=4/4/4
ROCKNPU GGML TRACE qkv_stash layer=17 first=blk.17.attn_v.weight second=blk.17.attn_k.weight
ROCKNPU GGML TRACE mul_mat weight=blk.17.attn_output.weight type=q4_K M=1 K=2048 N=2048 path=w8a8_m1
ROCKNPU GGML TRACE ffn_pair first=blk.17.ffn_gate.weight second=blk.17.ffn_up.weight M=1 K=2048 N=5632+5632 kinds=4/4 path=m1_pair
ROCKNPU GGML TRACE mul_mat weight=blk.17.ffn_down.weight type=q4_K M=1 K=5632 N=2048 path=w8a8_m1
ROCKNPU GGML TRACE qkv_triple layer=18 K=2048 N=2048+256+256 kinds=4/6/4
ROCKNPU GGML TRACE qkv_stash layer=18 first=blk.18.attn_v.weight second=blk.18.attn_k.weight
ROCKNPU GGML TRACE mul_mat weight=blk.18.attn_output.weight type=q4_K M=1 K=2048 N=2048 path=w8a8_m1
ROCKNPU GGML TRACE ffn_pair first=blk.18.ffn_gate.weight second=blk.18.ffn_up.weight M=1 K=2048 N=5632+5632 kinds=4/4 path=m1_pair
ROCKNPU GGML TRACE mul_mat weight=blk.18.ffn_down.weight type=q6_K M=1 K=5632 N=2048 path=w8a8_m1
ROCKNPU GGML TRACE qkv_triple layer=19 K=2048 N=2048+256+256 kinds=4/4/4
ROCKNPU GGML TRACE qkv_stash layer=19 first=blk.19.attn_v.weight second=blk.19.attn_k.weight
ROCKNPU GGML TRACE mul_mat weight=blk.19.attn_output.weight type=q4_K M=1 K=2048 N=2048 path=w8a8_m1
ROCKNPU GGML TRACE ffn_pair first=blk.19.ffn_gate.weight second=blk.19.ffn_up.weight M=1 K=2048 N=5632+5632 kinds=4/4 path=m1_pair
ROCKNPU GGML TRACE mul_mat weight=blk.19.ffn_down.weight type=q4_K M=1 K=5632 N=2048 path=w8a8_m1
ROCKNPU GGML TRACE qkv_triple layer=20 K=2048 N=2048+256+256 kinds=4/6/4
ROCKNPU GGML TRACE qkv_stash layer=20 first=blk.20.attn_v.weight second=blk.20.attn_k.weight
ROCKNPU GGML TRACE mul_mat weight=blk.20.attn_output.weight type=q4_K M=1 K=2048 N=2048 path=w8a8_m1
ROCKNPU GGML TRACE ffn_pair first=blk.20.ffn_gate.weight second=blk.20.ffn_up.weight M=1 K=2048 N=5632+5632 kinds=4/4 path=m1_pair
ROCKNPU GGML TRACE mul_mat weight=blk.20.ffn_down.weight type=q6_K M=1 K=5632 N=2048 path=w8a8_m1
ROCKNPU GGML TRACE qkv_triple layer=21 K=2048 N=2048+256+256 kinds=4/4/4
ROCKNPU GGML TRACE qkv_stash layer=21 first=blk.21.attn_v.weight second=blk.21.attn_k.weight
ROCKNPU GGML TRACE mul_mat weight=blk.21.attn_output.weight type=q4_K M=1 K=2048 N=2048 path=w8a8_m1
ROCKNPU GGML TRACE ffn_pair first=blk.21.ffn_gate.weight second=blk.21.ffn_up.weight M=1 K=2048 N=5632+5632 kinds=4/4 path=m1_pair
ROCKNPU GGML TRACE mul_mat weight=blk.21.ffn_down.weight type=q4_K M=1 K=5632 N=2048 path=w8a8_m1
ROCKNPU GGML TRACE qkv_triple layer=0 K=2048 N=2048+256+256 kinds=4/6/4
ROCKNPU GGML TRACE qkv_stash layer=0 first=blk.0.attn_v.weight second=blk.0.attn_k.weight
ROCKNPU GGML TRACE mul_mat weight=blk.0.attn_output.weight type=q4_K M=1 K=2048 N=2048 path=w8a8_m1
ROCKNPU GGML TRACE ffn_pair first=blk.0.ffn_gate.weight second=blk.0.ffn_up.weight M=1 K=2048 N=5632+5632 kinds=4/4 path=m1_pair
ROCKNPU GGML TRACE mul_mat weight=blk.0.ffn_down.weight type=q6_K M=1 K=5632 N=2048 path=w8a8_m1
ROCKNPU GGML TRACE qkv_triple layer=1 K=2048 N=2048+256+256 kinds=4/6/4
ROCKNPU GGML TRACE qkv_stash layer=1 first=blk.1.attn_v.weight second=blk.1.attn_k.weight
ROCKNPU GGML TRACE mul_mat weight=blk.1.attn_output.weight type=q4_K M=1 K=2048 N=2048 path=w8a8_m1
ROCKNPU GGML TRACE ffn_pair first=blk.1.ffn_gate.weight second=blk.1.ffn_up.weight M=1 K=2048 N=5632+5632 kinds=4/4 path=m1_pair
ROCKNPU GGML TRACE mul_mat weight=blk.1.ffn_down.weight type=q6_K M=1 K=5632 N=2048 path=w8a8_m1
ROCKNPU GGML TRACE qkv_triple layer=2 K=2048 N=2048+256+256 kinds=4/4/4
ROCKNPU GGML TRACE qkv_stash layer=2 first=blk.2.attn_v.weight second=blk.2.attn_k.weight
ROCKNPU GGML TRACE mul_mat weight=blk.2.attn_output.weight type=q4_K M=1 K=2048 N=2048 path=w8a8_m1
ROCKNPU GGML TRACE ffn_pair first=blk.2.ffn_gate.weight second=blk.2.ffn_up.weight M=1 K=2048 N=5632+5632 kinds=4/4 path=m1_pair
ROCKNPU GGML TRACE mul_mat weight=blk.2.ffn_down.weight type=q4_K M=1 K=5632 N=2048 path=w8a8_m1
ROCKNPU GGML TRACE qkv_triple layer=3 K=2048 N=2048+256+256 kinds=4/4/4
ROCKNPU GGML TRACE qkv_stash layer=3 first=blk.3.attn_v.weight second=blk.3.attn_k.weight
ROCKNPU GGML TRACE mul_mat weight=blk.3.attn_output.weight type=q4_K M=1 K=2048 N=2048 path=w8a8_m1
ROCKNPU GGML TRACE ffn_pair first=blk.3.ffn_gate.weight second=blk.3.ffn_up.weight M=1 K=2048 N=5632+5632 kinds=4/4 path=m1_pair
ROCKNPU GGML TRACE mul_mat weight=blk.3.ffn_down.weight type=q4_K M=1 K=5632 N=2048 path=w8a8_m1
ROCKNPU GGML TRACE qkv_triple layer=4 K=2048 N=2048+256+256 kinds=4/6/4
ROCKNPU GGML TRACE qkv_stash layer=4 first=blk.4.attn_v.weight second=blk.4.attn_k.weight
ROCKNPU GGML TRACE mul_mat weight=blk.4.attn_output.weight type=q4_K M=1 K=2048 N=2048 path=w8a8_m1
ROCKNPU GGML TRACE ffn_pair first=blk.4.ffn_gate.weight second=blk.4.ffn_up.weight M=1 K=2048 N=5632+5632 kinds=4/4 path=m1_pair
ROCKNPU GGML TRACE mul_mat weight=blk.4.ffn_down.weight type=q6_K M=1 K=5632 N=2048 path=w8a8_m1
ROCKNPU GGML TRACE qkv_triple layer=5 K=2048 N=2048+256+256 kinds=4/4/4
ROCKNPU GGML TRACE qkv_stash layer=5 first=blk.5.attn_v.weight second=blk.5.attn_k.weight
ROCKNPU GGML TRACE mul_mat weight=blk.5.attn_output.weight type=q4_K M=1 K=2048 N=2048 path=w8a8_m1
ROCKNPU GGML TRACE ffn_pair first=blk.5.ffn_gate.weight second=blk.5.ffn_up.weight M=1 K=2048 N=5632+5632 kinds=4/4 path=m1_pair
ROCKNPU GGML TRACE mul_mat weight=blk.5.ffn_down.weight type=q4_K M=1 K=5632 N=2048 path=w8a8_m1
ROCKNPU GGML TRACE qkv_triple layer=6 K=2048 N=2048+256+256 kinds=4/4/4
ROCKNPU GGML TRACE qkv_stash layer=6 first=blk.6.attn_v.weight second=blk.6.attn_k.weight
ROCKNPU GGML TRACE mul_mat weight=blk.6.attn_output.weight type=q4_K M=1 K=2048 N=2048 path=w8a8_m1
ROCKNPU GGML TRACE ffn_pair first=blk.6.ffn_gate.weight second=blk.6.ffn_up.weight M=1 K=2048 N=5632+5632 kinds=4/4 path=m1_pair
ROCKNPU GGML TRACE mul_mat weight=blk.6.ffn_down.weight type=q4_K M=1 K=5632 N=2048 path=w8a8_m1
ROCKNPU GGML TRACE qkv_triple layer=7 K=2048 N=2048+256+256 kinds=4/6/4
ROCKNPU GGML TRACE qkv_stash layer=7 first=blk.7.attn_v.weight second=blk.7.attn_k.weight
ROCKNPU GGML TRACE mul_mat weight=blk.7.attn_output.weight type=q4_K M=1 K=2048 N=2048 path=w8a8_m1
ROCKNPU GGML TRACE ffn_pair first=blk.7.ffn_gate.weight second=blk.7.ffn_up.weight M=1 K=2048 N=5632+5632 kinds=4/4 path=m1_pair
ROCKNPU GGML TRACE mul_mat weight=blk.7.ffn_down.weight type=q6_K M=1 K=5632 N=2048 path=w8a8_m1
ROCKNPU GGML TRACE qkv_triple layer=8 K=2048 N=2048+256+256 kinds=4/6/4
ROCKNPU GGML TRACE qkv_stash layer=8 first=blk.8.attn_v.weight second=blk.8.attn_k.weight
ROCKNPU GGML TRACE mul_mat weight=blk.8.attn_output.weight type=q4_K M=1 K=2048 N=2048 path=w8a8_m1
ROCKNPU GGML TRACE ffn_pair first=blk.8.ffn_gate.weight second=blk.8.ffn_up.weight M=1 K=2048 N=5632+5632 kinds=4/4 path=m1_pair
ROCKNPU GGML TRACE mul_mat weight=blk.8.ffn_down.weight type=q6_K M=1 K=5632 N=2048 path=w8a8_m1
ROCKNPU GGML TRACE qkv_triple layer=9 K=2048 N=2048+256+256 kinds=4/6/4
ROCKNPU GGML TRACE qkv_stash layer=9 first=blk.9.attn_v.weight second=blk.9.attn_k.weight
ROCKNPU GGML TRACE mul_mat weight=blk.9.attn_output.weight type=q4_K M=1 K=2048 N=2048 path=w8a8_m1
ROCKNPU GGML TRACE ffn_pair first=blk.9.ffn_gate.weight second=blk.9.ffn_up.weight M=1 K=2048 N=5632+5632 kinds=4/4 path=m1_pair
ROCKNPU GGML TRACE mul_mat weight=blk.9.ffn_down.weight type=q6_K M=1 K=5632 N=2048 path=w8a8_m1
ROCKNPU GGML TRACE qkv_triple layer=10 K=2048 N=2048+256+256 kinds=4/4/4
ROCKNPU GGML TRACE qkv_stash layer=10 first=blk.10.attn_v.weight second=blk.10.attn_k.weight
ROCKNPU GGML TRACE mul_mat weight=blk.10.attn_output.weight type=q4_K M=1 K=2048 N=2048 path=w8a8_m1
ROCKNPU GGML TRACE ffn_pair first=blk.10.ffn_gate.weight second=blk.10.ffn_up.weight M=1 K=2048 N=5632+5632 kinds=4/4 path=m1_pair
ROCKNPU GGML TRACE mul_mat weight=blk.10.ffn_down.weight type=q4_K M=1 K=5632 N=2048 path=w8a8_m1
ROCKNPU GGML TRACE qkv_triple layer=11 K=2048 N=2048+256+256 kinds=4/4/4
ROCKNPU GGML TRACE qkv_stash layer=11 first=blk.11.attn_v.weight second=blk.11.attn_k.weight
ROCKNPU GGML TRACE mul_mat weight=blk.11.attn_output.weight type=q4_K M=1 K=2048 N=2048 path=w8a8_m1
ROCKNPU GGML TRACE ffn_pair first=blk.11.ffn_gate.weight second=blk.11.ffn_up.weight M=1 K=2048 N=5632+5632 kinds=4/4 path=m1_pair
ROCKNPU GGML TRACE mul_mat weight=blk.11.ffn_down.weight type=q4_K M=1 K=5632 N=2048 path=w8a8_m1
ROCKNPU GGML TRACE qkv_triple layer=12 K=2048 N=2048+256+256 kinds=4/6/4
ROCKNPU GGML TRACE qkv_stash layer=12 first=blk.12.attn_v.weight second=blk.12.attn_k.weight
ROCKNPU GGML TRACE mul_mat weight=blk.12.attn_output.weight type=q4_K M=1 K=2048 N=2048 path=w8a8_m1
ROCKNPU GGML TRACE ffn_pair first=blk.12.ffn_gate.weight second=blk.12.ffn_up.weight M=1 K=2048 N=5632+5632 kinds=4/4 path=m1_pair
ROCKNPU GGML TRACE mul_mat weight=blk.12.ffn_down.weight type=q6_K M=1 K=5632 N=2048 path=w8a8_m1
ROCKNPU GGML TRACE qkv_triple layer=13 K=2048 N=2048+256+256 kinds=4/4/4
ROCKNPU GGML TRACE qkv_stash layer=13 first=blk.13.attn_v.weight second=blk.13.attn_k.weight
ROCKNPU GGML TRACE mul_mat weight=blk.13.attn_output.weight type=q4_K M=1 K=2048 N=2048 path=w8a8_m1
ROCKNPU GGML TRACE ffn_pair first=blk.13.ffn_gate.weight second=blk.13.ffn_up.weight M=1 K=2048 N=5632+5632 kinds=4/4 path=m1_pair
ROCKNPU GGML TRACE mul_mat weight=blk.13.ffn_down.weight type=q4_K M=1 K=5632 N=2048 path=w8a8_m1
ROCKNPU GGML TRACE qkv_triple layer=14 K=2048 N=2048+256+256 kinds=4/4/4
ROCKNPU GGML TRACE qkv_stash layer=14 first=blk.14.attn_v.weight second=blk.14.attn_k.weight
ROCKNPU GGML TRACE mul_mat weight=blk.14.attn_output.weight type=q4_K M=1 K=2048 N=2048 path=w8a8_m1
ROCKNPU GGML TRACE ffn_pair first=blk.14.ffn_gate.weight second=blk.14.ffn_up.weight M=1 K=2048 N=5632+5632 kinds=4/4 path=m1_pair
ROCKNPU GGML TRACE mul_mat weight=blk.14.ffn_down.weight type=q4_K M=1 K=5632 N=2048 path=w8a8_m1
ROCKNPU GGML TRACE qkv_triple layer=15 K=2048 N=2048+256+256 kinds=4/6/4
ROCKNPU GGML TRACE qkv_stash layer=15 first=blk.15.attn_v.weight second=blk.15.attn_k.weight
ROCKNPU GGML TRACE mul_mat weight=blk.15.attn_output.weight type=q4_K M=1 K=2048 N=2048 path=w8a8_m1
ROCKNPU GGML TRACE ffn_pair first=blk.15.ffn_gate.weight second=blk.15.ffn_up.weight M=1 K=2048 N=5632+5632 kinds=4/4 path=m1_pair
ROCKNPU GGML TRACE mul_mat weight=blk.15.ffn_down.weight type=q6_K M=1 K=5632 N=2048 path=w8a8_m1
ROCKNPU GGML TRACE qkv_triple layer=16 K=2048 N=2048+256+256 kinds=4/4/4
ROCKNPU GGML TRACE qkv_stash layer=16 first=blk.16.attn_v.weight second=blk.16.attn_k.weight
ROCKNPU GGML TRACE mul_mat weight=blk.16.attn_output.weight type=q4_K M=1 K=2048 N=2048 path=w8a8_m1
ROCKNPU GGML TRACE ffn_pair first=blk.16.ffn_gate.weight second=blk.16.ffn_up.weight M=1 K=2048 N=5632+5632 kinds=4/4 path=m1_pair
ROCKNPU GGML TRACE mul_mat weight=blk.16.ffn_down.weight type=q4_K M=1 K=5632 N=2048 path=w8a8_m1
ROCKNPU GGML TRACE qkv_triple layer=17 K=2048 N=2048+256+256 kinds=4/4/4
ROCKNPU GGML TRACE qkv_stash layer=17 first=blk.17.attn_v.weight second=blk.17.attn_k.weight
ROCKNPU GGML TRACE mul_mat weight=blk.17.attn_output.weight type=q4_K M=1 K=2048 N=2048 path=w8a8_m1
ROCKNPU GGML TRACE ffn_pair first=blk.17.ffn_gate.weight second=blk.17.ffn_up.weight M=1 K=2048 N=5632+5632 kinds=4/4 path=m1_pair
ROCKNPU GGML TRACE mul_mat weight=blk.17.ffn_down.weight type=q4_K M=1 K=5632 N=2048 path=w8a8_m1
ROCKNPU GGML TRACE qkv_triple layer=18 K=2048 N=2048+256+256 kinds=4/6/4
ROCKNPU GGML TRACE qkv_stash layer=18 first=blk.18.attn_v.weight second=blk.18.attn_k.weight
ROCKNPU GGML TRACE mul_mat weight=blk.18.attn_output.weight type=q4_K M=1 K=2048 N=2048 path=w8a8_m1
ROCKNPU GGML TRACE ffn_pair first=blk.18.ffn_gate.weight second=blk.18.ffn_up.weight M=1 K=2048 N=5632+5632 kinds=4/4 path=m1_pair
ROCKNPU GGML TRACE mul_mat weight=blk.18.ffn_down.weight type=q6_K M=1 K=5632 N=2048 path=w8a8_m1
ROCKNPU GGML TRACE qkv_triple layer=19 K=2048 N=2048+256+256 kinds=4/4/4
ROCKNPU GGML TRACE qkv_stash layer=19 first=blk.19.attn_v.weight second=blk.19.attn_k.weight
ROCKNPU GGML TRACE mul_mat weight=blk.19.attn_output.weight type=q4_K M=1 K=2048 N=2048 path=w8a8_m1
ROCKNPU GGML TRACE ffn_pair first=blk.19.ffn_gate.weight second=blk.19.ffn_up.weight M=1 K=2048 N=5632+5632 kinds=4/4 path=m1_pair
ROCKNPU GGML TRACE mul_mat weight=blk.19.ffn_down.weight type=q4_K M=1 K=5632 N=2048 path=w8a8_m1
ROCKNPU GGML TRACE qkv_triple layer=20 K=2048 N=2048+256+256 kinds=4/6/4
ROCKNPU GGML TRACE qkv_stash layer=20 first=blk.20.attn_v.weight second=blk.20.attn_k.weight
ROCKNPU GGML TRACE mul_mat weight=blk.20.attn_output.weight type=q4_K M=1 K=2048 N=2048 path=w8a8_m1
ROCKNPU GGML TRACE ffn_pair first=blk.20.ffn_gate.weight second=blk.20.ffn_up.weight M=1 K=2048 N=5632+5632 kinds=4/4 path=m1_pair
ROCKNPU GGML TRACE mul_mat weight=blk.20.ffn_down.weight type=q6_K M=1 K=5632 N=2048 path=w8a8_m1
ROCKNPU GGML TRACE qkv_triple layer=21 K=2048 N=2048+256+256 kinds=4/4/4
ROCKNPU GGML TRACE qkv_stash layer=21 first=blk.21.attn_v.weight second=blk.21.attn_k.weight
ROCKNPU GGML TRACE mul_mat weight=blk.21.attn_output.weight type=q4_K M=1 K=2048 N=2048 path=w8a8_m1
ROCKNPU GGML TRACE ffn_pair first=blk.21.ffn_gate.weight second=blk.21.ffn_up.weight M=1 K=2048 N=5632+5632 kinds=4/4 path=m1_pair
ROCKNPU GGML TRACE mul_mat weight=blk.21.ffn_down.weight type=q4_K M=1 K=5632 N=2048 path=w8a8_m1
ROCKNPU GGML TRACE qkv_triple layer=0 K=2048 N=2048+256+256 kinds=4/6/4
ROCKNPU GGML TRACE qkv_stash layer=0 first=blk.0.attn_v.weight second=blk.0.attn_k.weight
ROCKNPU GGML TRACE mul_mat weight=blk.0.attn_output.weight type=q4_K M=1 K=2048 N=2048 path=w8a8_m1
ROCKNPU GGML TRACE ffn_pair first=blk.0.ffn_gate.weight second=blk.0.ffn_up.weight M=1 K=2048 N=5632+5632 kinds=4/4 path=m1_pair
ROCKNPU GGML TRACE mul_mat weight=blk.0.ffn_down.weight type=q6_K M=1 K=5632 N=2048 path=w8a8_m1
ROCKNPU GGML TRACE qkv_triple layer=1 K=2048 N=2048+256+256 kinds=4/6/4
ROCKNPU GGML TRACE qkv_stash layer=1 first=blk.1.attn_v.weight second=blk.1.attn_k.weight
ROCKNPU GGML TRACE mul_mat weight=blk.1.attn_output.weight type=q4_K M=1 K=2048 N=2048 path=w8a8_m1
ROCKNPU GGML TRACE ffn_pair first=blk.1.ffn_gate.weight second=blk.1.ffn_up.weight M=1 K=2048 N=5632+5632 kinds=4/4 path=m1_pair
ROCKNPU GGML TRACE mul_mat weight=blk.1.ffn_down.weight type=q6_K M=1 K=5632 N=2048 path=w8a8_m1
ROCKNPU GGML TRACE qkv_triple layer=2 K=2048 N=2048+256+256 kinds=4/4/4
ROCKNPU GGML TRACE qkv_stash layer=2 first=blk.2.attn_v.weight second=blk.2.attn_k.weight
ROCKNPU GGML TRACE mul_mat weight=blk.2.attn_output.weight type=q4_K M=1 K=2048 N=2048 path=w8a8_m1
ROCKNPU GGML TRACE ffn_pair first=blk.2.ffn_gate.weight second=blk.2.ffn_up.weight M=1 K=2048 N=5632+5632 kinds=4/4 path=m1_pair
ROCKNPU GGML TRACE mul_mat weight=blk.2.ffn_down.weight type=q4_K M=1 K=5632 N=2048 path=w8a8_m1
ROCKNPU GGML TRACE qkv_triple layer=3 K=2048 N=2048+256+256 kinds=4/4/4
ROCKNPU GGML TRACE qkv_stash layer=3 first=blk.3.attn_v.weight second=blk.3.attn_k.weight
ROCKNPU GGML TRACE mul_mat weight=blk.3.attn_output.weight type=q4_K M=1 K=2048 N=2048 path=w8a8_m1
ROCKNPU GGML TRACE ffn_pair first=blk.3.ffn_gate.weight second=blk.3.ffn_up.weight M=1 K=2048 N=5632+5632 kinds=4/4 path=m1_pair
ROCKNPU GGML TRACE mul_mat weight=blk.3.ffn_down.weight type=q4_K M=1 K=5632 N=2048 path=w8a8_m1
ROCKNPU GGML TRACE qkv_triple layer=4 K=2048 N=2048+256+256 kinds=4/6/4
ROCKNPU GGML TRACE qkv_stash layer=4 first=blk.4.attn_v.weight second=blk.4.attn_k.weight
ROCKNPU GGML TRACE mul_mat weight=blk.4.attn_output.weight type=q4_K M=1 K=2048 N=2048 path=w8a8_m1
ROCKNPU GGML TRACE ffn_pair first=blk.4.ffn_gate.weight second=blk.4.ffn_up.weight M=1 K=2048 N=5632+5632 kinds=4/4 path=m1_pair
ROCKNPU GGML TRACE mul_mat weight=blk.4.ffn_down.weight type=q6_K M=1 K=5632 N=2048 path=w8a8_m1
ROCKNPU GGML TRACE qkv_triple layer=5 K=2048 N=2048+256+256 kinds=4/4/4
ROCKNPU GGML TRACE qkv_stash layer=5 first=blk.5.attn_v.weight second=blk.5.attn_k.weight
ROCKNPU GGML TRACE mul_mat weight=blk.5.attn_output.weight type=q4_K M=1 K=2048 N=2048 path=w8a8_m1
ROCKNPU GGML TRACE ffn_pair first=blk.5.ffn_gate.weight second=blk.5.ffn_up.weight M=1 K=2048 N=5632+5632 kinds=4/4 path=m1_pair
ROCKNPU GGML TRACE mul_mat weight=blk.5.ffn_down.weight type=q4_K M=1 K=5632 N=2048 path=w8a8_m1
ROCKNPU GGML TRACE qkv_triple layer=6 K=2048 N=2048+256+256 kinds=4/4/4
ROCKNPU GGML TRACE qkv_stash layer=6 first=blk.6.attn_v.weight second=blk.6.attn_k.weight
ROCKNPU GGML TRACE mul_mat weight=blk.6.attn_output.weight type=q4_K M=1 K=2048 N=2048 path=w8a8_m1
ROCKNPU GGML TRACE ffn_pair first=blk.6.ffn_gate.weight second=blk.6.ffn_up.weight M=1 K=2048 N=5632+5632 kinds=4/4 path=m1_pair
ROCKNPU GGML TRACE mul_mat weight=blk.6.ffn_down.weight type=q4_K M=1 K=5632 N=2048 path=w8a8_m1
ROCKNPU GGML TRACE qkv_triple layer=7 K=2048 N=2048+256+256 kinds=4/6/4
ROCKNPU GGML TRACE qkv_stash layer=7 first=blk.7.attn_v.weight second=blk.7.attn_k.weight
ROCKNPU GGML TRACE mul_mat weight=blk.7.attn_output.weight type=q4_K M=1 K=2048 N=2048 path=w8a8_m1
ROCKNPU GGML TRACE ffn_pair first=blk.7.ffn_gate.weight second=blk.7.ffn_up.weight M=1 K=2048 N=5632+5632 kinds=4/4 path=m1_pair
ROCKNPU GGML TRACE mul_mat weight=blk.7.ffn_down.weight type=q6_K M=1 K=5632 N=2048 path=w8a8_m1
ROCKNPU GGML TRACE qkv_triple layer=8 K=2048 N=2048+256+256 kinds=4/6/4
ROCKNPU GGML TRACE qkv_stash layer=8 first=blk.8.attn_v.weight second=blk.8.attn_k.weight
ROCKNPU GGML TRACE mul_mat weight=blk.8.attn_output.weight type=q4_K M=1 K=2048 N=2048 path=w8a8_m1
ROCKNPU GGML TRACE ffn_pair first=blk.8.ffn_gate.weight second=blk.8.ffn_up.weight M=1 K=2048 N=5632+5632 kinds=4/4 path=m1_pair
ROCKNPU GGML TRACE mul_mat weight=blk.8.ffn_down.weight type=q6_K M=1 K=5632 N=2048 path=w8a8_m1
ROCKNPU GGML TRACE qkv_triple layer=9 K=2048 N=2048+256+256 kinds=4/6/4
ROCKNPU GGML TRACE qkv_stash layer=9 first=blk.9.attn_v.weight second=blk.9.attn_k.weight
ROCKNPU GGML TRACE mul_mat weight=blk.9.attn_output.weight type=q4_K M=1 K=2048 N=2048 path=w8a8_m1
ROCKNPU GGML TRACE ffn_pair first=blk.9.ffn_gate.weight second=blk.9.ffn_up.weight M=1 K=2048 N=5632+5632 kinds=4/4 path=m1_pair
ROCKNPU GGML TRACE mul_mat weight=blk.9.ffn_down.weight type=q6_K M=1 K=5632 N=2048 path=w8a8_m1
ROCKNPU GGML TRACE qkv_triple layer=10 K=2048 N=2048+256+256 kinds=4/4/4
ROCKNPU GGML TRACE qkv_stash layer=10 first=blk.10.attn_v.weight second=blk.10.attn_k.weight
ROCKNPU GGML TRACE mul_mat weight=blk.10.attn_output.weight type=q4_K M=1 K=2048 N=2048 path=w8a8_m1
ROCKNPU GGML TRACE ffn_pair first=blk.10.ffn_gate.weight second=blk.10.ffn_up.weight M=1 K=2048 N=5632+5632 kinds=4/4 path=m1_pair
ROCKNPU GGML TRACE mul_mat weight=blk.10.ffn_down.weight type=q4_K M=1 K=5632 N=2048 path=w8a8_m1
ROCKNPU GGML TRACE qkv_triple layer=11 K=2048 N=2048+256+256 kinds=4/4/4
ROCKNPU GGML TRACE qkv_stash layer=11 first=blk.11.attn_v.weight second=blk.11.attn_k.weight
ROCKNPU GGML TRACE mul_mat weight=blk.11.attn_output.weight type=q4_K M=1 K=2048 N=2048 path=w8a8_m1
ROCKNPU GGML TRACE ffn_pair first=blk.11.ffn_gate.weight second=blk.11.ffn_up.weight M=1 K=2048 N=5632+5632 kinds=4/4 path=m1_pair
ROCKNPU GGML TRACE mul_mat weight=blk.11.ffn_down.weight type=q4_K M=1 K=5632 N=2048 path=w8a8_m1
ROCKNPU GGML TRACE qkv_triple layer=12 K=2048 N=2048+256+256 kinds=4/6/4
ROCKNPU GGML TRACE qkv_stash layer=12 first=blk.12.attn_v.weight second=blk.12.attn_k.weight
ROCKNPU GGML TRACE mul_mat weight=blk.12.attn_output.weight type=q4_K M=1 K=2048 N=2048 path=w8a8_m1
ROCKNPU GGML TRACE ffn_pair first=blk.12.ffn_gate.weight second=blk.12.ffn_up.weight M=1 K=2048 N=5632+5632 kinds=4/4 path=m1_pair
ROCKNPU GGML TRACE mul_mat weight=blk.12.ffn_down.weight type=q6_K M=1 K=5632 N=2048 path=w8a8_m1
ROCKNPU GGML TRACE qkv_triple layer=13 K=2048 N=2048+256+256 kinds=4/4/4
ROCKNPU GGML TRACE qkv_stash layer=13 first=blk.13.attn_v.weight second=blk.13.attn_k.weight
ROCKNPU GGML TRACE mul_mat weight=blk.13.attn_output.weight type=q4_K M=1 K=2048 N=2048 path=w8a8_m1
ROCKNPU GGML TRACE ffn_pair first=blk.13.ffn_gate.weight second=blk.13.ffn_up.weight M=1 K=2048 N=5632+5632 kinds=4/4 path=m1_pair
ROCKNPU GGML TRACE mul_mat weight=blk.13.ffn_down.weight type=q4_K M=1 K=5632 N=2048 path=w8a8_m1
ROCKNPU GGML TRACE qkv_triple layer=14 K=2048 N=2048+256+256 kinds=4/4/4
ROCKNPU GGML TRACE qkv_stash layer=14 first=blk.14.attn_v.weight second=blk.14.attn_k.weight
ROCKNPU GGML TRACE mul_mat weight=blk.14.attn_output.weight type=q4_K M=1 K=2048 N=2048 path=w8a8_m1
ROCKNPU GGML TRACE ffn_pair first=blk.14.ffn_gate.weight second=blk.14.ffn_up.weight M=1 K=2048 N=5632+5632 kinds=4/4 path=m1_pair
ROCKNPU GGML TRACE mul_mat weight=blk.14.ffn_down.weight type=q4_K M=1 K=5632 N=2048 path=w8a8_m1
ROCKNPU GGML TRACE qkv_triple layer=15 K=2048 N=2048+256+256 kinds=4/6/4
ROCKNPU GGML TRACE qkv_stash layer=15 first=blk.15.attn_v.weight second=blk.15.attn_k.weight
ROCKNPU GGML TRACE mul_mat weight=blk.15.attn_output.weight type=q4_K M=1 K=2048 N=2048 path=w8a8_m1
ROCKNPU GGML TRACE ffn_pair first=blk.15.ffn_gate.weight second=blk.15.ffn_up.weight M=1 K=2048 N=5632+5632 kinds=4/4 path=m1_pair
ROCKNPU GGML TRACE mul_mat weight=blk.15.ffn_down.weight type=q6_K M=1 K=5632 N=2048 path=w8a8_m1
ROCKNPU GGML TRACE qkv_triple layer=16 K=2048 N=2048+256+256 kinds=4/4/4
ROCKNPU GGML TRACE qkv_stash layer=16 first=blk.16.attn_v.weight second=blk.16.attn_k.weight
ROCKNPU GGML TRACE mul_mat weight=blk.16.attn_output.weight type=q4_K M=1 K=2048 N=2048 path=w8a8_m1
ROCKNPU GGML TRACE ffn_pair first=blk.16.ffn_gate.weight second=blk.16.ffn_up.weight M=1 K=2048 N=5632+5632 kinds=4/4 path=m1_pair
ROCKNPU GGML TRACE mul_mat weight=blk.16.ffn_down.weight type=q4_K M=1 K=5632 N=2048 path=w8a8_m1
ROCKNPU GGML TRACE qkv_triple layer=17 K=2048 N=2048+256+256 kinds=4/4/4
ROCKNPU GGML TRACE qkv_stash layer=17 first=blk.17.attn_v.weight second=blk.17.attn_k.weight
ROCKNPU GGML TRACE mul_mat weight=blk.17.attn_output.weight type=q4_K M=1 K=2048 N=2048 path=w8a8_m1
ROCKNPU GGML TRACE ffn_pair first=blk.17.ffn_gate.weight second=blk.17.ffn_up.weight M=1 K=2048 N=5632+5632 kinds=4/4 path=m1_pair
ROCKNPU GGML TRACE mul_mat weight=blk.17.ffn_down.weight type=q4_K M=1 K=5632 N=2048 path=w8a8_m1
ROCKNPU GGML TRACE qkv_triple layer=18 K=2048 N=2048+256+256 kinds=4/6/4
ROCKNPU GGML TRACE qkv_stash layer=18 first=blk.18.attn_v.weight second=blk.18.attn_k.weight
ROCKNPU GGML TRACE mul_mat weight=blk.18.attn_output.weight type=q4_K M=1 K=2048 N=2048 path=w8a8_m1
ROCKNPU GGML TRACE ffn_pair first=blk.18.ffn_gate.weight second=blk.18.ffn_up.weight M=1 K=2048 N=5632+5632 kinds=4/4 path=m1_pair
ROCKNPU GGML TRACE mul_mat weight=blk.18.ffn_down.weight type=q6_K M=1 K=5632 N=2048 path=w8a8_m1
ROCKNPU GGML TRACE qkv_triple layer=19 K=2048 N=2048+256+256 kinds=4/4/4
ROCKNPU GGML TRACE qkv_stash layer=19 first=blk.19.attn_v.weight second=blk.19.attn_k.weight
ROCKNPU GGML TRACE mul_mat weight=blk.19.attn_output.weight type=q4_K M=1 K=2048 N=2048 path=w8a8_m1
ROCKNPU GGML TRACE ffn_pair first=blk.19.ffn_gate.weight second=blk.19.ffn_up.weight M=1 K=2048 N=5632+5632 kinds=4/4 path=m1_pair
ROCKNPU GGML TRACE mul_mat weight=blk.19.ffn_down.weight type=q4_K M=1 K=5632 N=2048 path=w8a8_m1
ROCKNPU GGML TRACE qkv_triple layer=20 K=2048 N=2048+256+256 kinds=4/6/4
ROCKNPU GGML TRACE qkv_stash layer=20 first=blk.20.attn_v.weight second=blk.20.attn_k.weight
ROCKNPU GGML TRACE mul_mat weight=blk.20.attn_output.weight type=q4_K M=1 K=2048 N=2048 path=w8a8_m1
ROCKNPU GGML TRACE ffn_pair first=blk.20.ffn_gate.weight second=blk.20.ffn_up.weight M=1 K=2048 N=5632+5632 kinds=4/4 path=m1_pair
ROCKNPU GGML TRACE mul_mat weight=blk.20.ffn_down.weight type=q6_K M=1 K=5632 N=2048 path=w8a8_m1
ROCKNPU GGML TRACE qkv_triple layer=21 K=2048 N=2048+256+256 kinds=4/4/4
ROCKNPU GGML TRACE qkv_stash layer=21 first=blk.21.attn_v.weight second=blk.21.attn_k.weight
ROCKNPU GGML TRACE mul_mat weight=blk.21.attn_output.weight type=q4_K M=1 K=2048 N=2048 path=w8a8_m1
ROCKNPU GGML TRACE ffn_pair first=blk.21.ffn_gate.weight second=blk.21.ffn_up.weight M=1 K=2048 N=5632+5632 kinds=4/4 path=m1_pair
ROCKNPU GGML TRACE mul_mat weight=blk.21.ffn_down.weight type=q4_K M=1 K=5632 N=2048 path=w8a8_m1
ROCKNPU GGML TRACE qkv_triple layer=0 K=2048 N=2048+256+256 kinds=4/6/4
ROCKNPU GGML TRACE qkv_stash layer=0 first=blk.0.attn_v.weight second=blk.0.attn_k.weight
ROCKNPU GGML TRACE mul_mat weight=blk.0.attn_output.weight type=q4_K M=1 K=2048 N=2048 path=w8a8_m1
ROCKNPU GGML TRACE ffn_pair first=blk.0.ffn_gate.weight second=blk.0.ffn_up.weight M=1 K=2048 N=5632+5632 kinds=4/4 path=m1_pair
ROCKNPU GGML TRACE mul_mat weight=blk.0.ffn_down.weight type=q6_K M=1 K=5632 N=2048 path=w8a8_m1
ROCKNPU GGML TRACE qkv_triple layer=1 K=2048 N=2048+256+256 kinds=4/6/4
ROCKNPU GGML TRACE qkv_stash layer=1 first=blk.1.attn_v.weight second=blk.1.attn_k.weight
ROCKNPU GGML TRACE mul_mat weight=blk.1.attn_output.weight type=q4_K M=1 K=2048 N=2048 path=w8a8_m1
ROCKNPU GGML TRACE ffn_pair first=blk.1.ffn_gate.weight second=blk.1.ffn_up.weight M=1 K=2048 N=5632+5632 kinds=4/4 path=m1_pair
ROCKNPU GGML TRACE mul_mat weight=blk.1.ffn_down.weight type=q6_K M=1 K=5632 N=2048 path=w8a8_m1
ROCKNPU GGML TRACE qkv_triple layer=2 K=2048 N=2048+256+256 kinds=4/4/4
ROCKNPU GGML TRACE qkv_stash layer=2 first=blk.2.attn_v.weight second=blk.2.attn_k.weight
ROCKNPU GGML TRACE mul_mat weight=blk.2.attn_output.weight type=q4_K M=1 K=2048 N=2048 path=w8a8_m1
ROCKNPU GGML TRACE ffn_pair first=blk.2.ffn_gate.weight second=blk.2.ffn_up.weight M=1 K=2048 N=5632+5632 kinds=4/4 path=m1_pair
ROCKNPU GGML TRACE mul_mat weight=blk.2.ffn_down.weight type=q4_K M=1 K=5632 N=2048 path=w8a8_m1
ROCKNPU GGML TRACE qkv_triple layer=3 K=2048 N=2048+256+256 kinds=4/4/4
ROCKNPU GGML TRACE qkv_stash layer=3 first=blk.3.attn_v.weight second=blk.3.attn_k.weight
ROCKNPU GGML TRACE mul_mat weight=blk.3.attn_output.weight type=q4_K M=1 K=2048 N=2048 path=w8a8_m1
ROCKNPU GGML TRACE ffn_pair first=blk.3.ffn_gate.weight second=blk.3.ffn_up.weight M=1 K=2048 N=5632+5632 kinds=4/4 path=m1_pair
ROCKNPU GGML TRACE mul_mat weight=blk.3.ffn_down.weight type=q4_K M=1 K=5632 N=2048 path=w8a8_m1
ROCKNPU GGML TRACE qkv_triple layer=4 K=2048 N=2048+256+256 kinds=4/6/4
ROCKNPU GGML TRACE qkv_stash layer=4 first=blk.4.attn_v.weight second=blk.4.attn_k.weight
ROCKNPU GGML TRACE mul_mat weight=blk.4.attn_output.weight type=q4_K M=1 K=2048 N=2048 path=w8a8_m1
ROCKNPU GGML TRACE ffn_pair first=blk.4.ffn_gate.weight second=blk.4.ffn_up.weight M=1 K=2048 N=5632+5632 kinds=4/4 path=m1_pair
ROCKNPU GGML TRACE mul_mat weight=blk.4.ffn_down.weight type=q6_K M=1 K=5632 N=2048 path=w8a8_m1
ROCKNPU GGML TRACE qkv_triple layer=5 K=2048 N=2048+256+256 kinds=4/4/4
ROCKNPU GGML TRACE qkv_stash layer=5 first=blk.5.attn_v.weight second=blk.5.attn_k.weight
ROCKNPU GGML TRACE mul_mat weight=blk.5.attn_output.weight type=q4_K M=1 K=2048 N=2048 path=w8a8_m1
ROCKNPU GGML TRACE ffn_pair first=blk.5.ffn_gate.weight second=blk.5.ffn_up.weight M=1 K=2048 N=5632+5632 kinds=4/4 path=m1_pair
ROCKNPU GGML TRACE mul_mat weight=blk.5.ffn_down.weight type=q4_K M=1 K=5632 N=2048 path=w8a8_m1
ROCKNPU GGML TRACE qkv_triple layer=6 K=2048 N=2048+256+256 kinds=4/4/4
ROCKNPU GGML TRACE qkv_stash layer=6 first=blk.6.attn_v.weight second=blk.6.attn_k.weight
ROCKNPU GGML TRACE mul_mat weight=blk.6.attn_output.weight type=q4_K M=1 K=2048 N=2048 path=w8a8_m1
ROCKNPU GGML TRACE ffn_pair first=blk.6.ffn_gate.weight second=blk.6.ffn_up.weight M=1 K=2048 N=5632+5632 kinds=4/4 path=m1_pair
ROCKNPU GGML TRACE mul_mat weight=blk.6.ffn_down.weight type=q4_K M=1 K=5632 N=2048 path=w8a8_m1
ROCKNPU GGML TRACE qkv_triple layer=7 K=2048 N=2048+256+256 kinds=4/6/4
ROCKNPU GGML TRACE qkv_stash layer=7 first=blk.7.attn_v.weight second=blk.7.attn_k.weight
ROCKNPU GGML TRACE mul_mat weight=blk.7.attn_output.weight type=q4_K M=1 K=2048 N=2048 path=w8a8_m1
ROCKNPU GGML TRACE ffn_pair first=blk.7.ffn_gate.weight second=blk.7.ffn_up.weight M=1 K=2048 N=5632+5632 kinds=4/4 path=m1_pair
ROCKNPU GGML TRACE mul_mat weight=blk.7.ffn_down.weight type=q6_K M=1 K=5632 N=2048 path=w8a8_m1
ROCKNPU GGML TRACE qkv_triple layer=8 K=2048 N=2048+256+256 kinds=4/6/4
ROCKNPU GGML TRACE qkv_stash layer=8 first=blk.8.attn_v.weight second=blk.8.attn_k.weight
ROCKNPU GGML TRACE mul_mat weight=blk.8.attn_output.weight type=q4_K M=1 K=2048 N=2048 path=w8a8_m1
ROCKNPU GGML TRACE ffn_pair first=blk.8.ffn_gate.weight second=blk.8.ffn_up.weight M=1 K=2048 N=5632+5632 kinds=4/4 path=m1_pair
ROCKNPU GGML TRACE mul_mat weight=blk.8.ffn_down.weight type=q6_K M=1 K=5632 N=2048 path=w8a8_m1
ROCKNPU GGML TRACE qkv_triple layer=9 K=2048 N=2048+256+256 kinds=4/6/4
ROCKNPU GGML TRACE qkv_stash layer=9 first=blk.9.attn_v.weight second=blk.9.attn_k.weight
ROCKNPU GGML TRACE mul_mat weight=blk.9.attn_output.weight type=q4_K M=1 K=2048 N=2048 path=w8a8_m1
ROCKNPU GGML TRACE ffn_pair first=blk.9.ffn_gate.weight second=blk.9.ffn_up.weight M=1 K=2048 N=5632+5632 kinds=4/4 path=m1_pair
ROCKNPU GGML TRACE mul_mat weight=blk.9.ffn_down.weight type=q6_K M=1 K=5632 N=2048 path=w8a8_m1
ROCKNPU GGML TRACE qkv_triple layer=10 K=2048 N=2048+256+256 kinds=4/4/4
ROCKNPU GGML TRACE qkv_stash layer=10 first=blk.10.attn_v.weight second=blk.10.attn_k.weight
ROCKNPU GGML TRACE mul_mat weight=blk.10.attn_output.weight type=q4_K M=1 K=2048 N=2048 path=w8a8_m1
ROCKNPU GGML TRACE ffn_pair first=blk.10.ffn_gate.weight second=blk.10.ffn_up.weight M=1 K=2048 N=5632+5632 kinds=4/4 path=m1_pair
ROCKNPU GGML TRACE mul_mat weight=blk.10.ffn_down.weight type=q4_K M=1 K=5632 N=2048 path=w8a8_m1
ROCKNPU GGML TRACE qkv_triple layer=11 K=2048 N=2048+256+256 kinds=4/4/4
ROCKNPU GGML TRACE qkv_stash layer=11 first=blk.11.attn_v.weight second=blk.11.attn_k.weight
ROCKNPU GGML TRACE mul_mat weight=blk.11.attn_output.weight type=q4_K M=1 K=2048 N=2048 path=w8a8_m1
ROCKNPU GGML TRACE ffn_pair first=blk.11.ffn_gate.weight second=blk.11.ffn_up.weight M=1 K=2048 N=5632+5632 kinds=4/4 path=m1_pair
ROCKNPU GGML TRACE mul_mat weight=blk.11.ffn_down.weight type=q4_K M=1 K=5632 N=2048 path=w8a8_m1
ROCKNPU GGML TRACE qkv_triple layer=12 K=2048 N=2048+256+256 kinds=4/6/4
ROCKNPU GGML TRACE qkv_stash layer=12 first=blk.12.attn_v.weight second=blk.12.attn_k.weight
ROCKNPU GGML TRACE mul_mat weight=blk.12.attn_output.weight type=q4_K M=1 K=2048 N=2048 path=w8a8_m1
ROCKNPU GGML TRACE ffn_pair first=blk.12.ffn_gate.weight second=blk.12.ffn_up.weight M=1 K=2048 N=5632+5632 kinds=4/4 path=m1_pair
ROCKNPU GGML TRACE mul_mat weight=blk.12.ffn_down.weight type=q6_K M=1 K=5632 N=2048 path=w8a8_m1
ROCKNPU GGML TRACE qkv_triple layer=13 K=2048 N=2048+256+256 kinds=4/4/4
ROCKNPU GGML TRACE qkv_stash layer=13 first=blk.13.attn_v.weight second=blk.13.attn_k.weight
ROCKNPU GGML TRACE mul_mat weight=blk.13.attn_output.weight type=q4_K M=1 K=2048 N=2048 path=w8a8_m1
ROCKNPU GGML TRACE ffn_pair first=blk.13.ffn_gate.weight second=blk.13.ffn_up.weight M=1 K=2048 N=5632+5632 kinds=4/4 path=m1_pair
ROCKNPU GGML TRACE mul_mat weight=blk.13.ffn_down.weight type=q4_K M=1 K=5632 N=2048 path=w8a8_m1
ROCKNPU GGML TRACE qkv_triple layer=14 K=2048 N=2048+256+256 kinds=4/4/4
ROCKNPU GGML TRACE qkv_stash layer=14 first=blk.14.attn_v.weight second=blk.14.attn_k.weight
ROCKNPU GGML TRACE mul_mat weight=blk.14.attn_output.weight type=q4_K M=1 K=2048 N=2048 path=w8a8_m1
ROCKNPU GGML TRACE ffn_pair first=blk.14.ffn_gate.weight second=blk.14.ffn_up.weight M=1 K=2048 N=5632+5632 kinds=4/4 path=m1_pair
ROCKNPU GGML TRACE mul_mat weight=blk.14.ffn_down.weight type=q4_K M=1 K=5632 N=2048 path=w8a8_m1
ROCKNPU GGML TRACE qkv_triple layer=15 K=2048 N=2048+256+256 kinds=4/6/4
ROCKNPU GGML TRACE qkv_stash layer=15 first=blk.15.attn_v.weight second=blk.15.attn_k.weight
ROCKNPU GGML TRACE mul_mat weight=blk.15.attn_output.weight type=q4_K M=1 K=2048 N=2048 path=w8a8_m1
ROCKNPU GGML TRACE ffn_pair first=blk.15.ffn_gate.weight second=blk.15.ffn_up.weight M=1 K=2048 N=5632+5632 kinds=4/4 path=m1_pair
ROCKNPU GGML TRACE mul_mat weight=blk.15.ffn_down.weight type=q6_K M=1 K=5632 N=2048 path=w8a8_m1
ROCKNPU GGML TRACE qkv_triple layer=16 K=2048 N=2048+256+256 kinds=4/4/4
ROCKNPU GGML TRACE qkv_stash layer=16 first=blk.16.attn_v.weight second=blk.16.attn_k.weight
ROCKNPU GGML TRACE mul_mat weight=blk.16.attn_output.weight type=q4_K M=1 K=2048 N=2048 path=w8a8_m1
ROCKNPU GGML TRACE ffn_pair first=blk.16.ffn_gate.weight second=blk.16.ffn_up.weight M=1 K=2048 N=5632+5632 kinds=4/4 path=m1_pair
ROCKNPU GGML TRACE mul_mat weight=blk.16.ffn_down.weight type=q4_K M=1 K=5632 N=2048 path=w8a8_m1
ROCKNPU GGML TRACE qkv_triple layer=17 K=2048 N=2048+256+256 kinds=4/4/4
ROCKNPU GGML TRACE qkv_stash layer=17 first=blk.17.attn_v.weight second=blk.17.attn_k.weight
ROCKNPU GGML TRACE mul_mat weight=blk.17.attn_output.weight type=q4_K M=1 K=2048 N=2048 path=w8a8_m1
ROCKNPU GGML TRACE ffn_pair first=blk.17.ffn_gate.weight second=blk.17.ffn_up.weight M=1 K=2048 N=5632+5632 kinds=4/4 path=m1_pair
ROCKNPU GGML TRACE mul_mat weight=blk.17.ffn_down.weight type=q4_K M=1 K=5632 N=2048 path=w8a8_m1
ROCKNPU GGML TRACE qkv_triple layer=18 K=2048 N=2048+256+256 kinds=4/6/4
ROCKNPU GGML TRACE qkv_stash layer=18 first=blk.18.attn_v.weight second=blk.18.attn_k.weight
ROCKNPU GGML TRACE mul_mat weight=blk.18.attn_output.weight type=q4_K M=1 K=2048 N=2048 path=w8a8_m1
ROCKNPU GGML TRACE ffn_pair first=blk.18.ffn_gate.weight second=blk.18.ffn_up.weight M=1 K=2048 N=5632+5632 kinds=4/4 path=m1_pair
ROCKNPU GGML TRACE mul_mat weight=blk.18.ffn_down.weight type=q6_K M=1 K=5632 N=2048 path=w8a8_m1
ROCKNPU GGML TRACE qkv_triple layer=19 K=2048 N=2048+256+256 kinds=4/4/4
ROCKNPU GGML TRACE qkv_stash layer=19 first=blk.19.attn_v.weight second=blk.19.attn_k.weight
ROCKNPU GGML TRACE mul_mat weight=blk.19.attn_output.weight type=q4_K M=1 K=2048 N=2048 path=w8a8_m1
ROCKNPU GGML TRACE ffn_pair first=blk.19.ffn_gate.weight second=blk.19.ffn_up.weight M=1 K=2048 N=5632+5632 kinds=4/4 path=m1_pair
ROCKNPU GGML TRACE mul_mat weight=blk.19.ffn_down.weight type=q4_K M=1 K=5632 N=2048 path=w8a8_m1
ROCKNPU GGML TRACE qkv_triple layer=20 K=2048 N=2048+256+256 kinds=4/6/4
ROCKNPU GGML TRACE qkv_stash layer=20 first=blk.20.attn_v.weight second=blk.20.attn_k.weight
ROCKNPU GGML TRACE mul_mat weight=blk.20.attn_output.weight type=q4_K M=1 K=2048 N=2048 path=w8a8_m1
ROCKNPU GGML TRACE ffn_pair first=blk.20.ffn_gate.weight second=blk.20.ffn_up.weight M=1 K=2048 N=5632+5632 kinds=4/4 path=m1_pair
ROCKNPU GGML TRACE mul_mat weight=blk.20.ffn_down.weight type=q6_K M=1 K=5632 N=2048 path=w8a8_m1
ROCKNPU GGML TRACE qkv_triple layer=21 K=2048 N=2048+256+256 kinds=4/4/4
ROCKNPU GGML TRACE qkv_stash layer=21 first=blk.21.attn_v.weight second=blk.21.attn_k.weight
ROCKNPU GGML TRACE mul_mat weight=blk.21.attn_output.weight type=q4_K M=1 K=2048 N=2048 path=w8a8_m1
ROCKNPU GGML TRACE ffn_pair first=blk.21.ffn_gate.weight second=blk.21.ffn_up.weight M=1 K=2048 N=5632+5632 kinds=4/4 path=m1_pair
ROCKNPU GGML TRACE mul_mat weight=blk.21.ffn_down.weight type=q4_K M=1 K=5632 N=2048 path=w8a8_m1
ROCKNPU GGML TRACE qkv_triple layer=0 K=2048 N=2048+256+256 kinds=4/6/4
ROCKNPU GGML TRACE qkv_stash layer=0 first=blk.0.attn_v.weight second=blk.0.attn_k.weight
ROCKNPU GGML TRACE mul_mat weight=blk.0.attn_output.weight type=q4_K M=1 K=2048 N=2048 path=w8a8_m1
ROCKNPU GGML TRACE ffn_pair first=blk.0.ffn_gate.weight second=blk.0.ffn_up.weight M=1 K=2048 N=5632+5632 kinds=4/4 path=m1_pair
ROCKNPU GGML TRACE mul_mat weight=blk.0.ffn_down.weight type=q6_K M=1 K=5632 N=2048 path=w8a8_m1
ROCKNPU GGML TRACE qkv_triple layer=1 K=2048 N=2048+256+256 kinds=4/6/4
ROCKNPU GGML TRACE qkv_stash layer=1 first=blk.1.attn_v.weight second=blk.1.attn_k.weight
ROCKNPU GGML TRACE mul_mat weight=blk.1.attn_output.weight type=q4_K M=1 K=2048 N=2048 path=w8a8_m1
ROCKNPU GGML TRACE ffn_pair first=blk.1.ffn_gate.weight second=blk.1.ffn_up.weight M=1 K=2048 N=5632+5632 kinds=4/4 path=m1_pair
ROCKNPU GGML TRACE mul_mat weight=blk.1.ffn_down.weight type=q6_K M=1 K=5632 N=2048 path=w8a8_m1
ROCKNPU GGML TRACE qkv_triple layer=2 K=2048 N=2048+256+256 kinds=4/4/4
ROCKNPU GGML TRACE qkv_stash layer=2 first=blk.2.attn_v.weight second=blk.2.attn_k.weight
ROCKNPU GGML TRACE mul_mat weight=blk.2.attn_output.weight type=q4_K M=1 K=2048 N=2048 path=w8a8_m1
ROCKNPU GGML TRACE ffn_pair first=blk.2.ffn_gate.weight second=blk.2.ffn_up.weight M=1 K=2048 N=5632+5632 kinds=4/4 path=m1_pair
ROCKNPU GGML TRACE mul_mat weight=blk.2.ffn_down.weight type=q4_K M=1 K=5632 N=2048 path=w8a8_m1
ROCKNPU GGML TRACE qkv_triple layer=3 K=2048 N=2048+256+256 kinds=4/4/4
ROCKNPU GGML TRACE qkv_stash layer=3 first=blk.3.attn_v.weight second=blk.3.attn_k.weight
ROCKNPU GGML TRACE mul_mat weight=blk.3.attn_output.weight type=q4_K M=1 K=2048 N=2048 path=w8a8_m1
ROCKNPU GGML TRACE ffn_pair first=blk.3.ffn_gate.weight second=blk.3.ffn_up.weight M=1 K=2048 N=5632+5632 kinds=4/4 path=m1_pair
ROCKNPU GGML TRACE mul_mat weight=blk.3.ffn_down.weight type=q4_K M=1 K=5632 N=2048 path=w8a8_m1
ROCKNPU GGML TRACE qkv_triple layer=4 K=2048 N=2048+256+256 kinds=4/6/4
ROCKNPU GGML TRACE qkv_stash layer=4 first=blk.4.attn_v.weight second=blk.4.attn_k.weight
ROCKNPU GGML TRACE mul_mat weight=blk.4.attn_output.weight type=q4_K M=1 K=2048 N=2048 path=w8a8_m1
ROCKNPU GGML TRACE ffn_pair first=blk.4.ffn_gate.weight second=blk.4.ffn_up.weight M=1 K=2048 N=5632+5632 kinds=4/4 path=m1_pair
ROCKNPU GGML TRACE mul_mat weight=blk.4.ffn_down.weight type=q6_K M=1 K=5632 N=2048 path=w8a8_m1
ROCKNPU GGML TRACE qkv_triple layer=5 K=2048 N=2048+256+256 kinds=4/4/4
ROCKNPU GGML TRACE qkv_stash layer=5 first=blk.5.attn_v.weight second=blk.5.attn_k.weight
ROCKNPU GGML TRACE mul_mat weight=blk.5.attn_output.weight type=q4_K M=1 K=2048 N=2048 path=w8a8_m1
ROCKNPU GGML TRACE ffn_pair first=blk.5.ffn_gate.weight second=blk.5.ffn_up.weight M=1 K=2048 N=5632+5632 kinds=4/4 path=m1_pair
ROCKNPU GGML TRACE mul_mat weight=blk.5.ffn_down.weight type=q4_K M=1 K=5632 N=2048 path=w8a8_m1
ROCKNPU GGML TRACE qkv_triple layer=6 K=2048 N=2048+256+256 kinds=4/4/4
ROCKNPU GGML TRACE qkv_stash layer=6 first=blk.6.attn_v.weight second=blk.6.attn_k.weight
ROCKNPU GGML TRACE mul_mat weight=blk.6.attn_output.weight type=q4_K M=1 K=2048 N=2048 path=w8a8_m1
ROCKNPU GGML TRACE ffn_pair first=blk.6.ffn_gate.weight second=blk.6.ffn_up.weight M=1 K=2048 N=5632+5632 kinds=4/4 path=m1_pair
ROCKNPU GGML TRACE mul_mat weight=blk.6.ffn_down.weight type=q4_K M=1 K=5632 N=2048 path=w8a8_m1
ROCKNPU GGML TRACE qkv_triple layer=7 K=2048 N=2048+256+256 kinds=4/6/4
ROCKNPU GGML TRACE qkv_stash layer=7 first=blk.7.attn_v.weight second=blk.7.attn_k.weight
ROCKNPU GGML TRACE mul_mat weight=blk.7.attn_output.weight type=q4_K M=1 K=2048 N=2048 path=w8a8_m1
ROCKNPU GGML TRACE ffn_pair first=blk.7.ffn_gate.weight second=blk.7.ffn_up.weight M=1 K=2048 N=5632+5632 kinds=4/4 path=m1_pair
ROCKNPU GGML TRACE mul_mat weight=blk.7.ffn_down.weight type=q6_K M=1 K=5632 N=2048 path=w8a8_m1
ROCKNPU GGML TRACE qkv_triple layer=8 K=2048 N=2048+256+256 kinds=4/6/4
ROCKNPU GGML TRACE qkv_stash layer=8 first=blk.8.attn_v.weight second=blk.8.attn_k.weight
ROCKNPU GGML TRACE mul_mat weight=blk.8.attn_output.weight type=q4_K M=1 K=2048 N=2048 path=w8a8_m1
ROCKNPU GGML TRACE ffn_pair first=blk.8.ffn_gate.weight second=blk.8.ffn_up.weight M=1 K=2048 N=5632+5632 kinds=4/4 path=m1_pair
ROCKNPU GGML TRACE mul_mat weight=blk.8.ffn_down.weight type=q6_K M=1 K=5632 N=2048 path=w8a8_m1
ROCKNPU GGML TRACE qkv_triple layer=9 K=2048 N=2048+256+256 kinds=4/6/4
ROCKNPU GGML TRACE qkv_stash layer=9 first=blk.9.attn_v.weight second=blk.9.attn_k.weight
ROCKNPU GGML TRACE mul_mat weight=blk.9.attn_output.weight type=q4_K M=1 K=2048 N=2048 path=w8a8_m1
ROCKNPU GGML TRACE ffn_pair first=blk.9.ffn_gate.weight second=blk.9.ffn_up.weight M=1 K=2048 N=5632+5632 kinds=4/4 path=m1_pair
ROCKNPU GGML TRACE mul_mat weight=blk.9.ffn_down.weight type=q6_K M=1 K=5632 N=2048 path=w8a8_m1
ROCKNPU GGML TRACE qkv_triple layer=10 K=2048 N=2048+256+256 kinds=4/4/4
ROCKNPU GGML TRACE qkv_stash layer=10 first=blk.10.attn_v.weight second=blk.10.attn_k.weight
ROCKNPU GGML TRACE mul_mat weight=blk.10.attn_output.weight type=q4_K M=1 K=2048 N=2048 path=w8a8_m1
ROCKNPU GGML TRACE ffn_pair first=blk.10.ffn_gate.weight second=blk.10.ffn_up.weight M=1 K=2048 N=5632+5632 kinds=4/4 path=m1_pair
ROCKNPU GGML TRACE mul_mat weight=blk.10.ffn_down.weight type=q4_K M=1 K=5632 N=2048 path=w8a8_m1
ROCKNPU GGML TRACE qkv_triple layer=11 K=2048 N=2048+256+256 kinds=4/4/4
ROCKNPU GGML TRACE qkv_stash layer=11 first=blk.11.attn_v.weight second=blk.11.attn_k.weight
ROCKNPU GGML TRACE mul_mat weight=blk.11.attn_output.weight type=q4_K M=1 K=2048 N=2048 path=w8a8_m1
ROCKNPU GGML TRACE ffn_pair first=blk.11.ffn_gate.weight second=blk.11.ffn_up.weight M=1 K=2048 N=5632+5632 kinds=4/4 path=m1_pair
ROCKNPU GGML TRACE mul_mat weight=blk.11.ffn_down.weight type=q4_K M=1 K=5632 N=2048 path=w8a8_m1
ROCKNPU GGML TRACE qkv_triple layer=12 K=2048 N=2048+256+256 kinds=4/6/4
ROCKNPU GGML TRACE qkv_stash layer=12 first=blk.12.attn_v.weight second=blk.12.attn_k.weight
ROCKNPU GGML TRACE mul_mat weight=blk.12.attn_output.weight type=q4_K M=1 K=2048 N=2048 path=w8a8_m1
ROCKNPU GGML TRACE ffn_pair first=blk.12.ffn_gate.weight second=blk.12.ffn_up.weight M=1 K=2048 N=5632+5632 kinds=4/4 path=m1_pair
ROCKNPU GGML TRACE mul_mat weight=blk.12.ffn_down.weight type=q6_K M=1 K=5632 N=2048 path=w8a8_m1
ROCKNPU GGML TRACE qkv_triple layer=13 K=2048 N=2048+256+256 kinds=4/4/4
ROCKNPU GGML TRACE qkv_stash layer=13 first=blk.13.attn_v.weight second=blk.13.attn_k.weight
ROCKNPU GGML TRACE mul_mat weight=blk.13.attn_output.weight type=q4_K M=1 K=2048 N=2048 path=w8a8_m1
ROCKNPU GGML TRACE ffn_pair first=blk.13.ffn_gate.weight second=blk.13.ffn_up.weight M=1 K=2048 N=5632+5632 kinds=4/4 path=m1_pair
ROCKNPU GGML TRACE mul_mat weight=blk.13.ffn_down.weight type=q4_K M=1 K=5632 N=2048 path=w8a8_m1
ROCKNPU GGML TRACE qkv_triple layer=14 K=2048 N=2048+256+256 kinds=4/4/4
ROCKNPU GGML TRACE qkv_stash layer=14 first=blk.14.attn_v.weight second=blk.14.attn_k.weight
ROCKNPU GGML TRACE mul_mat weight=blk.14.attn_output.weight type=q4_K M=1 K=2048 N=2048 path=w8a8_m1
ROCKNPU GGML TRACE ffn_pair first=blk.14.ffn_gate.weight second=blk.14.ffn_up.weight M=1 K=2048 N=5632+5632 kinds=4/4 path=m1_pair
ROCKNPU GGML TRACE mul_mat weight=blk.14.ffn_down.weight type=q4_K M=1 K=5632 N=2048 path=w8a8_m1
ROCKNPU GGML TRACE qkv_triple layer=15 K=2048 N=2048+256+256 kinds=4/6/4
ROCKNPU GGML TRACE qkv_stash layer=15 first=blk.15.attn_v.weight second=blk.15.attn_k.weight
ROCKNPU GGML TRACE mul_mat weight=blk.15.attn_output.weight type=q4_K M=1 K=2048 N=2048 path=w8a8_m1
ROCKNPU GGML TRACE ffn_pair first=blk.15.ffn_gate.weight second=blk.15.ffn_up.weight M=1 K=2048 N=5632+5632 kinds=4/4 path=m1_pair
ROCKNPU GGML TRACE mul_mat weight=blk.15.ffn_down.weight type=q6_K M=1 K=5632 N=2048 path=w8a8_m1
ROCKNPU GGML TRACE qkv_triple layer=16 K=2048 N=2048+256+256 kinds=4/4/4
ROCKNPU GGML TRACE qkv_stash layer=16 first=blk.16.attn_v.weight second=blk.16.attn_k.weight
ROCKNPU GGML TRACE mul_mat weight=blk.16.attn_output.weight type=q4_K M=1 K=2048 N=2048 path=w8a8_m1
ROCKNPU GGML TRACE ffn_pair first=blk.16.ffn_gate.weight second=blk.16.ffn_up.weight M=1 K=2048 N=5632+5632 kinds=4/4 path=m1_pair
ROCKNPU GGML TRACE mul_mat weight=blk.16.ffn_down.weight type=q4_K M=1 K=5632 N=2048 path=w8a8_m1
ROCKNPU GGML TRACE qkv_triple layer=17 K=2048 N=2048+256+256 kinds=4/4/4
ROCKNPU GGML TRACE qkv_stash layer=17 first=blk.17.attn_v.weight second=blk.17.attn_k.weight
ROCKNPU GGML TRACE mul_mat weight=blk.17.attn_output.weight type=q4_K M=1 K=2048 N=2048 path=w8a8_m1
ROCKNPU GGML TRACE ffn_pair first=blk.17.ffn_gate.weight second=blk.17.ffn_up.weight M=1 K=2048 N=5632+5632 kinds=4/4 path=m1_pair
ROCKNPU GGML TRACE mul_mat weight=blk.17.ffn_down.weight type=q4_K M=1 K=5632 N=2048 path=w8a8_m1
ROCKNPU GGML TRACE qkv_triple layer=18 K=2048 N=2048+256+256 kinds=4/6/4
ROCKNPU GGML TRACE qkv_stash layer=18 first=blk.18.attn_v.weight second=blk.18.attn_k.weight
ROCKNPU GGML TRACE mul_mat weight=blk.18.attn_output.weight type=q4_K M=1 K=2048 N=2048 path=w8a8_m1
ROCKNPU GGML TRACE ffn_pair first=blk.18.ffn_gate.weight second=blk.18.ffn_up.weight M=1 K=2048 N=5632+5632 kinds=4/4 path=m1_pair
ROCKNPU GGML TRACE mul_mat weight=blk.18.ffn_down.weight type=q6_K M=1 K=5632 N=2048 path=w8a8_m1
ROCKNPU GGML TRACE qkv_triple layer=19 K=2048 N=2048+256+256 kinds=4/4/4
ROCKNPU GGML TRACE qkv_stash layer=19 first=blk.19.attn_v.weight second=blk.19.attn_k.weight
ROCKNPU GGML TRACE mul_mat weight=blk.19.attn_output.weight type=q4_K M=1 K=2048 N=2048 path=w8a8_m1
ROCKNPU GGML TRACE ffn_pair first=blk.19.ffn_gate.weight second=blk.19.ffn_up.weight M=1 K=2048 N=5632+5632 kinds=4/4 path=m1_pair
ROCKNPU GGML TRACE mul_mat weight=blk.19.ffn_down.weight type=q4_K M=1 K=5632 N=2048 path=w8a8_m1
ROCKNPU GGML TRACE qkv_triple layer=20 K=2048 N=2048+256+256 kinds=4/6/4
ROCKNPU GGML TRACE qkv_stash layer=20 first=blk.20.attn_v.weight second=blk.20.attn_k.weight
ROCKNPU GGML TRACE mul_mat weight=blk.20.attn_output.weight type=q4_K M=1 K=2048 N=2048 path=w8a8_m1
ROCKNPU GGML TRACE ffn_pair first=blk.20.ffn_gate.weight second=blk.20.ffn_up.weight M=1 K=2048 N=5632+5632 kinds=4/4 path=m1_pair
ROCKNPU GGML TRACE mul_mat weight=blk.20.ffn_down.weight type=q6_K M=1 K=5632 N=2048 path=w8a8_m1
ROCKNPU GGML TRACE qkv_triple layer=21 K=2048 N=2048+256+256 kinds=4/4/4
ROCKNPU GGML TRACE qkv_stash layer=21 first=blk.21.attn_v.weight second=blk.21.attn_k.weight
ROCKNPU GGML TRACE mul_mat weight=blk.21.attn_output.weight type=q4_K M=1 K=2048 N=2048 path=w8a8_m1
ROCKNPU GGML TRACE ffn_pair first=blk.21.ffn_gate.weight second=blk.21.ffn_up.weight M=1 K=2048 N=5632+5632 kinds=4/4 path=m1_pair
ROCKNPU GGML TRACE mul_mat weight=blk.21.ffn_down.weight type=q4_K M=1 K=5632 N=2048 path=w8a8_m1
ROCKNPU GGML TRACE qkv_triple layer=0 K=2048 N=2048+256+256 kinds=4/6/4
ROCKNPU GGML TRACE qkv_stash layer=0 first=blk.0.attn_v.weight second=blk.0.attn_k.weight
ROCKNPU GGML TRACE mul_mat weight=blk.0.attn_output.weight type=q4_K M=1 K=2048 N=2048 path=w8a8_m1
ROCKNPU GGML TRACE ffn_pair first=blk.0.ffn_gate.weight second=blk.0.ffn_up.weight M=1 K=2048 N=5632+5632 kinds=4/4 path=m1_pair
ROCKNPU GGML TRACE mul_mat weight=blk.0.ffn_down.weight type=q6_K M=1 K=5632 N=2048 path=w8a8_m1
ROCKNPU GGML TRACE qkv_triple layer=1 K=2048 N=2048+256+256 kinds=4/6/4
ROCKNPU GGML TRACE qkv_stash layer=1 first=blk.1.attn_v.weight second=blk.1.attn_k.weight
ROCKNPU GGML TRACE mul_mat weight=blk.1.attn_output.weight type=q4_K M=1 K=2048 N=2048 path=w8a8_m1
ROCKNPU GGML TRACE ffn_pair first=blk.1.ffn_gate.weight second=blk.1.ffn_up.weight M=1 K=2048 N=5632+5632 kinds=4/4 path=m1_pair
ROCKNPU GGML TRACE mul_mat weight=blk.1.ffn_down.weight type=q6_K M=1 K=5632 N=2048 path=w8a8_m1
ROCKNPU GGML TRACE qkv_triple layer=2 K=2048 N=2048+256+256 kinds=4/4/4
ROCKNPU GGML TRACE qkv_stash layer=2 first=blk.2.attn_v.weight second=blk.2.attn_k.weight
ROCKNPU GGML TRACE mul_mat weight=blk.2.attn_output.weight type=q4_K M=1 K=2048 N=2048 path=w8a8_m1
ROCKNPU GGML TRACE ffn_pair first=blk.2.ffn_gate.weight second=blk.2.ffn_up.weight M=1 K=2048 N=5632+5632 kinds=4/4 path=m1_pair
ROCKNPU GGML TRACE mul_mat weight=blk.2.ffn_down.weight type=q4_K M=1 K=5632 N=2048 path=w8a8_m1
ROCKNPU GGML TRACE qkv_triple layer=3 K=2048 N=2048+256+256 kinds=4/4/4
ROCKNPU GGML TRACE qkv_stash layer=3 first=blk.3.attn_v.weight second=blk.3.attn_k.weight
ROCKNPU GGML TRACE mul_mat weight=blk.3.attn_output.weight type=q4_K M=1 K=2048 N=2048 path=w8a8_m1
ROCKNPU GGML TRACE ffn_pair first=blk.3.ffn_gate.weight second=blk.3.ffn_up.weight M=1 K=2048 N=5632+5632 kinds=4/4 path=m1_pair
ROCKNPU GGML TRACE mul_mat weight=blk.3.ffn_down.weight type=q4_K M=1 K=5632 N=2048 path=w8a8_m1
ROCKNPU GGML TRACE qkv_triple layer=4 K=2048 N=2048+256+256 kinds=4/6/4
ROCKNPU GGML TRACE qkv_stash layer=4 first=blk.4.attn_v.weight second=blk.4.attn_k.weight
ROCKNPU GGML TRACE mul_mat weight=blk.4.attn_output.weight type=q4_K M=1 K=2048 N=2048 path=w8a8_m1
ROCKNPU GGML TRACE ffn_pair first=blk.4.ffn_gate.weight second=blk.4.ffn_up.weight M=1 K=2048 N=5632+5632 kinds=4/4 path=m1_pair
ROCKNPU GGML TRACE mul_mat weight=blk.4.ffn_down.weight type=q6_K M=1 K=5632 N=2048 path=w8a8_m1
ROCKNPU GGML TRACE qkv_triple layer=5 K=2048 N=2048+256+256 kinds=4/4/4
ROCKNPU GGML TRACE qkv_stash layer=5 first=blk.5.attn_v.weight second=blk.5.attn_k.weight
ROCKNPU GGML TRACE mul_mat weight=blk.5.attn_output.weight type=q4_K M=1 K=2048 N=2048 path=w8a8_m1
ROCKNPU GGML TRACE ffn_pair first=blk.5.ffn_gate.weight second=blk.5.ffn_up.weight M=1 K=2048 N=5632+5632 kinds=4/4 path=m1_pair
ROCKNPU GGML TRACE mul_mat weight=blk.5.ffn_down.weight type=q4_K M=1 K=5632 N=2048 path=w8a8_m1
ROCKNPU GGML TRACE qkv_triple layer=6 K=2048 N=2048+256+256 kinds=4/4/4
ROCKNPU GGML TRACE qkv_stash layer=6 first=blk.6.attn_v.weight second=blk.6.attn_k.weight
ROCKNPU GGML TRACE mul_mat weight=blk.6.attn_output.weight type=q4_K M=1 K=2048 N=2048 path=w8a8_m1
ROCKNPU GGML TRACE ffn_pair first=blk.6.ffn_gate.weight second=blk.6.ffn_up.weight M=1 K=2048 N=5632+5632 kinds=4/4 path=m1_pair
ROCKNPU GGML TRACE mul_mat weight=blk.6.ffn_down.weight type=q4_K M=1 K=5632 N=2048 path=w8a8_m1
ROCKNPU GGML TRACE qkv_triple layer=7 K=2048 N=2048+256+256 kinds=4/6/4
ROCKNPU GGML TRACE qkv_stash layer=7 first=blk.7.attn_v.weight second=blk.7.attn_k.weight
ROCKNPU GGML TRACE mul_mat weight=blk.7.attn_output.weight type=q4_K M=1 K=2048 N=2048 path=w8a8_m1
ROCKNPU GGML TRACE ffn_pair first=blk.7.ffn_gate.weight second=blk.7.ffn_up.weight M=1 K=2048 N=5632+5632 kinds=4/4 path=m1_pair
ROCKNPU GGML TRACE mul_mat weight=blk.7.ffn_down.weight type=q6_K M=1 K=5632 N=2048 path=w8a8_m1
ROCKNPU GGML TRACE qkv_triple layer=8 K=2048 N=2048+256+256 kinds=4/6/4
ROCKNPU GGML TRACE qkv_stash layer=8 first=blk.8.attn_v.weight second=blk.8.attn_k.weight
ROCKNPU GGML TRACE mul_mat weight=blk.8.attn_output.weight type=q4_K M=1 K=2048 N=2048 path=w8a8_m1
ROCKNPU GGML TRACE ffn_pair first=blk.8.ffn_gate.weight second=blk.8.ffn_up.weight M=1 K=2048 N=5632+5632 kinds=4/4 path=m1_pair
ROCKNPU GGML TRACE mul_mat weight=blk.8.ffn_down.weight type=q6_K M=1 K=5632 N=2048 path=w8a8_m1
ROCKNPU GGML TRACE qkv_triple layer=9 K=2048 N=2048+256+256 kinds=4/6/4
ROCKNPU GGML TRACE qkv_stash layer=9 first=blk.9.attn_v.weight second=blk.9.attn_k.weight
ROCKNPU GGML TRACE mul_mat weight=blk.9.attn_output.weight type=q4_K M=1 K=2048 N=2048 path=w8a8_m1
ROCKNPU GGML TRACE ffn_pair first=blk.9.ffn_gate.weight second=blk.9.ffn_up.weight M=1 K=2048 N=5632+5632 kinds=4/4 path=m1_pair
ROCKNPU GGML TRACE mul_mat weight=blk.9.ffn_down.weight type=q6_K M=1 K=5632 N=2048 path=w8a8_m1
ROCKNPU GGML TRACE qkv_triple layer=10 K=2048 N=2048+256+256 kinds=4/4/4
ROCKNPU GGML TRACE qkv_stash layer=10 first=blk.10.attn_v.weight second=blk.10.attn_k.weight
ROCKNPU GGML TRACE mul_mat weight=blk.10.attn_output.weight type=q4_K M=1 K=2048 N=2048 path=w8a8_m1
ROCKNPU GGML TRACE ffn_pair first=blk.10.ffn_gate.weight second=blk.10.ffn_up.weight M=1 K=2048 N=5632+5632 kinds=4/4 path=m1_pair
ROCKNPU GGML TRACE mul_mat weight=blk.10.ffn_down.weight type=q4_K M=1 K=5632 N=2048 path=w8a8_m1
ROCKNPU GGML TRACE qkv_triple layer=11 K=2048 N=2048+256+256 kinds=4/4/4
ROCKNPU GGML TRACE qkv_stash layer=11 first=blk.11.attn_v.weight second=blk.11.attn_k.weight
ROCKNPU GGML TRACE mul_mat weight=blk.11.attn_output.weight type=q4_K M=1 K=2048 N=2048 path=w8a8_m1
ROCKNPU GGML TRACE ffn_pair first=blk.11.ffn_gate.weight second=blk.11.ffn_up.weight M=1 K=2048 N=5632+5632 kinds=4/4 path=m1_pair
ROCKNPU GGML TRACE mul_mat weight=blk.11.ffn_down.weight type=q4_K M=1 K=5632 N=2048 path=w8a8_m1
ROCKNPU GGML TRACE qkv_triple layer=12 K=2048 N=2048+256+256 kinds=4/6/4
ROCKNPU GGML TRACE qkv_stash layer=12 first=blk.12.attn_v.weight second=blk.12.attn_k.weight
ROCKNPU GGML TRACE mul_mat weight=blk.12.attn_output.weight type=q4_K M=1 K=2048 N=2048 path=w8a8_m1
ROCKNPU GGML TRACE ffn_pair first=blk.12.ffn_gate.weight second=blk.12.ffn_up.weight M=1 K=2048 N=5632+5632 kinds=4/4 path=m1_pair
ROCKNPU GGML TRACE mul_mat weight=blk.12.ffn_down.weight type=q6_K M=1 K=5632 N=2048 path=w8a8_m1
ROCKNPU GGML TRACE qkv_triple layer=13 K=2048 N=2048+256+256 kinds=4/4/4
ROCKNPU GGML TRACE qkv_stash layer=13 first=blk.13.attn_v.weight second=blk.13.attn_k.weight
ROCKNPU GGML TRACE mul_mat weight=blk.13.attn_output.weight type=q4_K M=1 K=2048 N=2048 path=w8a8_m1
ROCKNPU GGML TRACE ffn_pair first=blk.13.ffn_gate.weight second=blk.13.ffn_up.weight M=1 K=2048 N=5632+5632 kinds=4/4 path=m1_pair
ROCKNPU GGML TRACE mul_mat weight=blk.13.ffn_down.weight type=q4_K M=1 K=5632 N=2048 path=w8a8_m1
ROCKNPU GGML TRACE qkv_triple layer=14 K=2048 N=2048+256+256 kinds=4/4/4
ROCKNPU GGML TRACE qkv_stash layer=14 first=blk.14.attn_v.weight second=blk.14.attn_k.weight
ROCKNPU GGML TRACE mul_mat weight=blk.14.attn_output.weight type=q4_K M=1 K=2048 N=2048 path=w8a8_m1
ROCKNPU GGML TRACE ffn_pair first=blk.14.ffn_gate.weight second=blk.14.ffn_up.weight M=1 K=2048 N=5632+5632 kinds=4/4 path=m1_pair
ROCKNPU GGML TRACE mul_mat weight=blk.14.ffn_down.weight type=q4_K M=1 K=5632 N=2048 path=w8a8_m1
ROCKNPU GGML TRACE qkv_triple layer=15 K=2048 N=2048+256+256 kinds=4/6/4
ROCKNPU GGML TRACE qkv_stash layer=15 first=blk.15.attn_v.weight second=blk.15.attn_k.weight
ROCKNPU GGML TRACE mul_mat weight=blk.15.attn_output.weight type=q4_K M=1 K=2048 N=2048 path=w8a8_m1
ROCKNPU GGML TRACE ffn_pair first=blk.15.ffn_gate.weight second=blk.15.ffn_up.weight M=1 K=2048 N=5632+5632 kinds=4/4 path=m1_pair
ROCKNPU GGML TRACE mul_mat weight=blk.15.ffn_down.weight type=q6_K M=1 K=5632 N=2048 path=w8a8_m1
ROCKNPU GGML TRACE qkv_triple layer=16 K=2048 N=2048+256+256 kinds=4/4/4
ROCKNPU GGML TRACE qkv_stash layer=16 first=blk.16.attn_v.weight second=blk.16.attn_k.weight
ROCKNPU GGML TRACE mul_mat weight=blk.16.attn_output.weight type=q4_K M=1 K=2048 N=2048 path=w8a8_m1
ROCKNPU GGML TRACE ffn_pair first=blk.16.ffn_gate.weight second=blk.16.ffn_up.weight M=1 K=2048 N=5632+5632 kinds=4/4 path=m1_pair
ROCKNPU GGML TRACE mul_mat weight=blk.16.ffn_down.weight type=q4_K M=1 K=5632 N=2048 path=w8a8_m1
ROCKNPU GGML TRACE qkv_triple layer=17 K=2048 N=2048+256+256 kinds=4/4/4
ROCKNPU GGML TRACE qkv_stash layer=17 first=blk.17.attn_v.weight second=blk.17.attn_k.weight
ROCKNPU GGML TRACE mul_mat weight=blk.17.attn_output.weight type=q4_K M=1 K=2048 N=2048 path=w8a8_m1
ROCKNPU GGML TRACE ffn_pair first=blk.17.ffn_gate.weight second=blk.17.ffn_up.weight M=1 K=2048 N=5632+5632 kinds=4/4 path=m1_pair
ROCKNPU GGML TRACE mul_mat weight=blk.17.ffn_down.weight type=q4_K M=1 K=5632 N=2048 path=w8a8_m1
ROCKNPU GGML TRACE qkv_triple layer=18 K=2048 N=2048+256+256 kinds=4/6/4
ROCKNPU GGML TRACE qkv_stash layer=18 first=blk.18.attn_v.weight second=blk.18.attn_k.weight
ROCKNPU GGML TRACE mul_mat weight=blk.18.attn_output.weight type=q4_K M=1 K=2048 N=2048 path=w8a8_m1
ROCKNPU GGML TRACE ffn_pair first=blk.18.ffn_gate.weight second=blk.18.ffn_up.weight M=1 K=2048 N=5632+5632 kinds=4/4 path=m1_pair
ROCKNPU GGML TRACE mul_mat weight=blk.18.ffn_down.weight type=q6_K M=1 K=5632 N=2048 path=w8a8_m1
ROCKNPU GGML TRACE qkv_triple layer=19 K=2048 N=2048+256+256 kinds=4/4/4
ROCKNPU GGML TRACE qkv_stash layer=19 first=blk.19.attn_v.weight second=blk.19.attn_k.weight
ROCKNPU GGML TRACE mul_mat weight=blk.19.attn_output.weight type=q4_K M=1 K=2048 N=2048 path=w8a8_m1
ROCKNPU GGML TRACE ffn_pair first=blk.19.ffn_gate.weight second=blk.19.ffn_up.weight M=1 K=2048 N=5632+5632 kinds=4/4 path=m1_pair
ROCKNPU GGML TRACE mul_mat weight=blk.19.ffn_down.weight type=q4_K M=1 K=5632 N=2048 path=w8a8_m1
ROCKNPU GGML TRACE qkv_triple layer=20 K=2048 N=2048+256+256 kinds=4/6/4
ROCKNPU GGML TRACE qkv_stash layer=20 first=blk.20.attn_v.weight second=blk.20.attn_k.weight
ROCKNPU GGML TRACE mul_mat weight=blk.20.attn_output.weight type=q4_K M=1 K=2048 N=2048 path=w8a8_m1
ROCKNPU GGML TRACE ffn_pair first=blk.20.ffn_gate.weight second=blk.20.ffn_up.weight M=1 K=2048 N=5632+5632 kinds=4/4 path=m1_pair
ROCKNPU GGML TRACE mul_mat weight=blk.20.ffn_down.weight type=q6_K M=1 K=5632 N=2048 path=w8a8_m1
ROCKNPU GGML TRACE qkv_triple layer=21 K=2048 N=2048+256+256 kinds=4/4/4
ROCKNPU GGML TRACE qkv_stash layer=21 first=blk.21.attn_v.weight second=blk.21.attn_k.weight
ROCKNPU GGML TRACE mul_mat weight=blk.21.attn_output.weight type=q4_K M=1 K=2048 N=2048 path=w8a8_m1
ROCKNPU GGML TRACE ffn_pair first=blk.21.ffn_gate.weight second=blk.21.ffn_up.weight M=1 K=2048 N=5632+5632 kinds=4/4 path=m1_pair
ROCKNPU GGML TRACE mul_mat weight=blk.21.ffn_down.weight type=q4_K M=1 K=5632 N=2048 path=w8a8_m1
ROCKNPU GGML TRACE qkv_triple layer=0 K=2048 N=2048+256+256 kinds=4/6/4
ROCKNPU GGML TRACE qkv_stash layer=0 first=blk.0.attn_v.weight second=blk.0.attn_k.weight
ROCKNPU GGML TRACE mul_mat weight=blk.0.attn_output.weight type=q4_K M=1 K=2048 N=2048 path=w8a8_m1
ROCKNPU GGML TRACE ffn_pair first=blk.0.ffn_gate.weight second=blk.0.ffn_up.weight M=1 K=2048 N=5632+5632 kinds=4/4 path=m1_pair
ROCKNPU GGML TRACE mul_mat weight=blk.0.ffn_down.weight type=q6_K M=1 K=5632 N=2048 path=w8a8_m1
ROCKNPU GGML TRACE qkv_triple layer=1 K=2048 N=2048+256+256 kinds=4/6/4
ROCKNPU GGML TRACE qkv_stash layer=1 first=blk.1.attn_v.weight second=blk.1.attn_k.weight
ROCKNPU GGML TRACE mul_mat weight=blk.1.attn_output.weight type=q4_K M=1 K=2048 N=2048 path=w8a8_m1
ROCKNPU GGML TRACE ffn_pair first=blk.1.ffn_gate.weight second=blk.1.ffn_up.weight M=1 K=2048 N=5632+5632 kinds=4/4 path=m1_pair
ROCKNPU GGML TRACE mul_mat weight=blk.1.ffn_down.weight type=q6_K M=1 K=5632 N=2048 path=w8a8_m1
ROCKNPU GGML TRACE qkv_triple layer=2 K=2048 N=2048+256+256 kinds=4/4/4
ROCKNPU GGML TRACE qkv_stash layer=2 first=blk.2.attn_v.weight second=blk.2.attn_k.weight
ROCKNPU GGML TRACE mul_mat weight=blk.2.attn_output.weight type=q4_K M=1 K=2048 N=2048 path=w8a8_m1
ROCKNPU GGML TRACE ffn_pair first=blk.2.ffn_gate.weight second=blk.2.ffn_up.weight M=1 K=2048 N=5632+5632 kinds=4/4 path=m1_pair
ROCKNPU GGML TRACE mul_mat weight=blk.2.ffn_down.weight type=q4_K M=1 K=5632 N=2048 path=w8a8_m1
ROCKNPU GGML TRACE qkv_triple layer=3 K=2048 N=2048+256+256 kinds=4/4/4
ROCKNPU GGML TRACE qkv_stash layer=3 first=blk.3.attn_v.weight second=blk.3.attn_k.weight
ROCKNPU GGML TRACE mul_mat weight=blk.3.attn_output.weight type=q4_K M=1 K=2048 N=2048 path=w8a8_m1
ROCKNPU GGML TRACE ffn_pair first=blk.3.ffn_gate.weight second=blk.3.ffn_up.weight M=1 K=2048 N=5632+5632 kinds=4/4 path=m1_pair
ROCKNPU GGML TRACE mul_mat weight=blk.3.ffn_down.weight type=q4_K M=1 K=5632 N=2048 path=w8a8_m1
ROCKNPU GGML TRACE qkv_triple layer=4 K=2048 N=2048+256+256 kinds=4/6/4
ROCKNPU GGML TRACE qkv_stash layer=4 first=blk.4.attn_v.weight second=blk.4.attn_k.weight
ROCKNPU GGML TRACE mul_mat weight=blk.4.attn_output.weight type=q4_K M=1 K=2048 N=2048 path=w8a8_m1
ROCKNPU GGML TRACE ffn_pair first=blk.4.ffn_gate.weight second=blk.4.ffn_up.weight M=1 K=2048 N=5632+5632 kinds=4/4 path=m1_pair
ROCKNPU GGML TRACE mul_mat weight=blk.4.ffn_down.weight type=q6_K M=1 K=5632 N=2048 path=w8a8_m1
ROCKNPU GGML TRACE qkv_triple layer=5 K=2048 N=2048+256+256 kinds=4/4/4
ROCKNPU GGML TRACE qkv_stash layer=5 first=blk.5.attn_v.weight second=blk.5.attn_k.weight
ROCKNPU GGML TRACE mul_mat weight=blk.5.attn_output.weight type=q4_K M=1 K=2048 N=2048 path=w8a8_m1
ROCKNPU GGML TRACE ffn_pair first=blk.5.ffn_gate.weight second=blk.5.ffn_up.weight M=1 K=2048 N=5632+5632 kinds=4/4 path=m1_pair
ROCKNPU GGML TRACE mul_mat weight=blk.5.ffn_down.weight type=q4_K M=1 K=5632 N=2048 path=w8a8_m1
ROCKNPU GGML TRACE qkv_triple layer=6 K=2048 N=2048+256+256 kinds=4/4/4
ROCKNPU GGML TRACE qkv_stash layer=6 first=blk.6.attn_v.weight second=blk.6.attn_k.weight
ROCKNPU GGML TRACE mul_mat weight=blk.6.attn_output.weight type=q4_K M=1 K=2048 N=2048 path=w8a8_m1
ROCKNPU GGML TRACE ffn_pair first=blk.6.ffn_gate.weight second=blk.6.ffn_up.weight M=1 K=2048 N=5632+5632 kinds=4/4 path=m1_pair
ROCKNPU GGML TRACE mul_mat weight=blk.6.ffn_down.weight type=q4_K M=1 K=5632 N=2048 path=w8a8_m1
ROCKNPU GGML TRACE qkv_triple layer=7 K=2048 N=2048+256+256 kinds=4/6/4
ROCKNPU GGML TRACE qkv_stash layer=7 first=blk.7.attn_v.weight second=blk.7.attn_k.weight
ROCKNPU GGML TRACE mul_mat weight=blk.7.attn_output.weight type=q4_K M=1 K=2048 N=2048 path=w8a8_m1
ROCKNPU GGML TRACE ffn_pair first=blk.7.ffn_gate.weight second=blk.7.ffn_up.weight M=1 K=2048 N=5632+5632 kinds=4/4 path=m1_pair
ROCKNPU GGML TRACE mul_mat weight=blk.7.ffn_down.weight type=q6_K M=1 K=5632 N=2048 path=w8a8_m1
ROCKNPU GGML TRACE qkv_triple layer=8 K=2048 N=2048+256+256 kinds=4/6/4
ROCKNPU GGML TRACE qkv_stash layer=8 first=blk.8.attn_v.weight second=blk.8.attn_k.weight
ROCKNPU GGML TRACE mul_mat weight=blk.8.attn_output.weight type=q4_K M=1 K=2048 N=2048 path=w8a8_m1
ROCKNPU GGML TRACE ffn_pair first=blk.8.ffn_gate.weight second=blk.8.ffn_up.weight M=1 K=2048 N=5632+5632 kinds=4/4 path=m1_pair
ROCKNPU GGML TRACE mul_mat weight=blk.8.ffn_down.weight type=q6_K M=1 K=5632 N=2048 path=w8a8_m1
ROCKNPU GGML TRACE qkv_triple layer=9 K=2048 N=2048+256+256 kinds=4/6/4
ROCKNPU GGML TRACE qkv_stash layer=9 first=blk.9.attn_v.weight second=blk.9.attn_k.weight
ROCKNPU GGML TRACE mul_mat weight=blk.9.attn_output.weight type=q4_K M=1 K=2048 N=2048 path=w8a8_m1
ROCKNPU GGML TRACE ffn_pair first=blk.9.ffn_gate.weight second=blk.9.ffn_up.weight M=1 K=2048 N=5632+5632 kinds=4/4 path=m1_pair
ROCKNPU GGML TRACE mul_mat weight=blk.9.ffn_down.weight type=q6_K M=1 K=5632 N=2048 path=w8a8_m1
ROCKNPU GGML TRACE qkv_triple layer=10 K=2048 N=2048+256+256 kinds=4/4/4
ROCKNPU GGML TRACE qkv_stash layer=10 first=blk.10.attn_v.weight second=blk.10.attn_k.weight
ROCKNPU GGML TRACE mul_mat weight=blk.10.attn_output.weight type=q4_K M=1 K=2048 N=2048 path=w8a8_m1
ROCKNPU GGML TRACE ffn_pair first=blk.10.ffn_gate.weight second=blk.10.ffn_up.weight M=1 K=2048 N=5632+5632 kinds=4/4 path=m1_pair
ROCKNPU GGML TRACE mul_mat weight=blk.10.ffn_down.weight type=q4_K M=1 K=5632 N=2048 path=w8a8_m1
ROCKNPU GGML TRACE qkv_triple layer=11 K=2048 N=2048+256+256 kinds=4/4/4
ROCKNPU GGML TRACE qkv_stash layer=11 first=blk.11.attn_v.weight second=blk.11.attn_k.weight
ROCKNPU GGML TRACE mul_mat weight=blk.11.attn_output.weight type=q4_K M=1 K=2048 N=2048 path=w8a8_m1
ROCKNPU GGML TRACE ffn_pair first=blk.11.ffn_gate.weight second=blk.11.ffn_up.weight M=1 K=2048 N=5632+5632 kinds=4/4 path=m1_pair
ROCKNPU GGML TRACE mul_mat weight=blk.11.ffn_down.weight type=q4_K M=1 K=5632 N=2048 path=w8a8_m1
ROCKNPU GGML TRACE qkv_triple layer=12 K=2048 N=2048+256+256 kinds=4/6/4
ROCKNPU GGML TRACE qkv_stash layer=12 first=blk.12.attn_v.weight second=blk.12.attn_k.weight
ROCKNPU GGML TRACE mul_mat weight=blk.12.attn_output.weight type=q4_K M=1 K=2048 N=2048 path=w8a8_m1
ROCKNPU GGML TRACE ffn_pair first=blk.12.ffn_gate.weight second=blk.12.ffn_up.weight M=1 K=2048 N=5632+5632 kinds=4/4 path=m1_pair
ROCKNPU GGML TRACE mul_mat weight=blk.12.ffn_down.weight type=q6_K M=1 K=5632 N=2048 path=w8a8_m1
ROCKNPU GGML TRACE qkv_triple layer=13 K=2048 N=2048+256+256 kinds=4/4/4
ROCKNPU GGML TRACE qkv_stash layer=13 first=blk.13.attn_v.weight second=blk.13.attn_k.weight
ROCKNPU GGML TRACE mul_mat weight=blk.13.attn_output.weight type=q4_K M=1 K=2048 N=2048 path=w8a8_m1
ROCKNPU GGML TRACE ffn_pair first=blk.13.ffn_gate.weight second=blk.13.ffn_up.weight M=1 K=2048 N=5632+5632 kinds=4/4 path=m1_pair
ROCKNPU GGML TRACE mul_mat weight=blk.13.ffn_down.weight type=q4_K M=1 K=5632 N=2048 path=w8a8_m1
ROCKNPU GGML TRACE qkv_triple layer=14 K=2048 N=2048+256+256 kinds=4/4/4
ROCKNPU GGML TRACE qkv_stash layer=14 first=blk.14.attn_v.weight second=blk.14.attn_k.weight
ROCKNPU GGML TRACE mul_mat weight=blk.14.attn_output.weight type=q4_K M=1 K=2048 N=2048 path=w8a8_m1
ROCKNPU GGML TRACE ffn_pair first=blk.14.ffn_gate.weight second=blk.14.ffn_up.weight M=1 K=2048 N=5632+5632 kinds=4/4 path=m1_pair
ROCKNPU GGML TRACE mul_mat weight=blk.14.ffn_down.weight type=q4_K M=1 K=5632 N=2048 path=w8a8_m1
ROCKNPU GGML TRACE qkv_triple layer=15 K=2048 N=2048+256+256 kinds=4/6/4
ROCKNPU GGML TRACE qkv_stash layer=15 first=blk.15.attn_v.weight second=blk.15.attn_k.weight
ROCKNPU GGML TRACE mul_mat weight=blk.15.attn_output.weight type=q4_K M=1 K=2048 N=2048 path=w8a8_m1
ROCKNPU GGML TRACE ffn_pair first=blk.15.ffn_gate.weight second=blk.15.ffn_up.weight M=1 K=2048 N=5632+5632 kinds=4/4 path=m1_pair
ROCKNPU GGML TRACE mul_mat weight=blk.15.ffn_down.weight type=q6_K M=1 K=5632 N=2048 path=w8a8_m1
ROCKNPU GGML TRACE qkv_triple layer=16 K=2048 N=2048+256+256 kinds=4/4/4
ROCKNPU GGML TRACE qkv_stash layer=16 first=blk.16.attn_v.weight second=blk.16.attn_k.weight
ROCKNPU GGML TRACE mul_mat weight=blk.16.attn_output.weight type=q4_K M=1 K=2048 N=2048 path=w8a8_m1
ROCKNPU GGML TRACE ffn_pair first=blk.16.ffn_gate.weight second=blk.16.ffn_up.weight M=1 K=2048 N=5632+5632 kinds=4/4 path=m1_pair
ROCKNPU GGML TRACE mul_mat weight=blk.16.ffn_down.weight type=q4_K M=1 K=5632 N=2048 path=w8a8_m1
ROCKNPU GGML TRACE qkv_triple layer=17 K=2048 N=2048+256+256 kinds=4/4/4
ROCKNPU GGML TRACE qkv_stash layer=17 first=blk.17.attn_v.weight second=blk.17.attn_k.weight
ROCKNPU GGML TRACE mul_mat weight=blk.17.attn_output.weight type=q4_K M=1 K=2048 N=2048 path=w8a8_m1
ROCKNPU GGML TRACE ffn_pair first=blk.17.ffn_gate.weight second=blk.17.ffn_up.weight M=1 K=2048 N=5632+5632 kinds=4/4 path=m1_pair
ROCKNPU GGML TRACE mul_mat weight=blk.17.ffn_down.weight type=q4_K M=1 K=5632 N=2048 path=w8a8_m1
ROCKNPU GGML TRACE qkv_triple layer=18 K=2048 N=2048+256+256 kinds=4/6/4
ROCKNPU GGML TRACE qkv_stash layer=18 first=blk.18.attn_v.weight second=blk.18.attn_k.weight
ROCKNPU GGML TRACE mul_mat weight=blk.18.attn_output.weight type=q4_K M=1 K=2048 N=2048 path=w8a8_m1
ROCKNPU GGML TRACE ffn_pair first=blk.18.ffn_gate.weight second=blk.18.ffn_up.weight M=1 K=2048 N=5632+5632 kinds=4/4 path=m1_pair
ROCKNPU GGML TRACE mul_mat weight=blk.18.ffn_down.weight type=q6_K M=1 K=5632 N=2048 path=w8a8_m1
ROCKNPU GGML TRACE qkv_triple layer=19 K=2048 N=2048+256+256 kinds=4/4/4
ROCKNPU GGML TRACE qkv_stash layer=19 first=blk.19.attn_v.weight second=blk.19.attn_k.weight
ROCKNPU GGML TRACE mul_mat weight=blk.19.attn_output.weight type=q4_K M=1 K=2048 N=2048 path=w8a8_m1
ROCKNPU GGML TRACE ffn_pair first=blk.19.ffn_gate.weight second=blk.19.ffn_up.weight M=1 K=2048 N=5632+5632 kinds=4/4 path=m1_pair
ROCKNPU GGML TRACE mul_mat weight=blk.19.ffn_down.weight type=q4_K M=1 K=5632 N=2048 path=w8a8_m1
ROCKNPU GGML TRACE qkv_triple layer=20 K=2048 N=2048+256+256 kinds=4/6/4
ROCKNPU GGML TRACE qkv_stash layer=20 first=blk.20.attn_v.weight second=blk.20.attn_k.weight
ROCKNPU GGML TRACE mul_mat weight=blk.20.attn_output.weight type=q4_K M=1 K=2048 N=2048 path=w8a8_m1
ROCKNPU GGML TRACE ffn_pair first=blk.20.ffn_gate.weight second=blk.20.ffn_up.weight M=1 K=2048 N=5632+5632 kinds=4/4 path=m1_pair
ROCKNPU GGML TRACE mul_mat weight=blk.20.ffn_down.weight type=q6_K M=1 K=5632 N=2048 path=w8a8_m1
ROCKNPU GGML TRACE qkv_triple layer=21 K=2048 N=2048+256+256 kinds=4/4/4
ROCKNPU GGML TRACE qkv_stash layer=21 first=blk.21.attn_v.weight second=blk.21.attn_k.weight
ROCKNPU GGML TRACE mul_mat weight=blk.21.attn_output.weight type=q4_K M=1 K=2048 N=2048 path=w8a8_m1
ROCKNPU GGML TRACE ffn_pair first=blk.21.ffn_gate.weight second=blk.21.ffn_up.weight M=1 K=2048 N=5632+5632 kinds=4/4 path=m1_pair
ROCKNPU GGML TRACE mul_mat weight=blk.21.ffn_down.weight type=q4_K M=1 K=5632 N=2048 path=w8a8_m1
slot print_timing: id  3 | task 9 | prompt eval time =      61.48 ms /     2 tokens (   30.74 ms per token,    32.53 tokens per second)
slot print_timing: id  3 | task 9 |        eval time =     407.68 ms /     8 tokens (   58.24 ms per token,    17.17 tokens per second)
slot print_timing: id  3 | task 9 |       total time =     469.16 ms /    10 tokens
slot print_timing: id  3 | task 9 |    graphs reused =         14
slot      release: id  3 | task 9 | stop processing: n_tokens = 9, truncated = 0
srv  update_slots: all slots are idle
srv  server_strea: conv_id= (empty=1)
slot get_availabl: id  0 | task -1 |  - skipping, slot is empty
slot get_availabl: id  1 | task -1 |  - skipping, slot is empty
slot get_availabl: id  2 | task -1 |  - skipping, slot is empty
slot get_availabl: id  3 | task -1 |  - checking sim = 1.000 (2/2) > 0.100
slot get_availabl: id  3 | task -1 | selected slot by LCP similarity, f_sim_best = 1.000 (> 0.100 thold), f_keep = 0.222
srv  get_availabl: updating prompt cache
srv   prompt_save:  - saving prompt with length 9, total state size = 0.194 MiB (draft: 0.000 MiB)
srv         alloc:  - prompt is already in the cache, skipping
srv          load:  - looking for better prompt, base f_keep = 0.222, f_sim = 1.000
srv          load:    - prompt with length       9, lcp =       2, f_keep = 0.222, f_sim = 1.000
srv        update:  - cache state: 1 prompts, 0.194 MiB (limits: 8192.000 MiB, 2048 tokens, 380063 est)
srv        update:    - prompt 0xaaab00d81cd0:       9 tokens, checkpoints:  0,     0.194 MiB
srv  get_availabl: prompt cache update took 0.05 ms
slot launch_slot_: id  3 | task -1 | sampler chain: logits -> ?penalties -> ?dry -> ?top-n-sigma -> top-k -> ?typical -> top-p -> min-p -> ?xtc -> temp-ext -> dist 
slot launch_slot_: id  3 | task -1 | sampler params: 
	repeat_last_n = 64, repeat_penalty = 1.000, frequency_penalty = 0.000, presence_penalty = 0.000
	dry_multiplier = 0.000, dry_base = 1.750, dry_allowed_length = 2, dry_penalty_last_n = 64
	top_k = 1, top_p = 0.950, min_p = 0.050, xtc_probability = 0.000, xtc_threshold = 0.100, typical_p = 1.000, top_n_sigma = -1.000, temp = 0.000
	mirostat = 0, mirostat_lr = 0.100, mirostat_ent = 5.000, adaptive_target = -1.000, adaptive_decay = 0.900
slot launch_slot_: id  3 | task 18 | processing task, is_child = 0
slot process_sing: id  0 | task -1 | saving idle slot to prompt cache
slot prompt_clear: id  0 | task -1 | clearing prompt with 0 tokens
slot process_sing: id  1 | task -1 | saving idle slot to prompt cache
slot prompt_clear: id  1 | task -1 | clearing prompt with 0 tokens
slot process_sing: id  2 | task -1 | saving idle slot to prompt cache
slot prompt_clear: id  2 | task -1 | clearing prompt with 0 tokens
slot   operator(): id  3 | task 18 | new prompt, n_ctx_slot = 2048, n_keep = 4, task.n_tokens = 2
slot   operator(): id  3 | task 18 | cached n_tokens = 0, memory_seq_rm [0, end)
slot init_sampler: id  3 | task 18 | init sampler, took 0.00 ms, tokens: text = 2, total = 2
ROCKNPU GGML TRACE ffn_pair first=blk.21.ffn_gate.weight second=blk.21.ffn_up.weight M=1 K=2048 N=5632+5632 kinds=4/4 path=m1_pair
ROCKNPU GGML TRACE mul_mat weight=blk.21.ffn_down.weight type=q4_K M=1 K=5632 N=2048 path=w8a8_m1
ROCKNPU GGML TRACE qkv_triple layer=0 K=2048 N=2048+256+256 kinds=4/6/4
ROCKNPU GGML TRACE qkv_stash layer=0 first=blk.0.attn_v.weight second=blk.0.attn_k.weight
ROCKNPU GGML TRACE mul_mat weight=blk.0.attn_output.weight type=q4_K M=1 K=2048 N=2048 path=w8a8_m1
ROCKNPU GGML TRACE ffn_pair first=blk.0.ffn_gate.weight second=blk.0.ffn_up.weight M=1 K=2048 N=5632+5632 kinds=4/4 path=m1_pair
ROCKNPU GGML TRACE mul_mat weight=blk.0.ffn_down.weight type=q6_K M=1 K=5632 N=2048 path=w8a8_m1
ROCKNPU GGML TRACE qkv_triple layer=1 K=2048 N=2048+256+256 kinds=4/6/4
ROCKNPU GGML TRACE qkv_stash layer=1 first=blk.1.attn_v.weight second=blk.1.attn_k.weight
ROCKNPU GGML TRACE mul_mat weight=blk.1.attn_output.weight type=q4_K M=1 K=2048 N=2048 path=w8a8_m1
ROCKNPU GGML TRACE ffn_pair first=blk.1.ffn_gate.weight second=blk.1.ffn_up.weight M=1 K=2048 N=5632+5632 kinds=4/4 path=m1_pair
ROCKNPU GGML TRACE mul_mat weight=blk.1.ffn_down.weight type=q6_K M=1 K=5632 N=2048 path=w8a8_m1
ROCKNPU GGML TRACE qkv_triple layer=2 K=2048 N=2048+256+256 kinds=4/4/4
ROCKNPU GGML TRACE qkv_stash layer=2 first=blk.2.attn_v.weight second=blk.2.attn_k.weight
ROCKNPU GGML TRACE mul_mat weight=blk.2.attn_output.weight type=q4_K M=1 K=2048 N=2048 path=w8a8_m1
ROCKNPU GGML TRACE ffn_pair first=blk.2.ffn_gate.weight second=blk.2.ffn_up.weight M=1 K=2048 N=5632+5632 kinds=4/4 path=m1_pair
ROCKNPU GGML TRACE mul_mat weight=blk.2.ffn_down.weight type=q4_K M=1 K=5632 N=2048 path=w8a8_m1
ROCKNPU GGML TRACE qkv_triple layer=3 K=2048 N=2048+256+256 kinds=4/4/4
ROCKNPU GGML TRACE qkv_stash layer=3 first=blk.3.attn_v.weight second=blk.3.attn_k.weight
ROCKNPU GGML TRACE mul_mat weight=blk.3.attn_output.weight type=q4_K M=1 K=2048 N=2048 path=w8a8_m1
ROCKNPU GGML TRACE ffn_pair first=blk.3.ffn_gate.weight second=blk.3.ffn_up.weight M=1 K=2048 N=5632+5632 kinds=4/4 path=m1_pair
ROCKNPU GGML TRACE mul_mat weight=blk.3.ffn_down.weight type=q4_K M=1 K=5632 N=2048 path=w8a8_m1
ROCKNPU GGML TRACE qkv_triple layer=4 K=2048 N=2048+256+256 kinds=4/6/4
ROCKNPU GGML TRACE qkv_stash layer=4 first=blk.4.attn_v.weight second=blk.4.attn_k.weight
ROCKNPU GGML TRACE mul_mat weight=blk.4.attn_output.weight type=q4_K M=1 K=2048 N=2048 path=w8a8_m1
ROCKNPU GGML TRACE ffn_pair first=blk.4.ffn_gate.weight second=blk.4.ffn_up.weight M=1 K=2048 N=5632+5632 kinds=4/4 path=m1_pair
ROCKNPU GGML TRACE mul_mat weight=blk.4.ffn_down.weight type=q6_K M=1 K=5632 N=2048 path=w8a8_m1
ROCKNPU GGML TRACE qkv_triple layer=5 K=2048 N=2048+256+256 kinds=4/4/4
ROCKNPU GGML TRACE qkv_stash layer=5 first=blk.5.attn_v.weight second=blk.5.attn_k.weight
ROCKNPU GGML TRACE mul_mat weight=blk.5.attn_output.weight type=q4_K M=1 K=2048 N=2048 path=w8a8_m1
ROCKNPU GGML TRACE ffn_pair first=blk.5.ffn_gate.weight second=blk.5.ffn_up.weight M=1 K=2048 N=5632+5632 kinds=4/4 path=m1_pair
ROCKNPU GGML TRACE mul_mat weight=blk.5.ffn_down.weight type=q4_K M=1 K=5632 N=2048 path=w8a8_m1
ROCKNPU GGML TRACE qkv_triple layer=6 K=2048 N=2048+256+256 kinds=4/4/4
ROCKNPU GGML TRACE qkv_stash layer=6 first=blk.6.attn_v.weight second=blk.6.attn_k.weight
ROCKNPU GGML TRACE mul_mat weight=blk.6.attn_output.weight type=q4_K M=1 K=2048 N=2048 path=w8a8_m1
ROCKNPU GGML TRACE ffn_pair first=blk.6.ffn_gate.weight second=blk.6.ffn_up.weight M=1 K=2048 N=5632+5632 kinds=4/4 path=m1_pair
ROCKNPU GGML TRACE mul_mat weight=blk.6.ffn_down.weight type=q4_K M=1 K=5632 N=2048 path=w8a8_m1
ROCKNPU GGML TRACE qkv_triple layer=7 K=2048 N=2048+256+256 kinds=4/6/4
ROCKNPU GGML TRACE qkv_stash layer=7 first=blk.7.attn_v.weight second=blk.7.attn_k.weight
ROCKNPU GGML TRACE mul_mat weight=blk.7.attn_output.weight type=q4_K M=1 K=2048 N=2048 path=w8a8_m1
ROCKNPU GGML TRACE ffn_pair first=blk.7.ffn_gate.weight second=blk.7.ffn_up.weight M=1 K=2048 N=5632+5632 kinds=4/4 path=m1_pair
ROCKNPU GGML TRACE mul_mat weight=blk.7.ffn_down.weight type=q6_K M=1 K=5632 N=2048 path=w8a8_m1
ROCKNPU GGML TRACE qkv_triple layer=8 K=2048 N=2048+256+256 kinds=4/6/4
ROCKNPU GGML TRACE qkv_stash layer=8 first=blk.8.attn_v.weight second=blk.8.attn_k.weight
ROCKNPU GGML TRACE mul_mat weight=blk.8.attn_output.weight type=q4_K M=1 K=2048 N=2048 path=w8a8_m1
ROCKNPU GGML TRACE ffn_pair first=blk.8.ffn_gate.weight second=blk.8.ffn_up.weight M=1 K=2048 N=5632+5632 kinds=4/4 path=m1_pair
ROCKNPU GGML TRACE mul_mat weight=blk.8.ffn_down.weight type=q6_K M=1 K=5632 N=2048 path=w8a8_m1
ROCKNPU GGML TRACE qkv_triple layer=9 K=2048 N=2048+256+256 kinds=4/6/4
ROCKNPU GGML TRACE qkv_stash layer=9 first=blk.9.attn_v.weight second=blk.9.attn_k.weight
ROCKNPU GGML TRACE mul_mat weight=blk.9.attn_output.weight type=q4_K M=1 K=2048 N=2048 path=w8a8_m1
ROCKNPU GGML TRACE ffn_pair first=blk.9.ffn_gate.weight second=blk.9.ffn_up.weight M=1 K=2048 N=5632+5632 kinds=4/4 path=m1_pair
ROCKNPU GGML TRACE mul_mat weight=blk.9.ffn_down.weight type=q6_K M=1 K=5632 N=2048 path=w8a8_m1
ROCKNPU GGML TRACE qkv_triple layer=10 K=2048 N=2048+256+256 kinds=4/4/4
ROCKNPU GGML TRACE qkv_stash layer=10 first=blk.10.attn_v.weight second=blk.10.attn_k.weight
ROCKNPU GGML TRACE mul_mat weight=blk.10.attn_output.weight type=q4_K M=1 K=2048 N=2048 path=w8a8_m1
ROCKNPU GGML TRACE ffn_pair first=blk.10.ffn_gate.weight second=blk.10.ffn_up.weight M=1 K=2048 N=5632+5632 kinds=4/4 path=m1_pair
ROCKNPU GGML TRACE mul_mat weight=blk.10.ffn_down.weight type=q4_K M=1 K=5632 N=2048 path=w8a8_m1
ROCKNPU GGML TRACE qkv_triple layer=11 K=2048 N=2048+256+256 kinds=4/4/4
ROCKNPU GGML TRACE qkv_stash layer=11 first=blk.11.attn_v.weight second=blk.11.attn_k.weight
ROCKNPU GGML TRACE mul_mat weight=blk.11.attn_output.weight type=q4_K M=1 K=2048 N=2048 path=w8a8_m1
ROCKNPU GGML TRACE ffn_pair first=blk.11.ffn_gate.weight second=blk.11.ffn_up.weight M=1 K=2048 N=5632+5632 kinds=4/4 path=m1_pair
ROCKNPU GGML TRACE mul_mat weight=blk.11.ffn_down.weight type=q4_K M=1 K=5632 N=2048 path=w8a8_m1
ROCKNPU GGML TRACE qkv_triple layer=12 K=2048 N=2048+256+256 kinds=4/6/4
ROCKNPU GGML TRACE qkv_stash layer=12 first=blk.12.attn_v.weight second=blk.12.attn_k.weight
ROCKNPU GGML TRACE mul_mat weight=blk.12.attn_output.weight type=q4_K M=1 K=2048 N=2048 path=w8a8_m1
ROCKNPU GGML TRACE ffn_pair first=blk.12.ffn_gate.weight second=blk.12.ffn_up.weight M=1 K=2048 N=5632+5632 kinds=4/4 path=m1_pair
ROCKNPU GGML TRACE mul_mat weight=blk.12.ffn_down.weight type=q6_K M=1 K=5632 N=2048 path=w8a8_m1
ROCKNPU GGML TRACE qkv_triple layer=13 K=2048 N=2048+256+256 kinds=4/4/4
ROCKNPU GGML TRACE qkv_stash layer=13 first=blk.13.attn_v.weight second=blk.13.attn_k.weight
ROCKNPU GGML TRACE mul_mat weight=blk.13.attn_output.weight type=q4_K M=1 K=2048 N=2048 path=w8a8_m1
ROCKNPU GGML TRACE ffn_pair first=blk.13.ffn_gate.weight second=blk.13.ffn_up.weight M=1 K=2048 N=5632+5632 kinds=4/4 path=m1_pair
ROCKNPU GGML TRACE mul_mat weight=blk.13.ffn_down.weight type=q4_K M=1 K=5632 N=2048 path=w8a8_m1
ROCKNPU GGML TRACE qkv_triple layer=14 K=2048 N=2048+256+256 kinds=4/4/4
ROCKNPU GGML TRACE qkv_stash layer=14 first=blk.14.attn_v.weight second=blk.14.attn_k.weight
ROCKNPU GGML TRACE mul_mat weight=blk.14.attn_output.weight type=q4_K M=1 K=2048 N=2048 path=w8a8_m1
ROCKNPU GGML TRACE ffn_pair first=blk.14.ffn_gate.weight second=blk.14.ffn_up.weight M=1 K=2048 N=5632+5632 kinds=4/4 path=m1_pair
ROCKNPU GGML TRACE mul_mat weight=blk.14.ffn_down.weight type=q4_K M=1 K=5632 N=2048 path=w8a8_m1
ROCKNPU GGML TRACE qkv_triple layer=15 K=2048 N=2048+256+256 kinds=4/6/4
ROCKNPU GGML TRACE qkv_stash layer=15 first=blk.15.attn_v.weight second=blk.15.attn_k.weight
ROCKNPU GGML TRACE mul_mat weight=blk.15.attn_output.weight type=q4_K M=1 K=2048 N=2048 path=w8a8_m1
ROCKNPU GGML TRACE ffn_pair first=blk.15.ffn_gate.weight second=blk.15.ffn_up.weight M=1 K=2048 N=5632+5632 kinds=4/4 path=m1_pair
ROCKNPU GGML TRACE mul_mat weight=blk.15.ffn_down.weight type=q6_K M=1 K=5632 N=2048 path=w8a8_m1
ROCKNPU GGML TRACE qkv_triple layer=16 K=2048 N=2048+256+256 kinds=4/4/4
ROCKNPU GGML TRACE qkv_stash layer=16 first=blk.16.attn_v.weight second=blk.16.attn_k.weight
ROCKNPU GGML TRACE mul_mat weight=blk.16.attn_output.weight type=q4_K M=1 K=2048 N=2048 path=w8a8_m1
ROCKNPU GGML TRACE ffn_pair first=blk.16.ffn_gate.weight second=blk.16.ffn_up.weight M=1 K=2048 N=5632+5632 kinds=4/4 path=m1_pair
ROCKNPU GGML TRACE mul_mat weight=blk.16.ffn_down.weight type=q4_K M=1 K=5632 N=2048 path=w8a8_m1
ROCKNPU GGML TRACE qkv_triple layer=17 K=2048 N=2048+256+256 kinds=4/4/4
ROCKNPU GGML TRACE qkv_stash layer=17 first=blk.17.attn_v.weight second=blk.17.attn_k.weight
ROCKNPU GGML TRACE mul_mat weight=blk.17.attn_output.weight type=q4_K M=1 K=2048 N=2048 path=w8a8_m1
ROCKNPU GGML TRACE ffn_pair first=blk.17.ffn_gate.weight second=blk.17.ffn_up.weight M=1 K=2048 N=5632+5632 kinds=4/4 path=m1_pair
ROCKNPU GGML TRACE mul_mat weight=blk.17.ffn_down.weight type=q4_K M=1 K=5632 N=2048 path=w8a8_m1
ROCKNPU GGML TRACE qkv_triple layer=18 K=2048 N=2048+256+256 kinds=4/6/4
ROCKNPU GGML TRACE qkv_stash layer=18 first=blk.18.attn_v.weight second=blk.18.attn_k.weight
ROCKNPU GGML TRACE mul_mat weight=blk.18.attn_output.weight type=q4_K M=1 K=2048 N=2048 path=w8a8_m1
ROCKNPU GGML TRACE ffn_pair first=blk.18.ffn_gate.weight second=blk.18.ffn_up.weight M=1 K=2048 N=5632+5632 kinds=4/4 path=m1_pair
ROCKNPU GGML TRACE mul_mat weight=blk.18.ffn_down.weight type=q6_K M=1 K=5632 N=2048 path=w8a8_m1
ROCKNPU GGML TRACE qkv_triple layer=19 K=2048 N=2048+256+256 kinds=4/4/4
ROCKNPU GGML TRACE qkv_stash layer=19 first=blk.19.attn_v.weight second=blk.19.attn_k.weight
ROCKNPU GGML TRACE mul_mat weight=blk.19.attn_output.weight type=q4_K M=1 K=2048 N=2048 path=w8a8_m1
ROCKNPU GGML TRACE ffn_pair first=blk.19.ffn_gate.weight second=blk.19.ffn_up.weight M=1 K=2048 N=5632+5632 kinds=4/4 path=m1_pair
ROCKNPU GGML TRACE mul_mat weight=blk.19.ffn_down.weight type=q4_K M=1 K=5632 N=2048 path=w8a8_m1
ROCKNPU GGML TRACE qkv_triple layer=20 K=2048 N=2048+256+256 kinds=4/6/4
ROCKNPU GGML TRACE qkv_stash layer=20 first=blk.20.attn_v.weight second=blk.20.attn_k.weight
ROCKNPU GGML TRACE mul_mat weight=blk.20.attn_output.weight type=q4_K M=1 K=2048 N=2048 path=w8a8_m1
ROCKNPU GGML TRACE ffn_pair first=blk.20.ffn_gate.weight second=blk.20.ffn_up.weight M=1 K=2048 N=5632+5632 kinds=4/4 path=m1_pair
ROCKNPU GGML TRACE mul_mat weight=blk.20.ffn_down.weight type=q6_K M=1 K=5632 N=2048 path=w8a8_m1
ROCKNPU GGML TRACE qkv_triple layer=21 K=2048 N=2048+256+256 kinds=4/4/4
ROCKNPU GGML TRACE qkv_stash layer=21 first=blk.21.attn_v.weight second=blk.21.attn_k.weight
ROCKNPU GGML TRACE mul_mat weight=blk.21.attn_output.weight type=q4_K M=1 K=2048 N=2048 path=w8a8_m1
ROCKNPU GGML TRACE ffn_pair first=blk.21.ffn_gate.weight second=blk.21.ffn_up.weight M=1 K=2048 N=5632+5632 kinds=4/4 path=m1_pair
ROCKNPU GGML TRACE mul_mat weight=blk.21.ffn_down.weight type=q4_K M=1 K=5632 N=2048 path=w8a8_m1
ROCKNPU GGML TRACE qkv_triple layer=0 K=2048 N=2048+256+256 kinds=4/6/4
ROCKNPU GGML TRACE qkv_stash layer=0 first=blk.0.attn_v.weight second=blk.0.attn_k.weight
ROCKNPU GGML TRACE mul_mat weight=blk.0.attn_output.weight type=q4_K M=1 K=2048 N=2048 path=w8a8_m1
ROCKNPU GGML TRACE ffn_pair first=blk.0.ffn_gate.weight second=blk.0.ffn_up.weight M=1 K=2048 N=5632+5632 kinds=4/4 path=m1_pair
ROCKNPU GGML TRACE mul_mat weight=blk.0.ffn_down.weight type=q6_K M=1 K=5632 N=2048 path=w8a8_m1
ROCKNPU GGML TRACE qkv_triple layer=1 K=2048 N=2048+256+256 kinds=4/6/4
ROCKNPU GGML TRACE qkv_stash layer=1 first=blk.1.attn_v.weight second=blk.1.attn_k.weight
ROCKNPU GGML TRACE mul_mat weight=blk.1.attn_output.weight type=q4_K M=1 K=2048 N=2048 path=w8a8_m1
ROCKNPU GGML TRACE ffn_pair first=blk.1.ffn_gate.weight second=blk.1.ffn_up.weight M=1 K=2048 N=5632+5632 kinds=4/4 path=m1_pair
ROCKNPU GGML TRACE mul_mat weight=blk.1.ffn_down.weight type=q6_K M=1 K=5632 N=2048 path=w8a8_m1
ROCKNPU GGML TRACE qkv_triple layer=2 K=2048 N=2048+256+256 kinds=4/4/4
ROCKNPU GGML TRACE qkv_stash layer=2 first=blk.2.attn_v.weight second=blk.2.attn_k.weight
ROCKNPU GGML TRACE mul_mat weight=blk.2.attn_output.weight type=q4_K M=1 K=2048 N=2048 path=w8a8_m1
ROCKNPU GGML TRACE ffn_pair first=blk.2.ffn_gate.weight second=blk.2.ffn_up.weight M=1 K=2048 N=5632+5632 kinds=4/4 path=m1_pair
ROCKNPU GGML TRACE mul_mat weight=blk.2.ffn_down.weight type=q4_K M=1 K=5632 N=2048 path=w8a8_m1
ROCKNPU GGML TRACE qkv_triple layer=3 K=2048 N=2048+256+256 kinds=4/4/4
ROCKNPU GGML TRACE qkv_stash layer=3 first=blk.3.attn_v.weight second=blk.3.attn_k.weight
ROCKNPU GGML TRACE mul_mat weight=blk.3.attn_output.weight type=q4_K M=1 K=2048 N=2048 path=w8a8_m1
ROCKNPU GGML TRACE ffn_pair first=blk.3.ffn_gate.weight second=blk.3.ffn_up.weight M=1 K=2048 N=5632+5632 kinds=4/4 path=m1_pair
ROCKNPU GGML TRACE mul_mat weight=blk.3.ffn_down.weight type=q4_K M=1 K=5632 N=2048 path=w8a8_m1
ROCKNPU GGML TRACE qkv_triple layer=4 K=2048 N=2048+256+256 kinds=4/6/4
ROCKNPU GGML TRACE qkv_stash layer=4 first=blk.4.attn_v.weight second=blk.4.attn_k.weight
ROCKNPU GGML TRACE mul_mat weight=blk.4.attn_output.weight type=q4_K M=1 K=2048 N=2048 path=w8a8_m1
ROCKNPU GGML TRACE ffn_pair first=blk.4.ffn_gate.weight second=blk.4.ffn_up.weight M=1 K=2048 N=5632+5632 kinds=4/4 path=m1_pair
ROCKNPU GGML TRACE mul_mat weight=blk.4.ffn_down.weight type=q6_K M=1 K=5632 N=2048 path=w8a8_m1
ROCKNPU GGML TRACE qkv_triple layer=5 K=2048 N=2048+256+256 kinds=4/4/4
ROCKNPU GGML TRACE qkv_stash layer=5 first=blk.5.attn_v.weight second=blk.5.attn_k.weight
ROCKNPU GGML TRACE mul_mat weight=blk.5.attn_output.weight type=q4_K M=1 K=2048 N=2048 path=w8a8_m1
ROCKNPU GGML TRACE ffn_pair first=blk.5.ffn_gate.weight second=blk.5.ffn_up.weight M=1 K=2048 N=5632+5632 kinds=4/4 path=m1_pair
ROCKNPU GGML TRACE mul_mat weight=blk.5.ffn_down.weight type=q4_K M=1 K=5632 N=2048 path=w8a8_m1
ROCKNPU GGML TRACE qkv_triple layer=6 K=2048 N=2048+256+256 kinds=4/4/4
ROCKNPU GGML TRACE qkv_stash layer=6 first=blk.6.attn_v.weight second=blk.6.attn_k.weight
ROCKNPU GGML TRACE mul_mat weight=blk.6.attn_output.weight type=q4_K M=1 K=2048 N=2048 path=w8a8_m1
ROCKNPU GGML TRACE ffn_pair first=blk.6.ffn_gate.weight second=blk.6.ffn_up.weight M=1 K=2048 N=5632+5632 kinds=4/4 path=m1_pair
ROCKNPU GGML TRACE mul_mat weight=blk.6.ffn_down.weight type=q4_K M=1 K=5632 N=2048 path=w8a8_m1
ROCKNPU GGML TRACE qkv_triple layer=7 K=2048 N=2048+256+256 kinds=4/6/4
ROCKNPU GGML TRACE qkv_stash layer=7 first=blk.7.attn_v.weight second=blk.7.attn_k.weight
ROCKNPU GGML TRACE mul_mat weight=blk.7.attn_output.weight type=q4_K M=1 K=2048 N=2048 path=w8a8_m1
ROCKNPU GGML TRACE ffn_pair first=blk.7.ffn_gate.weight second=blk.7.ffn_up.weight M=1 K=2048 N=5632+5632 kinds=4/4 path=m1_pair
ROCKNPU GGML TRACE mul_mat weight=blk.7.ffn_down.weight type=q6_K M=1 K=5632 N=2048 path=w8a8_m1
ROCKNPU GGML TRACE qkv_triple layer=8 K=2048 N=2048+256+256 kinds=4/6/4
ROCKNPU GGML TRACE qkv_stash layer=8 first=blk.8.attn_v.weight second=blk.8.attn_k.weight
ROCKNPU GGML TRACE mul_mat weight=blk.8.attn_output.weight type=q4_K M=1 K=2048 N=2048 path=w8a8_m1
ROCKNPU GGML TRACE ffn_pair first=blk.8.ffn_gate.weight second=blk.8.ffn_up.weight M=1 K=2048 N=5632+5632 kinds=4/4 path=m1_pair
ROCKNPU GGML TRACE mul_mat weight=blk.8.ffn_down.weight type=q6_K M=1 K=5632 N=2048 path=w8a8_m1
ROCKNPU GGML TRACE qkv_triple layer=9 K=2048 N=2048+256+256 kinds=4/6/4
ROCKNPU GGML TRACE qkv_stash layer=9 first=blk.9.attn_v.weight second=blk.9.attn_k.weight
ROCKNPU GGML TRACE mul_mat weight=blk.9.attn_output.weight type=q4_K M=1 K=2048 N=2048 path=w8a8_m1
ROCKNPU GGML TRACE ffn_pair first=blk.9.ffn_gate.weight second=blk.9.ffn_up.weight M=1 K=2048 N=5632+5632 kinds=4/4 path=m1_pair
ROCKNPU GGML TRACE mul_mat weight=blk.9.ffn_down.weight type=q6_K M=1 K=5632 N=2048 path=w8a8_m1
ROCKNPU GGML TRACE qkv_triple layer=10 K=2048 N=2048+256+256 kinds=4/4/4
ROCKNPU GGML TRACE qkv_stash layer=10 first=blk.10.attn_v.weight second=blk.10.attn_k.weight
ROCKNPU GGML TRACE mul_mat weight=blk.10.attn_output.weight type=q4_K M=1 K=2048 N=2048 path=w8a8_m1
ROCKNPU GGML TRACE ffn_pair first=blk.10.ffn_gate.weight second=blk.10.ffn_up.weight M=1 K=2048 N=5632+5632 kinds=4/4 path=m1_pair
ROCKNPU GGML TRACE mul_mat weight=blk.10.ffn_down.weight type=q4_K M=1 K=5632 N=2048 path=w8a8_m1
ROCKNPU GGML TRACE qkv_triple layer=11 K=2048 N=2048+256+256 kinds=4/4/4
ROCKNPU GGML TRACE qkv_stash layer=11 first=blk.11.attn_v.weight second=blk.11.attn_k.weight
ROCKNPU GGML TRACE mul_mat weight=blk.11.attn_output.weight type=q4_K M=1 K=2048 N=2048 path=w8a8_m1
ROCKNPU GGML TRACE ffn_pair first=blk.11.ffn_gate.weight second=blk.11.ffn_up.weight M=1 K=2048 N=5632+5632 kinds=4/4 path=m1_pair
ROCKNPU GGML TRACE mul_mat weight=blk.11.ffn_down.weight type=q4_K M=1 K=5632 N=2048 path=w8a8_m1
ROCKNPU GGML TRACE qkv_triple layer=12 K=2048 N=2048+256+256 kinds=4/6/4
ROCKNPU GGML TRACE qkv_stash layer=12 first=blk.12.attn_v.weight second=blk.12.attn_k.weight
ROCKNPU GGML TRACE mul_mat weight=blk.12.attn_output.weight type=q4_K M=1 K=2048 N=2048 path=w8a8_m1
ROCKNPU GGML TRACE ffn_pair first=blk.12.ffn_gate.weight second=blk.12.ffn_up.weight M=1 K=2048 N=5632+5632 kinds=4/4 path=m1_pair
ROCKNPU GGML TRACE mul_mat weight=blk.12.ffn_down.weight type=q6_K M=1 K=5632 N=2048 path=w8a8_m1
ROCKNPU GGML TRACE qkv_triple layer=13 K=2048 N=2048+256+256 kinds=4/4/4
ROCKNPU GGML TRACE qkv_stash layer=13 first=blk.13.attn_v.weight second=blk.13.attn_k.weight
ROCKNPU GGML TRACE mul_mat weight=blk.13.attn_output.weight type=q4_K M=1 K=2048 N=2048 path=w8a8_m1
ROCKNPU GGML TRACE ffn_pair first=blk.13.ffn_gate.weight second=blk.13.ffn_up.weight M=1 K=2048 N=5632+5632 kinds=4/4 path=m1_pair
ROCKNPU GGML TRACE mul_mat weight=blk.13.ffn_down.weight type=q4_K M=1 K=5632 N=2048 path=w8a8_m1
ROCKNPU GGML TRACE qkv_triple layer=14 K=2048 N=2048+256+256 kinds=4/4/4
ROCKNPU GGML TRACE qkv_stash layer=14 first=blk.14.attn_v.weight second=blk.14.attn_k.weight
ROCKNPU GGML TRACE mul_mat weight=blk.14.attn_output.weight type=q4_K M=1 K=2048 N=2048 path=w8a8_m1
ROCKNPU GGML TRACE ffn_pair first=blk.14.ffn_gate.weight second=blk.14.ffn_up.weight M=1 K=2048 N=5632+5632 kinds=4/4 path=m1_pair
ROCKNPU GGML TRACE mul_mat weight=blk.14.ffn_down.weight type=q4_K M=1 K=5632 N=2048 path=w8a8_m1
ROCKNPU GGML TRACE qkv_triple layer=15 K=2048 N=2048+256+256 kinds=4/6/4
ROCKNPU GGML TRACE qkv_stash layer=15 first=blk.15.attn_v.weight second=blk.15.attn_k.weight
ROCKNPU GGML TRACE mul_mat weight=blk.15.attn_output.weight type=q4_K M=1 K=2048 N=2048 path=w8a8_m1
ROCKNPU GGML TRACE ffn_pair first=blk.15.ffn_gate.weight second=blk.15.ffn_up.weight M=1 K=2048 N=5632+5632 kinds=4/4 path=m1_pair
ROCKNPU GGML TRACE mul_mat weight=blk.15.ffn_down.weight type=q6_K M=1 K=5632 N=2048 path=w8a8_m1
ROCKNPU GGML TRACE qkv_triple layer=16 K=2048 N=2048+256+256 kinds=4/4/4
ROCKNPU GGML TRACE qkv_stash layer=16 first=blk.16.attn_v.weight second=blk.16.attn_k.weight
ROCKNPU GGML TRACE mul_mat weight=blk.16.attn_output.weight type=q4_K M=1 K=2048 N=2048 path=w8a8_m1
ROCKNPU GGML TRACE ffn_pair first=blk.16.ffn_gate.weight second=blk.16.ffn_up.weight M=1 K=2048 N=5632+5632 kinds=4/4 path=m1_pair
ROCKNPU GGML TRACE mul_mat weight=blk.16.ffn_down.weight type=q4_K M=1 K=5632 N=2048 path=w8a8_m1
ROCKNPU GGML TRACE qkv_triple layer=17 K=2048 N=2048+256+256 kinds=4/4/4
ROCKNPU GGML TRACE qkv_stash layer=17 first=blk.17.attn_v.weight second=blk.17.attn_k.weight
ROCKNPU GGML TRACE mul_mat weight=blk.17.attn_output.weight type=q4_K M=1 K=2048 N=2048 path=w8a8_m1
ROCKNPU GGML TRACE ffn_pair first=blk.17.ffn_gate.weight second=blk.17.ffn_up.weight M=1 K=2048 N=5632+5632 kinds=4/4 path=m1_pair
ROCKNPU GGML TRACE mul_mat weight=blk.17.ffn_down.weight type=q4_K M=1 K=5632 N=2048 path=w8a8_m1
ROCKNPU GGML TRACE qkv_triple layer=18 K=2048 N=2048+256+256 kinds=4/6/4
ROCKNPU GGML TRACE qkv_stash layer=18 first=blk.18.attn_v.weight second=blk.18.attn_k.weight
ROCKNPU GGML TRACE mul_mat weight=blk.18.attn_output.weight type=q4_K M=1 K=2048 N=2048 path=w8a8_m1
ROCKNPU GGML TRACE ffn_pair first=blk.18.ffn_gate.weight second=blk.18.ffn_up.weight M=1 K=2048 N=5632+5632 kinds=4/4 path=m1_pair
ROCKNPU GGML TRACE mul_mat weight=blk.18.ffn_down.weight type=q6_K M=1 K=5632 N=2048 path=w8a8_m1
ROCKNPU GGML TRACE qkv_triple layer=19 K=2048 N=2048+256+256 kinds=4/4/4
ROCKNPU GGML TRACE qkv_stash layer=19 first=blk.19.attn_v.weight second=blk.19.attn_k.weight
ROCKNPU GGML TRACE mul_mat weight=blk.19.attn_output.weight type=q4_K M=1 K=2048 N=2048 path=w8a8_m1
ROCKNPU GGML TRACE ffn_pair first=blk.19.ffn_gate.weight second=blk.19.ffn_up.weight M=1 K=2048 N=5632+5632 kinds=4/4 path=m1_pair
ROCKNPU GGML TRACE mul_mat weight=blk.19.ffn_down.weight type=q4_K M=1 K=5632 N=2048 path=w8a8_m1
ROCKNPU GGML TRACE qkv_triple layer=20 K=2048 N=2048+256+256 kinds=4/6/4
ROCKNPU GGML TRACE qkv_stash layer=20 first=blk.20.attn_v.weight second=blk.20.attn_k.weight
ROCKNPU GGML TRACE mul_mat weight=blk.20.attn_output.weight type=q4_K M=1 K=2048 N=2048 path=w8a8_m1
ROCKNPU GGML TRACE ffn_pair first=blk.20.ffn_gate.weight second=blk.20.ffn_up.weight M=1 K=2048 N=5632+5632 kinds=4/4 path=m1_pair
ROCKNPU GGML TRACE mul_mat weight=blk.20.ffn_down.weight type=q6_K M=1 K=5632 N=2048 path=w8a8_m1
ROCKNPU GGML TRACE qkv_triple layer=21 K=2048 N=2048+256+256 kinds=4/4/4
ROCKNPU GGML TRACE qkv_stash layer=21 first=blk.21.attn_v.weight second=blk.21.attn_k.weight
ROCKNPU GGML TRACE mul_mat weight=blk.21.attn_output.weight type=q4_K M=1 K=2048 N=2048 path=w8a8_m1
ROCKNPU GGML TRACE ffn_pair first=blk.21.ffn_gate.weight second=blk.21.ffn_up.weight M=1 K=2048 N=5632+5632 kinds=4/4 path=m1_pair
ROCKNPU GGML TRACE mul_mat weight=blk.21.ffn_down.weight type=q4_K M=1 K=5632 N=2048 path=w8a8_m1
ROCKNPU GGML TRACE qkv_triple layer=0 K=2048 N=2048+256+256 kinds=4/6/4
ROCKNPU GGML TRACE qkv_stash layer=0 first=blk.0.attn_v.weight second=blk.0.attn_k.weight
ROCKNPU GGML TRACE mul_mat weight=blk.0.attn_output.weight type=q4_K M=1 K=2048 N=2048 path=w8a8_m1
ROCKNPU GGML TRACE ffn_pair first=blk.0.ffn_gate.weight second=blk.0.ffn_up.weight M=1 K=2048 N=5632+5632 kinds=4/4 path=m1_pair
ROCKNPU GGML TRACE mul_mat weight=blk.0.ffn_down.weight type=q6_K M=1 K=5632 N=2048 path=w8a8_m1
ROCKNPU GGML TRACE qkv_triple layer=1 K=2048 N=2048+256+256 kinds=4/6/4
ROCKNPU GGML TRACE qkv_stash layer=1 first=blk.1.attn_v.weight second=blk.1.attn_k.weight
ROCKNPU GGML TRACE mul_mat weight=blk.1.attn_output.weight type=q4_K M=1 K=2048 N=2048 path=w8a8_m1
ROCKNPU GGML TRACE ffn_pair first=blk.1.ffn_gate.weight second=blk.1.ffn_up.weight M=1 K=2048 N=5632+5632 kinds=4/4 path=m1_pair
ROCKNPU GGML TRACE mul_mat weight=blk.1.ffn_down.weight type=q6_K M=1 K=5632 N=2048 path=w8a8_m1
ROCKNPU GGML TRACE qkv_triple layer=2 K=2048 N=2048+256+256 kinds=4/4/4
ROCKNPU GGML TRACE qkv_stash layer=2 first=blk.2.attn_v.weight second=blk.2.attn_k.weight
ROCKNPU GGML TRACE mul_mat weight=blk.2.attn_output.weight type=q4_K M=1 K=2048 N=2048 path=w8a8_m1
ROCKNPU GGML TRACE ffn_pair first=blk.2.ffn_gate.weight second=blk.2.ffn_up.weight M=1 K=2048 N=5632+5632 kinds=4/4 path=m1_pair
ROCKNPU GGML TRACE mul_mat weight=blk.2.ffn_down.weight type=q4_K M=1 K=5632 N=2048 path=w8a8_m1
ROCKNPU GGML TRACE qkv_triple layer=3 K=2048 N=2048+256+256 kinds=4/4/4
ROCKNPU GGML TRACE qkv_stash layer=3 first=blk.3.attn_v.weight second=blk.3.attn_k.weight
ROCKNPU GGML TRACE mul_mat weight=blk.3.attn_output.weight type=q4_K M=1 K=2048 N=2048 path=w8a8_m1
ROCKNPU GGML TRACE ffn_pair first=blk.3.ffn_gate.weight second=blk.3.ffn_up.weight M=1 K=2048 N=5632+5632 kinds=4/4 path=m1_pair
ROCKNPU GGML TRACE mul_mat weight=blk.3.ffn_down.weight type=q4_K M=1 K=5632 N=2048 path=w8a8_m1
ROCKNPU GGML TRACE qkv_triple layer=4 K=2048 N=2048+256+256 kinds=4/6/4
ROCKNPU GGML TRACE qkv_stash layer=4 first=blk.4.attn_v.weight second=blk.4.attn_k.weight
ROCKNPU GGML TRACE mul_mat weight=blk.4.attn_output.weight type=q4_K M=1 K=2048 N=2048 path=w8a8_m1
ROCKNPU GGML TRACE ffn_pair first=blk.4.ffn_gate.weight second=blk.4.ffn_up.weight M=1 K=2048 N=5632+5632 kinds=4/4 path=m1_pair
ROCKNPU GGML TRACE mul_mat weight=blk.4.ffn_down.weight type=q6_K M=1 K=5632 N=2048 path=w8a8_m1
ROCKNPU GGML TRACE qkv_triple layer=5 K=2048 N=2048+256+256 kinds=4/4/4
ROCKNPU GGML TRACE qkv_stash layer=5 first=blk.5.attn_v.weight second=blk.5.attn_k.weight
ROCKNPU GGML TRACE mul_mat weight=blk.5.attn_output.weight type=q4_K M=1 K=2048 N=2048 path=w8a8_m1
ROCKNPU GGML TRACE ffn_pair first=blk.5.ffn_gate.weight second=blk.5.ffn_up.weight M=1 K=2048 N=5632+5632 kinds=4/4 path=m1_pair
ROCKNPU GGML TRACE mul_mat weight=blk.5.ffn_down.weight type=q4_K M=1 K=5632 N=2048 path=w8a8_m1
ROCKNPU GGML TRACE qkv_triple layer=6 K=2048 N=2048+256+256 kinds=4/4/4
ROCKNPU GGML TRACE qkv_stash layer=6 first=blk.6.attn_v.weight second=blk.6.attn_k.weight
ROCKNPU GGML TRACE mul_mat weight=blk.6.attn_output.weight type=q4_K M=1 K=2048 N=2048 path=w8a8_m1
ROCKNPU GGML TRACE ffn_pair first=blk.6.ffn_gate.weight second=blk.6.ffn_up.weight M=1 K=2048 N=5632+5632 kinds=4/4 path=m1_pair
ROCKNPU GGML TRACE mul_mat weight=blk.6.ffn_down.weight type=q4_K M=1 K=5632 N=2048 path=w8a8_m1
ROCKNPU GGML TRACE qkv_triple layer=7 K=2048 N=2048+256+256 kinds=4/6/4
ROCKNPU GGML TRACE qkv_stash layer=7 first=blk.7.attn_v.weight second=blk.7.attn_k.weight
ROCKNPU GGML TRACE mul_mat weight=blk.7.attn_output.weight type=q4_K M=1 K=2048 N=2048 path=w8a8_m1
ROCKNPU GGML TRACE ffn_pair first=blk.7.ffn_gate.weight second=blk.7.ffn_up.weight M=1 K=2048 N=5632+5632 kinds=4/4 path=m1_pair
ROCKNPU GGML TRACE mul_mat weight=blk.7.ffn_down.weight type=q6_K M=1 K=5632 N=2048 path=w8a8_m1
ROCKNPU GGML TRACE qkv_triple layer=8 K=2048 N=2048+256+256 kinds=4/6/4
ROCKNPU GGML TRACE qkv_stash layer=8 first=blk.8.attn_v.weight second=blk.8.attn_k.weight
ROCKNPU GGML TRACE mul_mat weight=blk.8.attn_output.weight type=q4_K M=1 K=2048 N=2048 path=w8a8_m1
ROCKNPU GGML TRACE ffn_pair first=blk.8.ffn_gate.weight second=blk.8.ffn_up.weight M=1 K=2048 N=5632+5632 kinds=4/4 path=m1_pair
ROCKNPU GGML TRACE mul_mat weight=blk.8.ffn_down.weight type=q6_K M=1 K=5632 N=2048 path=w8a8_m1
ROCKNPU GGML TRACE qkv_triple layer=9 K=2048 N=2048+256+256 kinds=4/6/4
ROCKNPU GGML TRACE qkv_stash layer=9 first=blk.9.attn_v.weight second=blk.9.attn_k.weight
ROCKNPU GGML TRACE mul_mat weight=blk.9.attn_output.weight type=q4_K M=1 K=2048 N=2048 path=w8a8_m1
ROCKNPU GGML TRACE ffn_pair first=blk.9.ffn_gate.weight second=blk.9.ffn_up.weight M=1 K=2048 N=5632+5632 kinds=4/4 path=m1_pair
ROCKNPU GGML TRACE mul_mat weight=blk.9.ffn_down.weight type=q6_K M=1 K=5632 N=2048 path=w8a8_m1
ROCKNPU GGML TRACE qkv_triple layer=10 K=2048 N=2048+256+256 kinds=4/4/4
ROCKNPU GGML TRACE qkv_stash layer=10 first=blk.10.attn_v.weight second=blk.10.attn_k.weight
ROCKNPU GGML TRACE mul_mat weight=blk.10.attn_output.weight type=q4_K M=1 K=2048 N=2048 path=w8a8_m1
ROCKNPU GGML TRACE ffn_pair first=blk.10.ffn_gate.weight second=blk.10.ffn_up.weight M=1 K=2048 N=5632+5632 kinds=4/4 path=m1_pair
ROCKNPU GGML TRACE mul_mat weight=blk.10.ffn_down.weight type=q4_K M=1 K=5632 N=2048 path=w8a8_m1
ROCKNPU GGML TRACE qkv_triple layer=11 K=2048 N=2048+256+256 kinds=4/4/4
ROCKNPU GGML TRACE qkv_stash layer=11 first=blk.11.attn_v.weight second=blk.11.attn_k.weight
ROCKNPU GGML TRACE mul_mat weight=blk.11.attn_output.weight type=q4_K M=1 K=2048 N=2048 path=w8a8_m1
ROCKNPU GGML TRACE ffn_pair first=blk.11.ffn_gate.weight second=blk.11.ffn_up.weight M=1 K=2048 N=5632+5632 kinds=4/4 path=m1_pair
ROCKNPU GGML TRACE mul_mat weight=blk.11.ffn_down.weight type=q4_K M=1 K=5632 N=2048 path=w8a8_m1
ROCKNPU GGML TRACE qkv_triple layer=12 K=2048 N=2048+256+256 kinds=4/6/4
ROCKNPU GGML TRACE qkv_stash layer=12 first=blk.12.attn_v.weight second=blk.12.attn_k.weight
ROCKNPU GGML TRACE mul_mat weight=blk.12.attn_output.weight type=q4_K M=1 K=2048 N=2048 path=w8a8_m1
ROCKNPU GGML TRACE ffn_pair first=blk.12.ffn_gate.weight second=blk.12.ffn_up.weight M=1 K=2048 N=5632+5632 kinds=4/4 path=m1_pair
ROCKNPU GGML TRACE mul_mat weight=blk.12.ffn_down.weight type=q6_K M=1 K=5632 N=2048 path=w8a8_m1
ROCKNPU GGML TRACE qkv_triple layer=13 K=2048 N=2048+256+256 kinds=4/4/4
ROCKNPU GGML TRACE qkv_stash layer=13 first=blk.13.attn_v.weight second=blk.13.attn_k.weight
ROCKNPU GGML TRACE mul_mat weight=blk.13.attn_output.weight type=q4_K M=1 K=2048 N=2048 path=w8a8_m1
ROCKNPU GGML TRACE ffn_pair first=blk.13.ffn_gate.weight second=blk.13.ffn_up.weight M=1 K=2048 N=5632+5632 kinds=4/4 path=m1_pair
ROCKNPU GGML TRACE mul_mat weight=blk.13.ffn_down.weight type=q4_K M=1 K=5632 N=2048 path=w8a8_m1
ROCKNPU GGML TRACE qkv_triple layer=14 K=2048 N=2048+256+256 kinds=4/4/4
ROCKNPU GGML TRACE qkv_stash layer=14 first=blk.14.attn_v.weight second=blk.14.attn_k.weight
ROCKNPU GGML TRACE mul_mat weight=blk.14.attn_output.weight type=q4_K M=1 K=2048 N=2048 path=w8a8_m1
ROCKNPU GGML TRACE ffn_pair first=blk.14.ffn_gate.weight second=blk.14.ffn_up.weight M=1 K=2048 N=5632+5632 kinds=4/4 path=m1_pair
ROCKNPU GGML TRACE mul_mat weight=blk.14.ffn_down.weight type=q4_K M=1 K=5632 N=2048 path=w8a8_m1
ROCKNPU GGML TRACE qkv_triple layer=15 K=2048 N=2048+256+256 kinds=4/6/4
ROCKNPU GGML TRACE qkv_stash layer=15 first=blk.15.attn_v.weight second=blk.15.attn_k.weight
ROCKNPU GGML TRACE mul_mat weight=blk.15.attn_output.weight type=q4_K M=1 K=2048 N=2048 path=w8a8_m1
ROCKNPU GGML TRACE ffn_pair first=blk.15.ffn_gate.weight second=blk.15.ffn_up.weight M=1 K=2048 N=5632+5632 kinds=4/4 path=m1_pair
ROCKNPU GGML TRACE mul_mat weight=blk.15.ffn_down.weight type=q6_K M=1 K=5632 N=2048 path=w8a8_m1
ROCKNPU GGML TRACE qkv_triple layer=16 K=2048 N=2048+256+256 kinds=4/4/4
ROCKNPU GGML TRACE qkv_stash layer=16 first=blk.16.attn_v.weight second=blk.16.attn_k.weight
ROCKNPU GGML TRACE mul_mat weight=blk.16.attn_output.weight type=q4_K M=1 K=2048 N=2048 path=w8a8_m1
ROCKNPU GGML TRACE ffn_pair first=blk.16.ffn_gate.weight second=blk.16.ffn_up.weight M=1 K=2048 N=5632+5632 kinds=4/4 path=m1_pair
ROCKNPU GGML TRACE mul_mat weight=blk.16.ffn_down.weight type=q4_K M=1 K=5632 N=2048 path=w8a8_m1
ROCKNPU GGML TRACE qkv_triple layer=17 K=2048 N=2048+256+256 kinds=4/4/4
ROCKNPU GGML TRACE qkv_stash layer=17 first=blk.17.attn_v.weight second=blk.17.attn_k.weight
ROCKNPU GGML TRACE mul_mat weight=blk.17.attn_output.weight type=q4_K M=1 K=2048 N=2048 path=w8a8_m1
ROCKNPU GGML TRACE ffn_pair first=blk.17.ffn_gate.weight second=blk.17.ffn_up.weight M=1 K=2048 N=5632+5632 kinds=4/4 path=m1_pair
ROCKNPU GGML TRACE mul_mat weight=blk.17.ffn_down.weight type=q4_K M=1 K=5632 N=2048 path=w8a8_m1
ROCKNPU GGML TRACE qkv_triple layer=18 K=2048 N=2048+256+256 kinds=4/6/4
ROCKNPU GGML TRACE qkv_stash layer=18 first=blk.18.attn_v.weight second=blk.18.attn_k.weight
ROCKNPU GGML TRACE mul_mat weight=blk.18.attn_output.weight type=q4_K M=1 K=2048 N=2048 path=w8a8_m1
ROCKNPU GGML TRACE ffn_pair first=blk.18.ffn_gate.weight second=blk.18.ffn_up.weight M=1 K=2048 N=5632+5632 kinds=4/4 path=m1_pair
ROCKNPU GGML TRACE mul_mat weight=blk.18.ffn_down.weight type=q6_K M=1 K=5632 N=2048 path=w8a8_m1
ROCKNPU GGML TRACE qkv_triple layer=19 K=2048 N=2048+256+256 kinds=4/4/4
ROCKNPU GGML TRACE qkv_stash layer=19 first=blk.19.attn_v.weight second=blk.19.attn_k.weight
ROCKNPU GGML TRACE mul_mat weight=blk.19.attn_output.weight type=q4_K M=1 K=2048 N=2048 path=w8a8_m1
ROCKNPU GGML TRACE ffn_pair first=blk.19.ffn_gate.weight second=blk.19.ffn_up.weight M=1 K=2048 N=5632+5632 kinds=4/4 path=m1_pair
ROCKNPU GGML TRACE mul_mat weight=blk.19.ffn_down.weight type=q4_K M=1 K=5632 N=2048 path=w8a8_m1
ROCKNPU GGML TRACE qkv_triple layer=20 K=2048 N=2048+256+256 kinds=4/6/4
ROCKNPU GGML TRACE qkv_stash layer=20 first=blk.20.attn_v.weight second=blk.20.attn_k.weight
ROCKNPU GGML TRACE mul_mat weight=blk.20.attn_output.weight type=q4_K M=1 K=2048 N=2048 path=w8a8_m1
ROCKNPU GGML TRACE ffn_pair first=blk.20.ffn_gate.weight second=blk.20.ffn_up.weight M=1 K=2048 N=5632+5632 kinds=4/4 path=m1_pair
ROCKNPU GGML TRACE mul_mat weight=blk.20.ffn_down.weight type=q6_K M=1 K=5632 N=2048 path=w8a8_m1
ROCKNPU GGML TRACE qkv_triple layer=21 K=2048 N=2048+256+256 kinds=4/4/4
ROCKNPU GGML TRACE qkv_stash layer=21 first=blk.21.attn_v.weight second=blk.21.attn_k.weight
ROCKNPU GGML TRACE mul_mat weight=blk.21.attn_output.weight type=q4_K M=1 K=2048 N=2048 path=w8a8_m1
ROCKNPU GGML TRACE ffn_pair first=blk.21.ffn_gate.weight second=blk.21.ffn_up.weight M=1 K=2048 N=5632+5632 kinds=4/4 path=m1_pair
ROCKNPU GGML TRACE mul_mat weight=blk.21.ffn_down.weight type=q4_K M=1 K=5632 N=2048 path=w8a8_m1
ROCKNPU GGML TRACE qkv_triple layer=0 K=2048 N=2048+256+256 kinds=4/6/4
ROCKNPU GGML TRACE qkv_stash layer=0 first=blk.0.attn_v.weight second=blk.0.attn_k.weight
ROCKNPU GGML TRACE mul_mat weight=blk.0.attn_output.weight type=q4_K M=1 K=2048 N=2048 path=w8a8_m1
ROCKNPU GGML TRACE ffn_pair first=blk.0.ffn_gate.weight second=blk.0.ffn_up.weight M=1 K=2048 N=5632+5632 kinds=4/4 path=m1_pair
ROCKNPU GGML TRACE mul_mat weight=blk.0.ffn_down.weight type=q6_K M=1 K=5632 N=2048 path=w8a8_m1
ROCKNPU GGML TRACE qkv_triple layer=1 K=2048 N=2048+256+256 kinds=4/6/4
ROCKNPU GGML TRACE qkv_stash layer=1 first=blk.1.attn_v.weight second=blk.1.attn_k.weight
ROCKNPU GGML TRACE mul_mat weight=blk.1.attn_output.weight type=q4_K M=1 K=2048 N=2048 path=w8a8_m1
ROCKNPU GGML TRACE ffn_pair first=blk.1.ffn_gate.weight second=blk.1.ffn_up.weight M=1 K=2048 N=5632+5632 kinds=4/4 path=m1_pair
ROCKNPU GGML TRACE mul_mat weight=blk.1.ffn_down.weight type=q6_K M=1 K=5632 N=2048 path=w8a8_m1
ROCKNPU GGML TRACE qkv_triple layer=2 K=2048 N=2048+256+256 kinds=4/4/4
ROCKNPU GGML TRACE qkv_stash layer=2 first=blk.2.attn_v.weight second=blk.2.attn_k.weight
ROCKNPU GGML TRACE mul_mat weight=blk.2.attn_output.weight type=q4_K M=1 K=2048 N=2048 path=w8a8_m1
ROCKNPU GGML TRACE ffn_pair first=blk.2.ffn_gate.weight second=blk.2.ffn_up.weight M=1 K=2048 N=5632+5632 kinds=4/4 path=m1_pair
ROCKNPU GGML TRACE mul_mat weight=blk.2.ffn_down.weight type=q4_K M=1 K=5632 N=2048 path=w8a8_m1
ROCKNPU GGML TRACE qkv_triple layer=3 K=2048 N=2048+256+256 kinds=4/4/4
ROCKNPU GGML TRACE qkv_stash layer=3 first=blk.3.attn_v.weight second=blk.3.attn_k.weight
ROCKNPU GGML TRACE mul_mat weight=blk.3.attn_output.weight type=q4_K M=1 K=2048 N=2048 path=w8a8_m1
ROCKNPU GGML TRACE ffn_pair first=blk.3.ffn_gate.weight second=blk.3.ffn_up.weight M=1 K=2048 N=5632+5632 kinds=4/4 path=m1_pair
ROCKNPU GGML TRACE mul_mat weight=blk.3.ffn_down.weight type=q4_K M=1 K=5632 N=2048 path=w8a8_m1
ROCKNPU GGML TRACE qkv_triple layer=4 K=2048 N=2048+256+256 kinds=4/6/4
ROCKNPU GGML TRACE qkv_stash layer=4 first=blk.4.attn_v.weight second=blk.4.attn_k.weight
ROCKNPU GGML TRACE mul_mat weight=blk.4.attn_output.weight type=q4_K M=1 K=2048 N=2048 path=w8a8_m1
ROCKNPU GGML TRACE ffn_pair first=blk.4.ffn_gate.weight second=blk.4.ffn_up.weight M=1 K=2048 N=5632+5632 kinds=4/4 path=m1_pair
ROCKNPU GGML TRACE mul_mat weight=blk.4.ffn_down.weight type=q6_K M=1 K=5632 N=2048 path=w8a8_m1
ROCKNPU GGML TRACE qkv_triple layer=5 K=2048 N=2048+256+256 kinds=4/4/4
ROCKNPU GGML TRACE qkv_stash layer=5 first=blk.5.attn_v.weight second=blk.5.attn_k.weight
ROCKNPU GGML TRACE mul_mat weight=blk.5.attn_output.weight type=q4_K M=1 K=2048 N=2048 path=w8a8_m1
ROCKNPU GGML TRACE ffn_pair first=blk.5.ffn_gate.weight second=blk.5.ffn_up.weight M=1 K=2048 N=5632+5632 kinds=4/4 path=m1_pair
ROCKNPU GGML TRACE mul_mat weight=blk.5.ffn_down.weight type=q4_K M=1 K=5632 N=2048 path=w8a8_m1
ROCKNPU GGML TRACE qkv_triple layer=6 K=2048 N=2048+256+256 kinds=4/4/4
ROCKNPU GGML TRACE qkv_stash layer=6 first=blk.6.attn_v.weight second=blk.6.attn_k.weight
ROCKNPU GGML TRACE mul_mat weight=blk.6.attn_output.weight type=q4_K M=1 K=2048 N=2048 path=w8a8_m1
ROCKNPU GGML TRACE ffn_pair first=blk.6.ffn_gate.weight second=blk.6.ffn_up.weight M=1 K=2048 N=5632+5632 kinds=4/4 path=m1_pair
ROCKNPU GGML TRACE mul_mat weight=blk.6.ffn_down.weight type=q4_K M=1 K=5632 N=2048 path=w8a8_m1
ROCKNPU GGML TRACE qkv_triple layer=7 K=2048 N=2048+256+256 kinds=4/6/4
ROCKNPU GGML TRACE qkv_stash layer=7 first=blk.7.attn_v.weight second=blk.7.attn_k.weight
ROCKNPU GGML TRACE mul_mat weight=blk.7.attn_output.weight type=q4_K M=1 K=2048 N=2048 path=w8a8_m1
ROCKNPU GGML TRACE ffn_pair first=blk.7.ffn_gate.weight second=blk.7.ffn_up.weight M=1 K=2048 N=5632+5632 kinds=4/4 path=m1_pair
ROCKNPU GGML TRACE mul_mat weight=blk.7.ffn_down.weight type=q6_K M=1 K=5632 N=2048 path=w8a8_m1
ROCKNPU GGML TRACE qkv_triple layer=8 K=2048 N=2048+256+256 kinds=4/6/4
ROCKNPU GGML TRACE qkv_stash layer=8 first=blk.8.attn_v.weight second=blk.8.attn_k.weight
ROCKNPU GGML TRACE mul_mat weight=blk.8.attn_output.weight type=q4_K M=1 K=2048 N=2048 path=w8a8_m1
ROCKNPU GGML TRACE ffn_pair first=blk.8.ffn_gate.weight second=blk.8.ffn_up.weight M=1 K=2048 N=5632+5632 kinds=4/4 path=m1_pair
ROCKNPU GGML TRACE mul_mat weight=blk.8.ffn_down.weight type=q6_K M=1 K=5632 N=2048 path=w8a8_m1
ROCKNPU GGML TRACE qkv_triple layer=9 K=2048 N=2048+256+256 kinds=4/6/4
ROCKNPU GGML TRACE qkv_stash layer=9 first=blk.9.attn_v.weight second=blk.9.attn_k.weight
ROCKNPU GGML TRACE mul_mat weight=blk.9.attn_output.weight type=q4_K M=1 K=2048 N=2048 path=w8a8_m1
ROCKNPU GGML TRACE ffn_pair first=blk.9.ffn_gate.weight second=blk.9.ffn_up.weight M=1 K=2048 N=5632+5632 kinds=4/4 path=m1_pair
ROCKNPU GGML TRACE mul_mat weight=blk.9.ffn_down.weight type=q6_K M=1 K=5632 N=2048 path=w8a8_m1
ROCKNPU GGML TRACE qkv_triple layer=10 K=2048 N=2048+256+256 kinds=4/4/4
ROCKNPU GGML TRACE qkv_stash layer=10 first=blk.10.attn_v.weight second=blk.10.attn_k.weight
ROCKNPU GGML TRACE mul_mat weight=blk.10.attn_output.weight type=q4_K M=1 K=2048 N=2048 path=w8a8_m1
ROCKNPU GGML TRACE ffn_pair first=blk.10.ffn_gate.weight second=blk.10.ffn_up.weight M=1 K=2048 N=5632+5632 kinds=4/4 path=m1_pair
ROCKNPU GGML TRACE mul_mat weight=blk.10.ffn_down.weight type=q4_K M=1 K=5632 N=2048 path=w8a8_m1
ROCKNPU GGML TRACE qkv_triple layer=11 K=2048 N=2048+256+256 kinds=4/4/4
ROCKNPU GGML TRACE qkv_stash layer=11 first=blk.11.attn_v.weight second=blk.11.attn_k.weight
ROCKNPU GGML TRACE mul_mat weight=blk.11.attn_output.weight type=q4_K M=1 K=2048 N=2048 path=w8a8_m1
ROCKNPU GGML TRACE ffn_pair first=blk.11.ffn_gate.weight second=blk.11.ffn_up.weight M=1 K=2048 N=5632+5632 kinds=4/4 path=m1_pair
ROCKNPU GGML TRACE mul_mat weight=blk.11.ffn_down.weight type=q4_K M=1 K=5632 N=2048 path=w8a8_m1
ROCKNPU GGML TRACE qkv_triple layer=12 K=2048 N=2048+256+256 kinds=4/6/4
ROCKNPU GGML TRACE qkv_stash layer=12 first=blk.12.attn_v.weight second=blk.12.attn_k.weight
ROCKNPU GGML TRACE mul_mat weight=blk.12.attn_output.weight type=q4_K M=1 K=2048 N=2048 path=w8a8_m1
ROCKNPU GGML TRACE ffn_pair first=blk.12.ffn_gate.weight second=blk.12.ffn_up.weight M=1 K=2048 N=5632+5632 kinds=4/4 path=m1_pair
ROCKNPU GGML TRACE mul_mat weight=blk.12.ffn_down.weight type=q6_K M=1 K=5632 N=2048 path=w8a8_m1
ROCKNPU GGML TRACE qkv_triple layer=13 K=2048 N=2048+256+256 kinds=4/4/4
ROCKNPU GGML TRACE qkv_stash layer=13 first=blk.13.attn_v.weight second=blk.13.attn_k.weight
ROCKNPU GGML TRACE mul_mat weight=blk.13.attn_output.weight type=q4_K M=1 K=2048 N=2048 path=w8a8_m1
ROCKNPU GGML TRACE ffn_pair first=blk.13.ffn_gate.weight second=blk.13.ffn_up.weight M=1 K=2048 N=5632+5632 kinds=4/4 path=m1_pair
ROCKNPU GGML TRACE mul_mat weight=blk.13.ffn_down.weight type=q4_K M=1 K=5632 N=2048 path=w8a8_m1
ROCKNPU GGML TRACE qkv_triple layer=14 K=2048 N=2048+256+256 kinds=4/4/4
ROCKNPU GGML TRACE qkv_stash layer=14 first=blk.14.attn_v.weight second=blk.14.attn_k.weight
ROCKNPU GGML TRACE mul_mat weight=blk.14.attn_output.weight type=q4_K M=1 K=2048 N=2048 path=w8a8_m1
ROCKNPU GGML TRACE ffn_pair first=blk.14.ffn_gate.weight second=blk.14.ffn_up.weight M=1 K=2048 N=5632+5632 kinds=4/4 path=m1_pair
ROCKNPU GGML TRACE mul_mat weight=blk.14.ffn_down.weight type=q4_K M=1 K=5632 N=2048 path=w8a8_m1
ROCKNPU GGML TRACE qkv_triple layer=15 K=2048 N=2048+256+256 kinds=4/6/4
ROCKNPU GGML TRACE qkv_stash layer=15 first=blk.15.attn_v.weight second=blk.15.attn_k.weight
ROCKNPU GGML TRACE mul_mat weight=blk.15.attn_output.weight type=q4_K M=1 K=2048 N=2048 path=w8a8_m1
ROCKNPU GGML TRACE ffn_pair first=blk.15.ffn_gate.weight second=blk.15.ffn_up.weight M=1 K=2048 N=5632+5632 kinds=4/4 path=m1_pair
ROCKNPU GGML TRACE mul_mat weight=blk.15.ffn_down.weight type=q6_K M=1 K=5632 N=2048 path=w8a8_m1
ROCKNPU GGML TRACE qkv_triple layer=16 K=2048 N=2048+256+256 kinds=4/4/4
ROCKNPU GGML TRACE qkv_stash layer=16 first=blk.16.attn_v.weight second=blk.16.attn_k.weight
ROCKNPU GGML TRACE mul_mat weight=blk.16.attn_output.weight type=q4_K M=1 K=2048 N=2048 path=w8a8_m1
ROCKNPU GGML TRACE ffn_pair first=blk.16.ffn_gate.weight second=blk.16.ffn_up.weight M=1 K=2048 N=5632+5632 kinds=4/4 path=m1_pair
ROCKNPU GGML TRACE mul_mat weight=blk.16.ffn_down.weight type=q4_K M=1 K=5632 N=2048 path=w8a8_m1
ROCKNPU GGML TRACE qkv_triple layer=17 K=2048 N=2048+256+256 kinds=4/4/4
ROCKNPU GGML TRACE qkv_stash layer=17 first=blk.17.attn_v.weight second=blk.17.attn_k.weight
ROCKNPU GGML TRACE mul_mat weight=blk.17.attn_output.weight type=q4_K M=1 K=2048 N=2048 path=w8a8_m1
ROCKNPU GGML TRACE ffn_pair first=blk.17.ffn_gate.weight second=blk.17.ffn_up.weight M=1 K=2048 N=5632+5632 kinds=4/4 path=m1_pair
ROCKNPU GGML TRACE mul_mat weight=blk.17.ffn_down.weight type=q4_K M=1 K=5632 N=2048 path=w8a8_m1
ROCKNPU GGML TRACE qkv_triple layer=18 K=2048 N=2048+256+256 kinds=4/6/4
ROCKNPU GGML TRACE qkv_stash layer=18 first=blk.18.attn_v.weight second=blk.18.attn_k.weight
ROCKNPU GGML TRACE mul_mat weight=blk.18.attn_output.weight type=q4_K M=1 K=2048 N=2048 path=w8a8_m1
ROCKNPU GGML TRACE ffn_pair first=blk.18.ffn_gate.weight second=blk.18.ffn_up.weight M=1 K=2048 N=5632+5632 kinds=4/4 path=m1_pair
ROCKNPU GGML TRACE mul_mat weight=blk.18.ffn_down.weight type=q6_K M=1 K=5632 N=2048 path=w8a8_m1
ROCKNPU GGML TRACE qkv_triple layer=19 K=2048 N=2048+256+256 kinds=4/4/4
ROCKNPU GGML TRACE qkv_stash layer=19 first=blk.19.attn_v.weight second=blk.19.attn_k.weight
ROCKNPU GGML TRACE mul_mat weight=blk.19.attn_output.weight type=q4_K M=1 K=2048 N=2048 path=w8a8_m1
ROCKNPU GGML TRACE ffn_pair first=blk.19.ffn_gate.weight second=blk.19.ffn_up.weight M=1 K=2048 N=5632+5632 kinds=4/4 path=m1_pair
ROCKNPU GGML TRACE mul_mat weight=blk.19.ffn_down.weight type=q4_K M=1 K=5632 N=2048 path=w8a8_m1
ROCKNPU GGML TRACE qkv_triple layer=20 K=2048 N=2048+256+256 kinds=4/6/4
ROCKNPU GGML TRACE qkv_stash layer=20 first=blk.20.attn_v.weight second=blk.20.attn_k.weight
ROCKNPU GGML TRACE mul_mat weight=blk.20.attn_output.weight type=q4_K M=1 K=2048 N=2048 path=w8a8_m1
ROCKNPU GGML TRACE ffn_pair first=blk.20.ffn_gate.weight second=blk.20.ffn_up.weight M=1 K=2048 N=5632+5632 kinds=4/4 path=m1_pair
ROCKNPU GGML TRACE mul_mat weight=blk.20.ffn_down.weight type=q6_K M=1 K=5632 N=2048 path=w8a8_m1
ROCKNPU GGML TRACE qkv_triple layer=21 K=2048 N=2048+256+256 kinds=4/4/4
ROCKNPU GGML TRACE qkv_stash layer=21 first=blk.21.attn_v.weight second=blk.21.attn_k.weight
ROCKNPU GGML TRACE mul_mat weight=blk.21.attn_output.weight type=q4_K M=1 K=2048 N=2048 path=w8a8_m1
ROCKNPU GGML TRACE ffn_pair first=blk.21.ffn_gate.weight second=blk.21.ffn_up.weight M=1 K=2048 N=5632+5632 kinds=4/4 path=m1_pair
ROCKNPU GGML TRACE mul_mat weight=blk.21.ffn_down.weight type=q4_K M=1 K=5632 N=2048 path=w8a8_m1
ROCKNPU GGML TRACE qkv_triple layer=0 K=2048 N=2048+256+256 kinds=4/6/4
ROCKNPU GGML TRACE qkv_stash layer=0 first=blk.0.attn_v.weight second=blk.0.attn_k.weight
ROCKNPU GGML TRACE mul_mat weight=blk.0.attn_output.weight type=q4_K M=1 K=2048 N=2048 path=w8a8_m1
ROCKNPU GGML TRACE ffn_pair first=blk.0.ffn_gate.weight second=blk.0.ffn_up.weight M=1 K=2048 N=5632+5632 kinds=4/4 path=m1_pair
ROCKNPU GGML TRACE mul_mat weight=blk.0.ffn_down.weight type=q6_K M=1 K=5632 N=2048 path=w8a8_m1
ROCKNPU GGML TRACE qkv_triple layer=1 K=2048 N=2048+256+256 kinds=4/6/4
ROCKNPU GGML TRACE qkv_stash layer=1 first=blk.1.attn_v.weight second=blk.1.attn_k.weight
ROCKNPU GGML TRACE mul_mat weight=blk.1.attn_output.weight type=q4_K M=1 K=2048 N=2048 path=w8a8_m1
ROCKNPU GGML TRACE ffn_pair first=blk.1.ffn_gate.weight second=blk.1.ffn_up.weight M=1 K=2048 N=5632+5632 kinds=4/4 path=m1_pair
ROCKNPU GGML TRACE mul_mat weight=blk.1.ffn_down.weight type=q6_K M=1 K=5632 N=2048 path=w8a8_m1
ROCKNPU GGML TRACE qkv_triple layer=2 K=2048 N=2048+256+256 kinds=4/4/4
ROCKNPU GGML TRACE qkv_stash layer=2 first=blk.2.attn_v.weight second=blk.2.attn_k.weight
ROCKNPU GGML TRACE mul_mat weight=blk.2.attn_output.weight type=q4_K M=1 K=2048 N=2048 path=w8a8_m1
ROCKNPU GGML TRACE ffn_pair first=blk.2.ffn_gate.weight second=blk.2.ffn_up.weight M=1 K=2048 N=5632+5632 kinds=4/4 path=m1_pair
ROCKNPU GGML TRACE mul_mat weight=blk.2.ffn_down.weight type=q4_K M=1 K=5632 N=2048 path=w8a8_m1
ROCKNPU GGML TRACE qkv_triple layer=3 K=2048 N=2048+256+256 kinds=4/4/4
ROCKNPU GGML TRACE qkv_stash layer=3 first=blk.3.attn_v.weight second=blk.3.attn_k.weight
ROCKNPU GGML TRACE mul_mat weight=blk.3.attn_output.weight type=q4_K M=1 K=2048 N=2048 path=w8a8_m1
ROCKNPU GGML TRACE ffn_pair first=blk.3.ffn_gate.weight second=blk.3.ffn_up.weight M=1 K=2048 N=5632+5632 kinds=4/4 path=m1_pair
ROCKNPU GGML TRACE mul_mat weight=blk.3.ffn_down.weight type=q4_K M=1 K=5632 N=2048 path=w8a8_m1
ROCKNPU GGML TRACE qkv_triple layer=4 K=2048 N=2048+256+256 kinds=4/6/4
ROCKNPU GGML TRACE qkv_stash layer=4 first=blk.4.attn_v.weight second=blk.4.attn_k.weight
ROCKNPU GGML TRACE mul_mat weight=blk.4.attn_output.weight type=q4_K M=1 K=2048 N=2048 path=w8a8_m1
ROCKNPU GGML TRACE ffn_pair first=blk.4.ffn_gate.weight second=blk.4.ffn_up.weight M=1 K=2048 N=5632+5632 kinds=4/4 path=m1_pair
ROCKNPU GGML TRACE mul_mat weight=blk.4.ffn_down.weight type=q6_K M=1 K=5632 N=2048 path=w8a8_m1
ROCKNPU GGML TRACE qkv_triple layer=5 K=2048 N=2048+256+256 kinds=4/4/4
ROCKNPU GGML TRACE qkv_stash layer=5 first=blk.5.attn_v.weight second=blk.5.attn_k.weight
ROCKNPU GGML TRACE mul_mat weight=blk.5.attn_output.weight type=q4_K M=1 K=2048 N=2048 path=w8a8_m1
ROCKNPU GGML TRACE ffn_pair first=blk.5.ffn_gate.weight second=blk.5.ffn_up.weight M=1 K=2048 N=5632+5632 kinds=4/4 path=m1_pair
ROCKNPU GGML TRACE mul_mat weight=blk.5.ffn_down.weight type=q4_K M=1 K=5632 N=2048 path=w8a8_m1
ROCKNPU GGML TRACE qkv_triple layer=6 K=2048 N=2048+256+256 kinds=4/4/4
ROCKNPU GGML TRACE qkv_stash layer=6 first=blk.6.attn_v.weight second=blk.6.attn_k.weight
ROCKNPU GGML TRACE mul_mat weight=blk.6.attn_output.weight type=q4_K M=1 K=2048 N=2048 path=w8a8_m1
ROCKNPU GGML TRACE ffn_pair first=blk.6.ffn_gate.weight second=blk.6.ffn_up.weight M=1 K=2048 N=5632+5632 kinds=4/4 path=m1_pair
ROCKNPU GGML TRACE mul_mat weight=blk.6.ffn_down.weight type=q4_K M=1 K=5632 N=2048 path=w8a8_m1
ROCKNPU GGML TRACE qkv_triple layer=7 K=2048 N=2048+256+256 kinds=4/6/4
ROCKNPU GGML TRACE qkv_stash layer=7 first=blk.7.attn_v.weight second=blk.7.attn_k.weight
ROCKNPU GGML TRACE mul_mat weight=blk.7.attn_output.weight type=q4_K M=1 K=2048 N=2048 path=w8a8_m1
ROCKNPU GGML TRACE ffn_pair first=blk.7.ffn_gate.weight second=blk.7.ffn_up.weight M=1 K=2048 N=5632+5632 kinds=4/4 path=m1_pair
ROCKNPU GGML TRACE mul_mat weight=blk.7.ffn_down.weight type=q6_K M=1 K=5632 N=2048 path=w8a8_m1
ROCKNPU GGML TRACE qkv_triple layer=8 K=2048 N=2048+256+256 kinds=4/6/4
ROCKNPU GGML TRACE qkv_stash layer=8 first=blk.8.attn_v.weight second=blk.8.attn_k.weight
ROCKNPU GGML TRACE mul_mat weight=blk.8.attn_output.weight type=q4_K M=1 K=2048 N=2048 path=w8a8_m1
ROCKNPU GGML TRACE ffn_pair first=blk.8.ffn_gate.weight second=blk.8.ffn_up.weight M=1 K=2048 N=5632+5632 kinds=4/4 path=m1_pair
ROCKNPU GGML TRACE mul_mat weight=blk.8.ffn_down.weight type=q6_K M=1 K=5632 N=2048 path=w8a8_m1
ROCKNPU GGML TRACE qkv_triple layer=9 K=2048 N=2048+256+256 kinds=4/6/4
ROCKNPU GGML TRACE qkv_stash layer=9 first=blk.9.attn_v.weight second=blk.9.attn_k.weight
ROCKNPU GGML TRACE mul_mat weight=blk.9.attn_output.weight type=q4_K M=1 K=2048 N=2048 path=w8a8_m1
ROCKNPU GGML TRACE ffn_pair first=blk.9.ffn_gate.weight second=blk.9.ffn_up.weight M=1 K=2048 N=5632+5632 kinds=4/4 path=m1_pair
ROCKNPU GGML TRACE mul_mat weight=blk.9.ffn_down.weight type=q6_K M=1 K=5632 N=2048 path=w8a8_m1
ROCKNPU GGML TRACE qkv_triple layer=10 K=2048 N=2048+256+256 kinds=4/4/4
ROCKNPU GGML TRACE qkv_stash layer=10 first=blk.10.attn_v.weight second=blk.10.attn_k.weight
ROCKNPU GGML TRACE mul_mat weight=blk.10.attn_output.weight type=q4_K M=1 K=2048 N=2048 path=w8a8_m1
ROCKNPU GGML TRACE ffn_pair first=blk.10.ffn_gate.weight second=blk.10.ffn_up.weight M=1 K=2048 N=5632+5632 kinds=4/4 path=m1_pair
ROCKNPU GGML TRACE mul_mat weight=blk.10.ffn_down.weight type=q4_K M=1 K=5632 N=2048 path=w8a8_m1
ROCKNPU GGML TRACE qkv_triple layer=11 K=2048 N=2048+256+256 kinds=4/4/4
ROCKNPU GGML TRACE qkv_stash layer=11 first=blk.11.attn_v.weight second=blk.11.attn_k.weight
ROCKNPU GGML TRACE mul_mat weight=blk.11.attn_output.weight type=q4_K M=1 K=2048 N=2048 path=w8a8_m1
ROCKNPU GGML TRACE ffn_pair first=blk.11.ffn_gate.weight second=blk.11.ffn_up.weight M=1 K=2048 N=5632+5632 kinds=4/4 path=m1_pair
ROCKNPU GGML TRACE mul_mat weight=blk.11.ffn_down.weight type=q4_K M=1 K=5632 N=2048 path=w8a8_m1
ROCKNPU GGML TRACE qkv_triple layer=12 K=2048 N=2048+256+256 kinds=4/6/4
ROCKNPU GGML TRACE qkv_stash layer=12 first=blk.12.attn_v.weight second=blk.12.attn_k.weight
ROCKNPU GGML TRACE mul_mat weight=blk.12.attn_output.weight type=q4_K M=1 K=2048 N=2048 path=w8a8_m1
ROCKNPU GGML TRACE ffn_pair first=blk.12.ffn_gate.weight second=blk.12.ffn_up.weight M=1 K=2048 N=5632+5632 kinds=4/4 path=m1_pair
ROCKNPU GGML TRACE mul_mat weight=blk.12.ffn_down.weight type=q6_K M=1 K=5632 N=2048 path=w8a8_m1
ROCKNPU GGML TRACE qkv_triple layer=13 K=2048 N=2048+256+256 kinds=4/4/4
ROCKNPU GGML TRACE qkv_stash layer=13 first=blk.13.attn_v.weight second=blk.13.attn_k.weight
ROCKNPU GGML TRACE mul_mat weight=blk.13.attn_output.weight type=q4_K M=1 K=2048 N=2048 path=w8a8_m1
ROCKNPU GGML TRACE ffn_pair first=blk.13.ffn_gate.weight second=blk.13.ffn_up.weight M=1 K=2048 N=5632+5632 kinds=4/4 path=m1_pair
ROCKNPU GGML TRACE mul_mat weight=blk.13.ffn_down.weight type=q4_K M=1 K=5632 N=2048 path=w8a8_m1
ROCKNPU GGML TRACE qkv_triple layer=14 K=2048 N=2048+256+256 kinds=4/4/4
ROCKNPU GGML TRACE qkv_stash layer=14 first=blk.14.attn_v.weight second=blk.14.attn_k.weight
ROCKNPU GGML TRACE mul_mat weight=blk.14.attn_output.weight type=q4_K M=1 K=2048 N=2048 path=w8a8_m1
ROCKNPU GGML TRACE ffn_pair first=blk.14.ffn_gate.weight second=blk.14.ffn_up.weight M=1 K=2048 N=5632+5632 kinds=4/4 path=m1_pair
ROCKNPU GGML TRACE mul_mat weight=blk.14.ffn_down.weight type=q4_K M=1 K=5632 N=2048 path=w8a8_m1
ROCKNPU GGML TRACE qkv_triple layer=15 K=2048 N=2048+256+256 kinds=4/6/4
ROCKNPU GGML TRACE qkv_stash layer=15 first=blk.15.attn_v.weight second=blk.15.attn_k.weight
ROCKNPU GGML TRACE mul_mat weight=blk.15.attn_output.weight type=q4_K M=1 K=2048 N=2048 path=w8a8_m1
ROCKNPU GGML TRACE ffn_pair first=blk.15.ffn_gate.weight second=blk.15.ffn_up.weight M=1 K=2048 N=5632+5632 kinds=4/4 path=m1_pair
ROCKNPU GGML TRACE mul_mat weight=blk.15.ffn_down.weight type=q6_K M=1 K=5632 N=2048 path=w8a8_m1
ROCKNPU GGML TRACE qkv_triple layer=16 K=2048 N=2048+256+256 kinds=4/4/4
ROCKNPU GGML TRACE qkv_stash layer=16 first=blk.16.attn_v.weight second=blk.16.attn_k.weight
ROCKNPU GGML TRACE mul_mat weight=blk.16.attn_output.weight type=q4_K M=1 K=2048 N=2048 path=w8a8_m1
ROCKNPU GGML TRACE ffn_pair first=blk.16.ffn_gate.weight second=blk.16.ffn_up.weight M=1 K=2048 N=5632+5632 kinds=4/4 path=m1_pair
ROCKNPU GGML TRACE mul_mat weight=blk.16.ffn_down.weight type=q4_K M=1 K=5632 N=2048 path=w8a8_m1
ROCKNPU GGML TRACE qkv_triple layer=17 K=2048 N=2048+256+256 kinds=4/4/4
ROCKNPU GGML TRACE qkv_stash layer=17 first=blk.17.attn_v.weight second=blk.17.attn_k.weight
ROCKNPU GGML TRACE mul_mat weight=blk.17.attn_output.weight type=q4_K M=1 K=2048 N=2048 path=w8a8_m1
ROCKNPU GGML TRACE ffn_pair first=blk.17.ffn_gate.weight second=blk.17.ffn_up.weight M=1 K=2048 N=5632+5632 kinds=4/4 path=m1_pair
ROCKNPU GGML TRACE mul_mat weight=blk.17.ffn_down.weight type=q4_K M=1 K=5632 N=2048 path=w8a8_m1
ROCKNPU GGML TRACE qkv_triple layer=18 K=2048 N=2048+256+256 kinds=4/6/4
ROCKNPU GGML TRACE qkv_stash layer=18 first=blk.18.attn_v.weight second=blk.18.attn_k.weight
ROCKNPU GGML TRACE mul_mat weight=blk.18.attn_output.weight type=q4_K M=1 K=2048 N=2048 path=w8a8_m1
ROCKNPU GGML TRACE ffn_pair first=blk.18.ffn_gate.weight second=blk.18.ffn_up.weight M=1 K=2048 N=5632+5632 kinds=4/4 path=m1_pair
ROCKNPU GGML TRACE mul_mat weight=blk.18.ffn_down.weight type=q6_K M=1 K=5632 N=2048 path=w8a8_m1
ROCKNPU GGML TRACE qkv_triple layer=19 K=2048 N=2048+256+256 kinds=4/4/4
ROCKNPU GGML TRACE qkv_stash layer=19 first=blk.19.attn_v.weight second=blk.19.attn_k.weight
ROCKNPU GGML TRACE mul_mat weight=blk.19.attn_output.weight type=q4_K M=1 K=2048 N=2048 path=w8a8_m1
ROCKNPU GGML TRACE ffn_pair first=blk.19.ffn_gate.weight second=blk.19.ffn_up.weight M=1 K=2048 N=5632+5632 kinds=4/4 path=m1_pair
ROCKNPU GGML TRACE mul_mat weight=blk.19.ffn_down.weight type=q4_K M=1 K=5632 N=2048 path=w8a8_m1
ROCKNPU GGML TRACE qkv_triple layer=20 K=2048 N=2048+256+256 kinds=4/6/4
ROCKNPU GGML TRACE qkv_stash layer=20 first=blk.20.attn_v.weight second=blk.20.attn_k.weight
ROCKNPU GGML TRACE mul_mat weight=blk.20.attn_output.weight type=q4_K M=1 K=2048 N=2048 path=w8a8_m1
ROCKNPU GGML TRACE ffn_pair first=blk.20.ffn_gate.weight second=blk.20.ffn_up.weight M=1 K=2048 N=5632+5632 kinds=4/4 path=m1_pair
ROCKNPU GGML TRACE mul_mat weight=blk.20.ffn_down.weight type=q6_K M=1 K=5632 N=2048 path=w8a8_m1
ROCKNPU GGML TRACE qkv_triple layer=21 K=2048 N=2048+256+256 kinds=4/4/4
ROCKNPU GGML TRACE qkv_stash layer=21 first=blk.21.attn_v.weight second=blk.21.attn_k.weight
ROCKNPU GGML TRACE mul_mat weight=blk.21.attn_output.weight type=q4_K M=1 K=2048 N=2048 path=w8a8_m1
ROCKNPU GGML TRACE ffn_pair first=blk.21.ffn_gate.weight second=blk.21.ffn_up.weight M=1 K=2048 N=5632+5632 kinds=4/4 path=m1_pair
ROCKNPU GGML TRACE mul_mat weight=blk.21.ffn_down.weight type=q4_K M=1 K=5632 N=2048 path=w8a8_m1
ROCKNPU GGML TRACE qkv_triple layer=0 K=2048 N=2048+256+256 kinds=4/6/4
ROCKNPU GGML TRACE qkv_stash layer=0 first=blk.0.attn_v.weight second=blk.0.attn_k.weight
ROCKNPU GGML TRACE mul_mat weight=blk.0.attn_output.weight type=q4_K M=1 K=2048 N=2048 path=w8a8_m1
ROCKNPU GGML TRACE ffn_pair first=blk.0.ffn_gate.weight second=blk.0.ffn_up.weight M=1 K=2048 N=5632+5632 kinds=4/4 path=m1_pair
ROCKNPU GGML TRACE mul_mat weight=blk.0.ffn_down.weight type=q6_K M=1 K=5632 N=2048 path=w8a8_m1
ROCKNPU GGML TRACE qkv_triple layer=1 K=2048 N=2048+256+256 kinds=4/6/4
ROCKNPU GGML TRACE qkv_stash layer=1 first=blk.1.attn_v.weight second=blk.1.attn_k.weight
ROCKNPU GGML TRACE mul_mat weight=blk.1.attn_output.weight type=q4_K M=1 K=2048 N=2048 path=w8a8_m1
ROCKNPU GGML TRACE ffn_pair first=blk.1.ffn_gate.weight second=blk.1.ffn_up.weight M=1 K=2048 N=5632+5632 kinds=4/4 path=m1_pair
ROCKNPU GGML TRACE mul_mat weight=blk.1.ffn_down.weight type=q6_K M=1 K=5632 N=2048 path=w8a8_m1
ROCKNPU GGML TRACE qkv_triple layer=2 K=2048 N=2048+256+256 kinds=4/4/4
ROCKNPU GGML TRACE qkv_stash layer=2 first=blk.2.attn_v.weight second=blk.2.attn_k.weight
ROCKNPU GGML TRACE mul_mat weight=blk.2.attn_output.weight type=q4_K M=1 K=2048 N=2048 path=w8a8_m1
ROCKNPU GGML TRACE ffn_pair first=blk.2.ffn_gate.weight second=blk.2.ffn_up.weight M=1 K=2048 N=5632+5632 kinds=4/4 path=m1_pair
ROCKNPU GGML TRACE mul_mat weight=blk.2.ffn_down.weight type=q4_K M=1 K=5632 N=2048 path=w8a8_m1
ROCKNPU GGML TRACE qkv_triple layer=3 K=2048 N=2048+256+256 kinds=4/4/4
ROCKNPU GGML TRACE qkv_stash layer=3 first=blk.3.attn_v.weight second=blk.3.attn_k.weight
ROCKNPU GGML TRACE mul_mat weight=blk.3.attn_output.weight type=q4_K M=1 K=2048 N=2048 path=w8a8_m1
ROCKNPU GGML TRACE ffn_pair first=blk.3.ffn_gate.weight second=blk.3.ffn_up.weight M=1 K=2048 N=5632+5632 kinds=4/4 path=m1_pair
ROCKNPU GGML TRACE mul_mat weight=blk.3.ffn_down.weight type=q4_K M=1 K=5632 N=2048 path=w8a8_m1
ROCKNPU GGML TRACE qkv_triple layer=4 K=2048 N=2048+256+256 kinds=4/6/4
ROCKNPU GGML TRACE qkv_stash layer=4 first=blk.4.attn_v.weight second=blk.4.attn_k.weight
ROCKNPU GGML TRACE mul_mat weight=blk.4.attn_output.weight type=q4_K M=1 K=2048 N=2048 path=w8a8_m1
ROCKNPU GGML TRACE ffn_pair first=blk.4.ffn_gate.weight second=blk.4.ffn_up.weight M=1 K=2048 N=5632+5632 kinds=4/4 path=m1_pair
ROCKNPU GGML TRACE mul_mat weight=blk.4.ffn_down.weight type=q6_K M=1 K=5632 N=2048 path=w8a8_m1
ROCKNPU GGML TRACE qkv_triple layer=5 K=2048 N=2048+256+256 kinds=4/4/4
ROCKNPU GGML TRACE qkv_stash layer=5 first=blk.5.attn_v.weight second=blk.5.attn_k.weight
ROCKNPU GGML TRACE mul_mat weight=blk.5.attn_output.weight type=q4_K M=1 K=2048 N=2048 path=w8a8_m1
ROCKNPU GGML TRACE ffn_pair first=blk.5.ffn_gate.weight second=blk.5.ffn_up.weight M=1 K=2048 N=5632+5632 kinds=4/4 path=m1_pair
ROCKNPU GGML TRACE mul_mat weight=blk.5.ffn_down.weight type=q4_K M=1 K=5632 N=2048 path=w8a8_m1
ROCKNPU GGML TRACE qkv_triple layer=6 K=2048 N=2048+256+256 kinds=4/4/4
ROCKNPU GGML TRACE qkv_stash layer=6 first=blk.6.attn_v.weight second=blk.6.attn_k.weight
ROCKNPU GGML TRACE mul_mat weight=blk.6.attn_output.weight type=q4_K M=1 K=2048 N=2048 path=w8a8_m1
ROCKNPU GGML TRACE ffn_pair first=blk.6.ffn_gate.weight second=blk.6.ffn_up.weight M=1 K=2048 N=5632+5632 kinds=4/4 path=m1_pair
ROCKNPU GGML TRACE mul_mat weight=blk.6.ffn_down.weight type=q4_K M=1 K=5632 N=2048 path=w8a8_m1
ROCKNPU GGML TRACE qkv_triple layer=7 K=2048 N=2048+256+256 kinds=4/6/4
ROCKNPU GGML TRACE qkv_stash layer=7 first=blk.7.attn_v.weight second=blk.7.attn_k.weight
ROCKNPU GGML TRACE mul_mat weight=blk.7.attn_output.weight type=q4_K M=1 K=2048 N=2048 path=w8a8_m1
ROCKNPU GGML TRACE ffn_pair first=blk.7.ffn_gate.weight second=blk.7.ffn_up.weight M=1 K=2048 N=5632+5632 kinds=4/4 path=m1_pair
ROCKNPU GGML TRACE mul_mat weight=blk.7.ffn_down.weight type=q6_K M=1 K=5632 N=2048 path=w8a8_m1
ROCKNPU GGML TRACE qkv_triple layer=8 K=2048 N=2048+256+256 kinds=4/6/4
ROCKNPU GGML TRACE qkv_stash layer=8 first=blk.8.attn_v.weight second=blk.8.attn_k.weight
ROCKNPU GGML TRACE mul_mat weight=blk.8.attn_output.weight type=q4_K M=1 K=2048 N=2048 path=w8a8_m1
ROCKNPU GGML TRACE ffn_pair first=blk.8.ffn_gate.weight second=blk.8.ffn_up.weight M=1 K=2048 N=5632+5632 kinds=4/4 path=m1_pair
ROCKNPU GGML TRACE mul_mat weight=blk.8.ffn_down.weight type=q6_K M=1 K=5632 N=2048 path=w8a8_m1
ROCKNPU GGML TRACE qkv_triple layer=9 K=2048 N=2048+256+256 kinds=4/6/4
ROCKNPU GGML TRACE qkv_stash layer=9 first=blk.9.attn_v.weight second=blk.9.attn_k.weight
ROCKNPU GGML TRACE mul_mat weight=blk.9.attn_output.weight type=q4_K M=1 K=2048 N=2048 path=w8a8_m1
ROCKNPU GGML TRACE ffn_pair first=blk.9.ffn_gate.weight second=blk.9.ffn_up.weight M=1 K=2048 N=5632+5632 kinds=4/4 path=m1_pair
ROCKNPU GGML TRACE mul_mat weight=blk.9.ffn_down.weight type=q6_K M=1 K=5632 N=2048 path=w8a8_m1
ROCKNPU GGML TRACE qkv_triple layer=10 K=2048 N=2048+256+256 kinds=4/4/4
ROCKNPU GGML TRACE qkv_stash layer=10 first=blk.10.attn_v.weight second=blk.10.attn_k.weight
ROCKNPU GGML TRACE mul_mat weight=blk.10.attn_output.weight type=q4_K M=1 K=2048 N=2048 path=w8a8_m1
ROCKNPU GGML TRACE ffn_pair first=blk.10.ffn_gate.weight second=blk.10.ffn_up.weight M=1 K=2048 N=5632+5632 kinds=4/4 path=m1_pair
ROCKNPU GGML TRACE mul_mat weight=blk.10.ffn_down.weight type=q4_K M=1 K=5632 N=2048 path=w8a8_m1
ROCKNPU GGML TRACE qkv_triple layer=11 K=2048 N=2048+256+256 kinds=4/4/4
ROCKNPU GGML TRACE qkv_stash layer=11 first=blk.11.attn_v.weight second=blk.11.attn_k.weight
ROCKNPU GGML TRACE mul_mat weight=blk.11.attn_output.weight type=q4_K M=1 K=2048 N=2048 path=w8a8_m1
ROCKNPU GGML TRACE ffn_pair first=blk.11.ffn_gate.weight second=blk.11.ffn_up.weight M=1 K=2048 N=5632+5632 kinds=4/4 path=m1_pair
ROCKNPU GGML TRACE mul_mat weight=blk.11.ffn_down.weight type=q4_K M=1 K=5632 N=2048 path=w8a8_m1
ROCKNPU GGML TRACE qkv_triple layer=12 K=2048 N=2048+256+256 kinds=4/6/4
ROCKNPU GGML TRACE qkv_stash layer=12 first=blk.12.attn_v.weight second=blk.12.attn_k.weight
ROCKNPU GGML TRACE mul_mat weight=blk.12.attn_output.weight type=q4_K M=1 K=2048 N=2048 path=w8a8_m1
ROCKNPU GGML TRACE ffn_pair first=blk.12.ffn_gate.weight second=blk.12.ffn_up.weight M=1 K=2048 N=5632+5632 kinds=4/4 path=m1_pair
ROCKNPU GGML TRACE mul_mat weight=blk.12.ffn_down.weight type=q6_K M=1 K=5632 N=2048 path=w8a8_m1
ROCKNPU GGML TRACE qkv_triple layer=13 K=2048 N=2048+256+256 kinds=4/4/4
ROCKNPU GGML TRACE qkv_stash layer=13 first=blk.13.attn_v.weight second=blk.13.attn_k.weight
ROCKNPU GGML TRACE mul_mat weight=blk.13.attn_output.weight type=q4_K M=1 K=2048 N=2048 path=w8a8_m1
ROCKNPU GGML TRACE ffn_pair first=blk.13.ffn_gate.weight second=blk.13.ffn_up.weight M=1 K=2048 N=5632+5632 kinds=4/4 path=m1_pair
ROCKNPU GGML TRACE mul_mat weight=blk.13.ffn_down.weight type=q4_K M=1 K=5632 N=2048 path=w8a8_m1
ROCKNPU GGML TRACE qkv_triple layer=14 K=2048 N=2048+256+256 kinds=4/4/4
ROCKNPU GGML TRACE qkv_stash layer=14 first=blk.14.attn_v.weight second=blk.14.attn_k.weight
ROCKNPU GGML TRACE mul_mat weight=blk.14.attn_output.weight type=q4_K M=1 K=2048 N=2048 path=w8a8_m1
ROCKNPU GGML TRACE ffn_pair first=blk.14.ffn_gate.weight second=blk.14.ffn_up.weight M=1 K=2048 N=5632+5632 kinds=4/4 path=m1_pair
ROCKNPU GGML TRACE mul_mat weight=blk.14.ffn_down.weight type=q4_K M=1 K=5632 N=2048 path=w8a8_m1
ROCKNPU GGML TRACE qkv_triple layer=15 K=2048 N=2048+256+256 kinds=4/6/4
ROCKNPU GGML TRACE qkv_stash layer=15 first=blk.15.attn_v.weight second=blk.15.attn_k.weight
ROCKNPU GGML TRACE mul_mat weight=blk.15.attn_output.weight type=q4_K M=1 K=2048 N=2048 path=w8a8_m1
ROCKNPU GGML TRACE ffn_pair first=blk.15.ffn_gate.weight second=blk.15.ffn_up.weight M=1 K=2048 N=5632+5632 kinds=4/4 path=m1_pair
ROCKNPU GGML TRACE mul_mat weight=blk.15.ffn_down.weight type=q6_K M=1 K=5632 N=2048 path=w8a8_m1
ROCKNPU GGML TRACE qkv_triple layer=16 K=2048 N=2048+256+256 kinds=4/4/4
ROCKNPU GGML TRACE qkv_stash layer=16 first=blk.16.attn_v.weight second=blk.16.attn_k.weight
ROCKNPU GGML TRACE mul_mat weight=blk.16.attn_output.weight type=q4_K M=1 K=2048 N=2048 path=w8a8_m1
ROCKNPU GGML TRACE ffn_pair first=blk.16.ffn_gate.weight second=blk.16.ffn_up.weight M=1 K=2048 N=5632+5632 kinds=4/4 path=m1_pair
ROCKNPU GGML TRACE mul_mat weight=blk.16.ffn_down.weight type=q4_K M=1 K=5632 N=2048 path=w8a8_m1
ROCKNPU GGML TRACE qkv_triple layer=17 K=2048 N=2048+256+256 kinds=4/4/4
ROCKNPU GGML TRACE qkv_stash layer=17 first=blk.17.attn_v.weight second=blk.17.attn_k.weight
ROCKNPU GGML TRACE mul_mat weight=blk.17.attn_output.weight type=q4_K M=1 K=2048 N=2048 path=w8a8_m1
ROCKNPU GGML TRACE ffn_pair first=blk.17.ffn_gate.weight second=blk.17.ffn_up.weight M=1 K=2048 N=5632+5632 kinds=4/4 path=m1_pair
ROCKNPU GGML TRACE mul_mat weight=blk.17.ffn_down.weight type=q4_K M=1 K=5632 N=2048 path=w8a8_m1
ROCKNPU GGML TRACE qkv_triple layer=18 K=2048 N=2048+256+256 kinds=4/6/4
ROCKNPU GGML TRACE qkv_stash layer=18 first=blk.18.attn_v.weight second=blk.18.attn_k.weight
ROCKNPU GGML TRACE mul_mat weight=blk.18.attn_output.weight type=q4_K M=1 K=2048 N=2048 path=w8a8_m1
ROCKNPU GGML TRACE ffn_pair first=blk.18.ffn_gate.weight second=blk.18.ffn_up.weight M=1 K=2048 N=5632+5632 kinds=4/4 path=m1_pair
ROCKNPU GGML TRACE mul_mat weight=blk.18.ffn_down.weight type=q6_K M=1 K=5632 N=2048 path=w8a8_m1
ROCKNPU GGML TRACE qkv_triple layer=19 K=2048 N=2048+256+256 kinds=4/4/4
ROCKNPU GGML TRACE qkv_stash layer=19 first=blk.19.attn_v.weight second=blk.19.attn_k.weight
ROCKNPU GGML TRACE mul_mat weight=blk.19.attn_output.weight type=q4_K M=1 K=2048 N=2048 path=w8a8_m1
ROCKNPU GGML TRACE ffn_pair first=blk.19.ffn_gate.weight second=blk.19.ffn_up.weight M=1 K=2048 N=5632+5632 kinds=4/4 path=m1_pair
ROCKNPU GGML TRACE mul_mat weight=blk.19.ffn_down.weight type=q4_K M=1 K=5632 N=2048 path=w8a8_m1
ROCKNPU GGML TRACE qkv_triple layer=20 K=2048 N=2048+256+256 kinds=4/6/4
ROCKNPU GGML TRACE qkv_stash layer=20 first=blk.20.attn_v.weight second=blk.20.attn_k.weight
ROCKNPU GGML TRACE mul_mat weight=blk.20.attn_output.weight type=q4_K M=1 K=2048 N=2048 path=w8a8_m1
ROCKNPU GGML TRACE ffn_pair first=blk.20.ffn_gate.weight second=blk.20.ffn_up.weight M=1 K=2048 N=5632+5632 kinds=4/4 path=m1_pair
ROCKNPU GGML TRACE mul_mat weight=blk.20.ffn_down.weight type=q6_K M=1 K=5632 N=2048 path=w8a8_m1
ROCKNPU GGML TRACE qkv_triple layer=21 K=2048 N=2048+256+256 kinds=4/4/4
ROCKNPU GGML TRACE qkv_stash layer=21 first=blk.21.attn_v.weight second=blk.21.attn_k.weight
ROCKNPU GGML TRACE mul_mat weight=blk.21.attn_output.weight type=q4_K M=1 K=2048 N=2048 path=w8a8_m1
ROCKNPU GGML TRACE ffn_pair first=blk.21.ffn_gate.weight second=blk.21.ffn_up.weight M=1 K=2048 N=5632+5632 kinds=4/4 path=m1_pair
ROCKNPU GGML TRACE mul_mat weight=blk.21.ffn_down.weight type=q4_K M=1 K=5632 N=2048 path=w8a8_m1
ROCKNPU GGML TRACE qkv_triple layer=0 K=2048 N=2048+256+256 kinds=4/6/4
ROCKNPU GGML TRACE qkv_stash layer=0 first=blk.0.attn_v.weight second=blk.0.attn_k.weight
ROCKNPU GGML TRACE mul_mat weight=blk.0.attn_output.weight type=q4_K M=1 K=2048 N=2048 path=w8a8_m1
ROCKNPU GGML TRACE ffn_pair first=blk.0.ffn_gate.weight second=blk.0.ffn_up.weight M=1 K=2048 N=5632+5632 kinds=4/4 path=m1_pair
ROCKNPU GGML TRACE mul_mat weight=blk.0.ffn_down.weight type=q6_K M=1 K=5632 N=2048 path=w8a8_m1
ROCKNPU GGML TRACE qkv_triple layer=1 K=2048 N=2048+256+256 kinds=4/6/4
ROCKNPU GGML TRACE qkv_stash layer=1 first=blk.1.attn_v.weight second=blk.1.attn_k.weight
ROCKNPU GGML TRACE mul_mat weight=blk.1.attn_output.weight type=q4_K M=1 K=2048 N=2048 path=w8a8_m1
ROCKNPU GGML TRACE ffn_pair first=blk.1.ffn_gate.weight second=blk.1.ffn_up.weight M=1 K=2048 N=5632+5632 kinds=4/4 path=m1_pair
ROCKNPU GGML TRACE mul_mat weight=blk.1.ffn_down.weight type=q6_K M=1 K=5632 N=2048 path=w8a8_m1
ROCKNPU GGML TRACE qkv_triple layer=2 K=2048 N=2048+256+256 kinds=4/4/4
ROCKNPU GGML TRACE qkv_stash layer=2 first=blk.2.attn_v.weight second=blk.2.attn_k.weight
ROCKNPU GGML TRACE mul_mat weight=blk.2.attn_output.weight type=q4_K M=1 K=2048 N=2048 path=w8a8_m1
ROCKNPU GGML TRACE ffn_pair first=blk.2.ffn_gate.weight second=blk.2.ffn_up.weight M=1 K=2048 N=5632+5632 kinds=4/4 path=m1_pair
ROCKNPU GGML TRACE mul_mat weight=blk.2.ffn_down.weight type=q4_K M=1 K=5632 N=2048 path=w8a8_m1
ROCKNPU GGML TRACE qkv_triple layer=3 K=2048 N=2048+256+256 kinds=4/4/4
ROCKNPU GGML TRACE qkv_stash layer=3 first=blk.3.attn_v.weight second=blk.3.attn_k.weight
ROCKNPU GGML TRACE mul_mat weight=blk.3.attn_output.weight type=q4_K M=1 K=2048 N=2048 path=w8a8_m1
ROCKNPU GGML TRACE ffn_pair first=blk.3.ffn_gate.weight second=blk.3.ffn_up.weight M=1 K=2048 N=5632+5632 kinds=4/4 path=m1_pair
ROCKNPU GGML TRACE mul_mat weight=blk.3.ffn_down.weight type=q4_K M=1 K=5632 N=2048 path=w8a8_m1
ROCKNPU GGML TRACE qkv_triple layer=4 K=2048 N=2048+256+256 kinds=4/6/4
ROCKNPU GGML TRACE qkv_stash layer=4 first=blk.4.attn_v.weight second=blk.4.attn_k.weight
ROCKNPU GGML TRACE mul_mat weight=blk.4.attn_output.weight type=q4_K M=1 K=2048 N=2048 path=w8a8_m1
ROCKNPU GGML TRACE ffn_pair first=blk.4.ffn_gate.weight second=blk.4.ffn_up.weight M=1 K=2048 N=5632+5632 kinds=4/4 path=m1_pair
ROCKNPU GGML TRACE mul_mat weight=blk.4.ffn_down.weight type=q6_K M=1 K=5632 N=2048 path=w8a8_m1
ROCKNPU GGML TRACE qkv_triple layer=5 K=2048 N=2048+256+256 kinds=4/4/4
ROCKNPU GGML TRACE qkv_stash layer=5 first=blk.5.attn_v.weight second=blk.5.attn_k.weight
ROCKNPU GGML TRACE mul_mat weight=blk.5.attn_output.weight type=q4_K M=1 K=2048 N=2048 path=w8a8_m1
ROCKNPU GGML TRACE ffn_pair first=blk.5.ffn_gate.weight second=blk.5.ffn_up.weight M=1 K=2048 N=5632+5632 kinds=4/4 path=m1_pair
ROCKNPU GGML TRACE mul_mat weight=blk.5.ffn_down.weight type=q4_K M=1 K=5632 N=2048 path=w8a8_m1
ROCKNPU GGML TRACE qkv_triple layer=6 K=2048 N=2048+256+256 kinds=4/4/4
ROCKNPU GGML TRACE qkv_stash layer=6 first=blk.6.attn_v.weight second=blk.6.attn_k.weight
ROCKNPU GGML TRACE mul_mat weight=blk.6.attn_output.weight type=q4_K M=1 K=2048 N=2048 path=w8a8_m1
ROCKNPU GGML TRACE ffn_pair first=blk.6.ffn_gate.weight second=blk.6.ffn_up.weight M=1 K=2048 N=5632+5632 kinds=4/4 path=m1_pair
ROCKNPU GGML TRACE mul_mat weight=blk.6.ffn_down.weight type=q4_K M=1 K=5632 N=2048 path=w8a8_m1
ROCKNPU GGML TRACE qkv_triple layer=7 K=2048 N=2048+256+256 kinds=4/6/4
ROCKNPU GGML TRACE qkv_stash layer=7 first=blk.7.attn_v.weight second=blk.7.attn_k.weight
ROCKNPU GGML TRACE mul_mat weight=blk.7.attn_output.weight type=q4_K M=1 K=2048 N=2048 path=w8a8_m1
ROCKNPU GGML TRACE ffn_pair first=blk.7.ffn_gate.weight second=blk.7.ffn_up.weight M=1 K=2048 N=5632+5632 kinds=4/4 path=m1_pair
ROCKNPU GGML TRACE mul_mat weight=blk.7.ffn_down.weight type=q6_K M=1 K=5632 N=2048 path=w8a8_m1
ROCKNPU GGML TRACE qkv_triple layer=8 K=2048 N=2048+256+256 kinds=4/6/4
ROCKNPU GGML TRACE qkv_stash layer=8 first=blk.8.attn_v.weight second=blk.8.attn_k.weight
ROCKNPU GGML TRACE mul_mat weight=blk.8.attn_output.weight type=q4_K M=1 K=2048 N=2048 path=w8a8_m1
ROCKNPU GGML TRACE ffn_pair first=blk.8.ffn_gate.weight second=blk.8.ffn_up.weight M=1 K=2048 N=5632+5632 kinds=4/4 path=m1_pair
ROCKNPU GGML TRACE mul_mat weight=blk.8.ffn_down.weight type=q6_K M=1 K=5632 N=2048 path=w8a8_m1
ROCKNPU GGML TRACE qkv_triple layer=9 K=2048 N=2048+256+256 kinds=4/6/4
ROCKNPU GGML TRACE qkv_stash layer=9 first=blk.9.attn_v.weight second=blk.9.attn_k.weight
ROCKNPU GGML TRACE mul_mat weight=blk.9.attn_output.weight type=q4_K M=1 K=2048 N=2048 path=w8a8_m1
ROCKNPU GGML TRACE ffn_pair first=blk.9.ffn_gate.weight second=blk.9.ffn_up.weight M=1 K=2048 N=5632+5632 kinds=4/4 path=m1_pair
ROCKNPU GGML TRACE mul_mat weight=blk.9.ffn_down.weight type=q6_K M=1 K=5632 N=2048 path=w8a8_m1
ROCKNPU GGML TRACE qkv_triple layer=10 K=2048 N=2048+256+256 kinds=4/4/4
ROCKNPU GGML TRACE qkv_stash layer=10 first=blk.10.attn_v.weight second=blk.10.attn_k.weight
ROCKNPU GGML TRACE mul_mat weight=blk.10.attn_output.weight type=q4_K M=1 K=2048 N=2048 path=w8a8_m1
ROCKNPU GGML TRACE ffn_pair first=blk.10.ffn_gate.weight second=blk.10.ffn_up.weight M=1 K=2048 N=5632+5632 kinds=4/4 path=m1_pair
ROCKNPU GGML TRACE mul_mat weight=blk.10.ffn_down.weight type=q4_K M=1 K=5632 N=2048 path=w8a8_m1
ROCKNPU GGML TRACE qkv_triple layer=11 K=2048 N=2048+256+256 kinds=4/4/4
ROCKNPU GGML TRACE qkv_stash layer=11 first=blk.11.attn_v.weight second=blk.11.attn_k.weight
ROCKNPU GGML TRACE mul_mat weight=blk.11.attn_output.weight type=q4_K M=1 K=2048 N=2048 path=w8a8_m1
ROCKNPU GGML TRACE ffn_pair first=blk.11.ffn_gate.weight second=blk.11.ffn_up.weight M=1 K=2048 N=5632+5632 kinds=4/4 path=m1_pair
ROCKNPU GGML TRACE mul_mat weight=blk.11.ffn_down.weight type=q4_K M=1 K=5632 N=2048 path=w8a8_m1
ROCKNPU GGML TRACE qkv_triple layer=12 K=2048 N=2048+256+256 kinds=4/6/4
ROCKNPU GGML TRACE qkv_stash layer=12 first=blk.12.attn_v.weight second=blk.12.attn_k.weight
ROCKNPU GGML TRACE mul_mat weight=blk.12.attn_output.weight type=q4_K M=1 K=2048 N=2048 path=w8a8_m1
ROCKNPU GGML TRACE ffn_pair first=blk.12.ffn_gate.weight second=blk.12.ffn_up.weight M=1 K=2048 N=5632+5632 kinds=4/4 path=m1_pair
ROCKNPU GGML TRACE mul_mat weight=blk.12.ffn_down.weight type=q6_K M=1 K=5632 N=2048 path=w8a8_m1
ROCKNPU GGML TRACE qkv_triple layer=13 K=2048 N=2048+256+256 kinds=4/4/4
ROCKNPU GGML TRACE qkv_stash layer=13 first=blk.13.attn_v.weight second=blk.13.attn_k.weight
ROCKNPU GGML TRACE mul_mat weight=blk.13.attn_output.weight type=q4_K M=1 K=2048 N=2048 path=w8a8_m1
ROCKNPU GGML TRACE ffn_pair first=blk.13.ffn_gate.weight second=blk.13.ffn_up.weight M=1 K=2048 N=5632+5632 kinds=4/4 path=m1_pair
ROCKNPU GGML TRACE mul_mat weight=blk.13.ffn_down.weight type=q4_K M=1 K=5632 N=2048 path=w8a8_m1
ROCKNPU GGML TRACE qkv_triple layer=14 K=2048 N=2048+256+256 kinds=4/4/4
ROCKNPU GGML TRACE qkv_stash layer=14 first=blk.14.attn_v.weight second=blk.14.attn_k.weight
ROCKNPU GGML TRACE mul_mat weight=blk.14.attn_output.weight type=q4_K M=1 K=2048 N=2048 path=w8a8_m1
ROCKNPU GGML TRACE ffn_pair first=blk.14.ffn_gate.weight second=blk.14.ffn_up.weight M=1 K=2048 N=5632+5632 kinds=4/4 path=m1_pair
ROCKNPU GGML TRACE mul_mat weight=blk.14.ffn_down.weight type=q4_K M=1 K=5632 N=2048 path=w8a8_m1
ROCKNPU GGML TRACE qkv_triple layer=15 K=2048 N=2048+256+256 kinds=4/6/4
ROCKNPU GGML TRACE qkv_stash layer=15 first=blk.15.attn_v.weight second=blk.15.attn_k.weight
ROCKNPU GGML TRACE mul_mat weight=blk.15.attn_output.weight type=q4_K M=1 K=2048 N=2048 path=w8a8_m1
ROCKNPU GGML TRACE ffn_pair first=blk.15.ffn_gate.weight second=blk.15.ffn_up.weight M=1 K=2048 N=5632+5632 kinds=4/4 path=m1_pair
ROCKNPU GGML TRACE mul_mat weight=blk.15.ffn_down.weight type=q6_K M=1 K=5632 N=2048 path=w8a8_m1
ROCKNPU GGML TRACE qkv_triple layer=16 K=2048 N=2048+256+256 kinds=4/4/4
ROCKNPU GGML TRACE qkv_stash layer=16 first=blk.16.attn_v.weight second=blk.16.attn_k.weight
ROCKNPU GGML TRACE mul_mat weight=blk.16.attn_output.weight type=q4_K M=1 K=2048 N=2048 path=w8a8_m1
ROCKNPU GGML TRACE ffn_pair first=blk.16.ffn_gate.weight second=blk.16.ffn_up.weight M=1 K=2048 N=5632+5632 kinds=4/4 path=m1_pair
ROCKNPU GGML TRACE mul_mat weight=blk.16.ffn_down.weight type=q4_K M=1 K=5632 N=2048 path=w8a8_m1
ROCKNPU GGML TRACE qkv_triple layer=17 K=2048 N=2048+256+256 kinds=4/4/4
ROCKNPU GGML TRACE qkv_stash layer=17 first=blk.17.attn_v.weight second=blk.17.attn_k.weight
ROCKNPU GGML TRACE mul_mat weight=blk.17.attn_output.weight type=q4_K M=1 K=2048 N=2048 path=w8a8_m1
ROCKNPU GGML TRACE ffn_pair first=blk.17.ffn_gate.weight second=blk.17.ffn_up.weight M=1 K=2048 N=5632+5632 kinds=4/4 path=m1_pair
ROCKNPU GGML TRACE mul_mat weight=blk.17.ffn_down.weight type=q4_K M=1 K=5632 N=2048 path=w8a8_m1
ROCKNPU GGML TRACE qkv_triple layer=18 K=2048 N=2048+256+256 kinds=4/6/4
ROCKNPU GGML TRACE qkv_stash layer=18 first=blk.18.attn_v.weight second=blk.18.attn_k.weight
ROCKNPU GGML TRACE mul_mat weight=blk.18.attn_output.weight type=q4_K M=1 K=2048 N=2048 path=w8a8_m1
ROCKNPU GGML TRACE ffn_pair first=blk.18.ffn_gate.weight second=blk.18.ffn_up.weight M=1 K=2048 N=5632+5632 kinds=4/4 path=m1_pair
ROCKNPU GGML TRACE mul_mat weight=blk.18.ffn_down.weight type=q6_K M=1 K=5632 N=2048 path=w8a8_m1
ROCKNPU GGML TRACE qkv_triple layer=19 K=2048 N=2048+256+256 kinds=4/4/4
ROCKNPU GGML TRACE qkv_stash layer=19 first=blk.19.attn_v.weight second=blk.19.attn_k.weight
ROCKNPU GGML TRACE mul_mat weight=blk.19.attn_output.weight type=q4_K M=1 K=2048 N=2048 path=w8a8_m1
ROCKNPU GGML TRACE ffn_pair first=blk.19.ffn_gate.weight second=blk.19.ffn_up.weight M=1 K=2048 N=5632+5632 kinds=4/4 path=m1_pair
ROCKNPU GGML TRACE mul_mat weight=blk.19.ffn_down.weight type=q4_K M=1 K=5632 N=2048 path=w8a8_m1
ROCKNPU GGML TRACE qkv_triple layer=20 K=2048 N=2048+256+256 kinds=4/6/4
ROCKNPU GGML TRACE qkv_stash layer=20 first=blk.20.attn_v.weight second=blk.20.attn_k.weight
ROCKNPU GGML TRACE mul_mat weight=blk.20.attn_output.weight type=q4_K M=1 K=2048 N=2048 path=w8a8_m1
ROCKNPU GGML TRACE ffn_pair first=blk.20.ffn_gate.weight second=blk.20.ffn_up.weight M=1 K=2048 N=5632+5632 kinds=4/4 path=m1_pair
ROCKNPU GGML TRACE mul_mat weight=blk.20.ffn_down.weight type=q6_K M=1 K=5632 N=2048 path=w8a8_m1
ROCKNPU GGML TRACE qkv_triple layer=21 K=2048 N=2048+256+256 kinds=4/4/4
ROCKNPU GGML TRACE qkv_stash layer=21 first=blk.21.attn_v.weight second=blk.21.attn_k.weight
ROCKNPU GGML TRACE mul_mat weight=blk.21.attn_output.weight type=q4_K M=1 K=2048 N=2048 path=w8a8_m1
ROCKNPU GGML TRACE ffn_pair first=blk.21.ffn_gate.weight second=blk.21.ffn_up.weight M=1 K=2048 N=5632+5632 kinds=4/4 path=m1_pair
ROCKNPU GGML TRACE mul_mat weight=blk.21.ffn_down.weight type=q4_K M=1 K=5632 N=2048 path=w8a8_m1
slot print_timing: id  3 | task 18 | prompt eval time =      61.09 ms /     2 tokens (   30.55 ms per token,    32.74 tokens per second)
slot print_timing: id  3 | task 18 |        eval time =     412.85 ms /     8 tokens (   58.98 ms per token,    16.96 tokens per second)
slot print_timing: id  3 | task 18 |       total time =     473.94 ms /    10 tokens
slot print_timing: id  3 | task 18 |    graphs reused =         20
slot      release: id  3 | task 18 | stop processing: n_tokens = 9, truncated = 0
srv  update_slots: all slots are idle
srv  server_strea: conv_id= (empty=1)
slot get_availabl: id  0 | task -1 |  - skipping, slot is empty
slot get_availabl: id  1 | task -1 |  - skipping, slot is empty
slot get_availabl: id  2 | task -1 |  - skipping, slot is empty
slot get_availabl: id  3 | task -1 |  - checking sim = 1.000 (2/2) > 0.100
slot get_availabl: id  3 | task -1 | selected slot by LCP similarity, f_sim_best = 1.000 (> 0.100 thold), f_keep = 0.222
srv  get_availabl: updating prompt cache
srv   prompt_save:  - saving prompt with length 9, total state size = 0.194 MiB (draft: 0.000 MiB)
srv         alloc:  - prompt is already in the cache, skipping
srv          load:  - looking for better prompt, base f_keep = 0.222, f_sim = 1.000
srv          load:    - prompt with length       9, lcp =       2, f_keep = 0.222, f_sim = 1.000
srv        update:  - cache state: 1 prompts, 0.194 MiB (limits: 8192.000 MiB, 2048 tokens, 380063 est)
srv        update:    - prompt 0xaaab00d81cd0:       9 tokens, checkpoints:  0,     0.194 MiB
srv  get_availabl: prompt cache update took 0.05 ms
slot launch_slot_: id  3 | task -1 | sampler chain: logits -> ?penalties -> ?dry -> ?top-n-sigma -> top-k -> ?typical -> top-p -> min-p -> ?xtc -> temp-ext -> dist 
slot launch_slot_: id  3 | task -1 | sampler params: 
	repeat_last_n = 64, repeat_penalty = 1.000, frequency_penalty = 0.000, presence_penalty = 0.000
	dry_multiplier = 0.000, dry_base = 1.750, dry_allowed_length = 2, dry_penalty_last_n = 64
	top_k = 1, top_p = 0.950, min_p = 0.050, xtc_probability = 0.000, xtc_threshold = 0.100, typical_p = 1.000, top_n_sigma = -1.000, temp = 0.000
	mirostat = 0, mirostat_lr = 0.100, mirostat_ent = 5.000, adaptive_target = -1.000, adaptive_decay = 0.900
slot launch_slot_: id  3 | task 27 | processing task, is_child = 0
slot process_sing: id  0 | task -1 | saving idle slot to prompt cache
slot prompt_clear: id  0 | task -1 | clearing prompt with 0 tokens
slot process_sing: id  1 | task -1 | saving idle slot to prompt cache
slot prompt_clear: id  1 | task -1 | clearing prompt with 0 tokens
slot process_sing: id  2 | task -1 | saving idle slot to prompt cache
slot prompt_clear: id  2 | task -1 | clearing prompt with 0 tokens
slot   operator(): id  3 | task 27 | new prompt, n_ctx_slot = 2048, n_keep = 4, task.n_tokens = 2
slot   operator(): id  3 | task 27 | cached n_tokens = 0, memory_seq_rm [0, end)
slot init_sampler: id  3 | task 27 | init sampler, took 0.00 ms, tokens: text = 2, total = 2
ROCKNPU GGML TRACE ffn_pair first=blk.21.ffn_gate.weight second=blk.21.ffn_up.weight M=1 K=2048 N=5632+5632 kinds=4/4 path=m1_pair
ROCKNPU GGML TRACE mul_mat weight=blk.21.ffn_down.weight type=q4_K M=1 K=5632 N=2048 path=w8a8_m1
ROCKNPU GGML TRACE qkv_triple layer=0 K=2048 N=2048+256+256 kinds=4/6/4
ROCKNPU GGML TRACE qkv_stash layer=0 first=blk.0.attn_v.weight second=blk.0.attn_k.weight
ROCKNPU GGML TRACE mul_mat weight=blk.0.attn_output.weight type=q4_K M=1 K=2048 N=2048 path=w8a8_m1
ROCKNPU GGML TRACE ffn_pair first=blk.0.ffn_gate.weight second=blk.0.ffn_up.weight M=1 K=2048 N=5632+5632 kinds=4/4 path=m1_pair
ROCKNPU GGML TRACE mul_mat weight=blk.0.ffn_down.weight type=q6_K M=1 K=5632 N=2048 path=w8a8_m1
ROCKNPU GGML TRACE qkv_triple layer=1 K=2048 N=2048+256+256 kinds=4/6/4
ROCKNPU GGML TRACE qkv_stash layer=1 first=blk.1.attn_v.weight second=blk.1.attn_k.weight
ROCKNPU GGML TRACE mul_mat weight=blk.1.attn_output.weight type=q4_K M=1 K=2048 N=2048 path=w8a8_m1
ROCKNPU GGML TRACE ffn_pair first=blk.1.ffn_gate.weight second=blk.1.ffn_up.weight M=1 K=2048 N=5632+5632 kinds=4/4 path=m1_pair
ROCKNPU GGML TRACE mul_mat weight=blk.1.ffn_down.weight type=q6_K M=1 K=5632 N=2048 path=w8a8_m1
ROCKNPU GGML TRACE qkv_triple layer=2 K=2048 N=2048+256+256 kinds=4/4/4
ROCKNPU GGML TRACE qkv_stash layer=2 first=blk.2.attn_v.weight second=blk.2.attn_k.weight
ROCKNPU GGML TRACE mul_mat weight=blk.2.attn_output.weight type=q4_K M=1 K=2048 N=2048 path=w8a8_m1
ROCKNPU GGML TRACE ffn_pair first=blk.2.ffn_gate.weight second=blk.2.ffn_up.weight M=1 K=2048 N=5632+5632 kinds=4/4 path=m1_pair
ROCKNPU GGML TRACE mul_mat weight=blk.2.ffn_down.weight type=q4_K M=1 K=5632 N=2048 path=w8a8_m1
ROCKNPU GGML TRACE qkv_triple layer=3 K=2048 N=2048+256+256 kinds=4/4/4
ROCKNPU GGML TRACE qkv_stash layer=3 first=blk.3.attn_v.weight second=blk.3.attn_k.weight
ROCKNPU GGML TRACE mul_mat weight=blk.3.attn_output.weight type=q4_K M=1 K=2048 N=2048 path=w8a8_m1
ROCKNPU GGML TRACE ffn_pair first=blk.3.ffn_gate.weight second=blk.3.ffn_up.weight M=1 K=2048 N=5632+5632 kinds=4/4 path=m1_pair
ROCKNPU GGML TRACE mul_mat weight=blk.3.ffn_down.weight type=q4_K M=1 K=5632 N=2048 path=w8a8_m1
ROCKNPU GGML TRACE qkv_triple layer=4 K=2048 N=2048+256+256 kinds=4/6/4
ROCKNPU GGML TRACE qkv_stash layer=4 first=blk.4.attn_v.weight second=blk.4.attn_k.weight
ROCKNPU GGML TRACE mul_mat weight=blk.4.attn_output.weight type=q4_K M=1 K=2048 N=2048 path=w8a8_m1
ROCKNPU GGML TRACE ffn_pair first=blk.4.ffn_gate.weight second=blk.4.ffn_up.weight M=1 K=2048 N=5632+5632 kinds=4/4 path=m1_pair
ROCKNPU GGML TRACE mul_mat weight=blk.4.ffn_down.weight type=q6_K M=1 K=5632 N=2048 path=w8a8_m1
ROCKNPU GGML TRACE qkv_triple layer=5 K=2048 N=2048+256+256 kinds=4/4/4
ROCKNPU GGML TRACE qkv_stash layer=5 first=blk.5.attn_v.weight second=blk.5.attn_k.weight
ROCKNPU GGML TRACE mul_mat weight=blk.5.attn_output.weight type=q4_K M=1 K=2048 N=2048 path=w8a8_m1
ROCKNPU GGML TRACE ffn_pair first=blk.5.ffn_gate.weight second=blk.5.ffn_up.weight M=1 K=2048 N=5632+5632 kinds=4/4 path=m1_pair
ROCKNPU GGML TRACE mul_mat weight=blk.5.ffn_down.weight type=q4_K M=1 K=5632 N=2048 path=w8a8_m1
ROCKNPU GGML TRACE qkv_triple layer=6 K=2048 N=2048+256+256 kinds=4/4/4
ROCKNPU GGML TRACE qkv_stash layer=6 first=blk.6.attn_v.weight second=blk.6.attn_k.weight
ROCKNPU GGML TRACE mul_mat weight=blk.6.attn_output.weight type=q4_K M=1 K=2048 N=2048 path=w8a8_m1
ROCKNPU GGML TRACE ffn_pair first=blk.6.ffn_gate.weight second=blk.6.ffn_up.weight M=1 K=2048 N=5632+5632 kinds=4/4 path=m1_pair
ROCKNPU GGML TRACE mul_mat weight=blk.6.ffn_down.weight type=q4_K M=1 K=5632 N=2048 path=w8a8_m1
ROCKNPU GGML TRACE qkv_triple layer=7 K=2048 N=2048+256+256 kinds=4/6/4
ROCKNPU GGML TRACE qkv_stash layer=7 first=blk.7.attn_v.weight second=blk.7.attn_k.weight
ROCKNPU GGML TRACE mul_mat weight=blk.7.attn_output.weight type=q4_K M=1 K=2048 N=2048 path=w8a8_m1
ROCKNPU GGML TRACE ffn_pair first=blk.7.ffn_gate.weight second=blk.7.ffn_up.weight M=1 K=2048 N=5632+5632 kinds=4/4 path=m1_pair
ROCKNPU GGML TRACE mul_mat weight=blk.7.ffn_down.weight type=q6_K M=1 K=5632 N=2048 path=w8a8_m1
ROCKNPU GGML TRACE qkv_triple layer=8 K=2048 N=2048+256+256 kinds=4/6/4
ROCKNPU GGML TRACE qkv_stash layer=8 first=blk.8.attn_v.weight second=blk.8.attn_k.weight
ROCKNPU GGML TRACE mul_mat weight=blk.8.attn_output.weight type=q4_K M=1 K=2048 N=2048 path=w8a8_m1
ROCKNPU GGML TRACE ffn_pair first=blk.8.ffn_gate.weight second=blk.8.ffn_up.weight M=1 K=2048 N=5632+5632 kinds=4/4 path=m1_pair
ROCKNPU GGML TRACE mul_mat weight=blk.8.ffn_down.weight type=q6_K M=1 K=5632 N=2048 path=w8a8_m1
ROCKNPU GGML TRACE qkv_triple layer=9 K=2048 N=2048+256+256 kinds=4/6/4
ROCKNPU GGML TRACE qkv_stash layer=9 first=blk.9.attn_v.weight second=blk.9.attn_k.weight
ROCKNPU GGML TRACE mul_mat weight=blk.9.attn_output.weight type=q4_K M=1 K=2048 N=2048 path=w8a8_m1
ROCKNPU GGML TRACE ffn_pair first=blk.9.ffn_gate.weight second=blk.9.ffn_up.weight M=1 K=2048 N=5632+5632 kinds=4/4 path=m1_pair
ROCKNPU GGML TRACE mul_mat weight=blk.9.ffn_down.weight type=q6_K M=1 K=5632 N=2048 path=w8a8_m1
ROCKNPU GGML TRACE qkv_triple layer=10 K=2048 N=2048+256+256 kinds=4/4/4
ROCKNPU GGML TRACE qkv_stash layer=10 first=blk.10.attn_v.weight second=blk.10.attn_k.weight
ROCKNPU GGML TRACE mul_mat weight=blk.10.attn_output.weight type=q4_K M=1 K=2048 N=2048 path=w8a8_m1
ROCKNPU GGML TRACE ffn_pair first=blk.10.ffn_gate.weight second=blk.10.ffn_up.weight M=1 K=2048 N=5632+5632 kinds=4/4 path=m1_pair
ROCKNPU GGML TRACE mul_mat weight=blk.10.ffn_down.weight type=q4_K M=1 K=5632 N=2048 path=w8a8_m1
ROCKNPU GGML TRACE qkv_triple layer=11 K=2048 N=2048+256+256 kinds=4/4/4
ROCKNPU GGML TRACE qkv_stash layer=11 first=blk.11.attn_v.weight second=blk.11.attn_k.weight
ROCKNPU GGML TRACE mul_mat weight=blk.11.attn_output.weight type=q4_K M=1 K=2048 N=2048 path=w8a8_m1
ROCKNPU GGML TRACE ffn_pair first=blk.11.ffn_gate.weight second=blk.11.ffn_up.weight M=1 K=2048 N=5632+5632 kinds=4/4 path=m1_pair
ROCKNPU GGML TRACE mul_mat weight=blk.11.ffn_down.weight type=q4_K M=1 K=5632 N=2048 path=w8a8_m1
ROCKNPU GGML TRACE qkv_triple layer=12 K=2048 N=2048+256+256 kinds=4/6/4
ROCKNPU GGML TRACE qkv_stash layer=12 first=blk.12.attn_v.weight second=blk.12.attn_k.weight
ROCKNPU GGML TRACE mul_mat weight=blk.12.attn_output.weight type=q4_K M=1 K=2048 N=2048 path=w8a8_m1
ROCKNPU GGML TRACE ffn_pair first=blk.12.ffn_gate.weight second=blk.12.ffn_up.weight M=1 K=2048 N=5632+5632 kinds=4/4 path=m1_pair
ROCKNPU GGML TRACE mul_mat weight=blk.12.ffn_down.weight type=q6_K M=1 K=5632 N=2048 path=w8a8_m1
ROCKNPU GGML TRACE qkv_triple layer=13 K=2048 N=2048+256+256 kinds=4/4/4
ROCKNPU GGML TRACE qkv_stash layer=13 first=blk.13.attn_v.weight second=blk.13.attn_k.weight
ROCKNPU GGML TRACE mul_mat weight=blk.13.attn_output.weight type=q4_K M=1 K=2048 N=2048 path=w8a8_m1
ROCKNPU GGML TRACE ffn_pair first=blk.13.ffn_gate.weight second=blk.13.ffn_up.weight M=1 K=2048 N=5632+5632 kinds=4/4 path=m1_pair
ROCKNPU GGML TRACE mul_mat weight=blk.13.ffn_down.weight type=q4_K M=1 K=5632 N=2048 path=w8a8_m1
ROCKNPU GGML TRACE qkv_triple layer=14 K=2048 N=2048+256+256 kinds=4/4/4
ROCKNPU GGML TRACE qkv_stash layer=14 first=blk.14.attn_v.weight second=blk.14.attn_k.weight
ROCKNPU GGML TRACE mul_mat weight=blk.14.attn_output.weight type=q4_K M=1 K=2048 N=2048 path=w8a8_m1
ROCKNPU GGML TRACE ffn_pair first=blk.14.ffn_gate.weight second=blk.14.ffn_up.weight M=1 K=2048 N=5632+5632 kinds=4/4 path=m1_pair
ROCKNPU GGML TRACE mul_mat weight=blk.14.ffn_down.weight type=q4_K M=1 K=5632 N=2048 path=w8a8_m1
ROCKNPU GGML TRACE qkv_triple layer=15 K=2048 N=2048+256+256 kinds=4/6/4
ROCKNPU GGML TRACE qkv_stash layer=15 first=blk.15.attn_v.weight second=blk.15.attn_k.weight
ROCKNPU GGML TRACE mul_mat weight=blk.15.attn_output.weight type=q4_K M=1 K=2048 N=2048 path=w8a8_m1
ROCKNPU GGML TRACE ffn_pair first=blk.15.ffn_gate.weight second=blk.15.ffn_up.weight M=1 K=2048 N=5632+5632 kinds=4/4 path=m1_pair
ROCKNPU GGML TRACE mul_mat weight=blk.15.ffn_down.weight type=q6_K M=1 K=5632 N=2048 path=w8a8_m1
ROCKNPU GGML TRACE qkv_triple layer=16 K=2048 N=2048+256+256 kinds=4/4/4
ROCKNPU GGML TRACE qkv_stash layer=16 first=blk.16.attn_v.weight second=blk.16.attn_k.weight
ROCKNPU GGML TRACE mul_mat weight=blk.16.attn_output.weight type=q4_K M=1 K=2048 N=2048 path=w8a8_m1
ROCKNPU GGML TRACE ffn_pair first=blk.16.ffn_gate.weight second=blk.16.ffn_up.weight M=1 K=2048 N=5632+5632 kinds=4/4 path=m1_pair
ROCKNPU GGML TRACE mul_mat weight=blk.16.ffn_down.weight type=q4_K M=1 K=5632 N=2048 path=w8a8_m1
ROCKNPU GGML TRACE qkv_triple layer=17 K=2048 N=2048+256+256 kinds=4/4/4
ROCKNPU GGML TRACE qkv_stash layer=17 first=blk.17.attn_v.weight second=blk.17.attn_k.weight
ROCKNPU GGML TRACE mul_mat weight=blk.17.attn_output.weight type=q4_K M=1 K=2048 N=2048 path=w8a8_m1
ROCKNPU GGML TRACE ffn_pair first=blk.17.ffn_gate.weight second=blk.17.ffn_up.weight M=1 K=2048 N=5632+5632 kinds=4/4 path=m1_pair
ROCKNPU GGML TRACE mul_mat weight=blk.17.ffn_down.weight type=q4_K M=1 K=5632 N=2048 path=w8a8_m1
ROCKNPU GGML TRACE qkv_triple layer=18 K=2048 N=2048+256+256 kinds=4/6/4
ROCKNPU GGML TRACE qkv_stash layer=18 first=blk.18.attn_v.weight second=blk.18.attn_k.weight
ROCKNPU GGML TRACE mul_mat weight=blk.18.attn_output.weight type=q4_K M=1 K=2048 N=2048 path=w8a8_m1
ROCKNPU GGML TRACE ffn_pair first=blk.18.ffn_gate.weight second=blk.18.ffn_up.weight M=1 K=2048 N=5632+5632 kinds=4/4 path=m1_pair
ROCKNPU GGML TRACE mul_mat weight=blk.18.ffn_down.weight type=q6_K M=1 K=5632 N=2048 path=w8a8_m1
ROCKNPU GGML TRACE qkv_triple layer=19 K=2048 N=2048+256+256 kinds=4/4/4
ROCKNPU GGML TRACE qkv_stash layer=19 first=blk.19.attn_v.weight second=blk.19.attn_k.weight
ROCKNPU GGML TRACE mul_mat weight=blk.19.attn_output.weight type=q4_K M=1 K=2048 N=2048 path=w8a8_m1
ROCKNPU GGML TRACE ffn_pair first=blk.19.ffn_gate.weight second=blk.19.ffn_up.weight M=1 K=2048 N=5632+5632 kinds=4/4 path=m1_pair
ROCKNPU GGML TRACE mul_mat weight=blk.19.ffn_down.weight type=q4_K M=1 K=5632 N=2048 path=w8a8_m1
ROCKNPU GGML TRACE qkv_triple layer=20 K=2048 N=2048+256+256 kinds=4/6/4
ROCKNPU GGML TRACE qkv_stash layer=20 first=blk.20.attn_v.weight second=blk.20.attn_k.weight
ROCKNPU GGML TRACE mul_mat weight=blk.20.attn_output.weight type=q4_K M=1 K=2048 N=2048 path=w8a8_m1
ROCKNPU GGML TRACE ffn_pair first=blk.20.ffn_gate.weight second=blk.20.ffn_up.weight M=1 K=2048 N=5632+5632 kinds=4/4 path=m1_pair
ROCKNPU GGML TRACE mul_mat weight=blk.20.ffn_down.weight type=q6_K M=1 K=5632 N=2048 path=w8a8_m1
ROCKNPU GGML TRACE qkv_triple layer=21 K=2048 N=2048+256+256 kinds=4/4/4
ROCKNPU GGML TRACE qkv_stash layer=21 first=blk.21.attn_v.weight second=blk.21.attn_k.weight
ROCKNPU GGML TRACE mul_mat weight=blk.21.attn_output.weight type=q4_K M=1 K=2048 N=2048 path=w8a8_m1
ROCKNPU GGML TRACE ffn_pair first=blk.21.ffn_gate.weight second=blk.21.ffn_up.weight M=1 K=2048 N=5632+5632 kinds=4/4 path=m1_pair
ROCKNPU GGML TRACE mul_mat weight=blk.21.ffn_down.weight type=q4_K M=1 K=5632 N=2048 path=w8a8_m1
ROCKNPU GGML TRACE qkv_triple layer=0 K=2048 N=2048+256+256 kinds=4/6/4
ROCKNPU GGML TRACE qkv_stash layer=0 first=blk.0.attn_v.weight second=blk.0.attn_k.weight
ROCKNPU GGML TRACE mul_mat weight=blk.0.attn_output.weight type=q4_K M=1 K=2048 N=2048 path=w8a8_m1
ROCKNPU GGML TRACE ffn_pair first=blk.0.ffn_gate.weight second=blk.0.ffn_up.weight M=1 K=2048 N=5632+5632 kinds=4/4 path=m1_pair
ROCKNPU GGML TRACE mul_mat weight=blk.0.ffn_down.weight type=q6_K M=1 K=5632 N=2048 path=w8a8_m1
ROCKNPU GGML TRACE qkv_triple layer=1 K=2048 N=2048+256+256 kinds=4/6/4
ROCKNPU GGML TRACE qkv_stash layer=1 first=blk.1.attn_v.weight second=blk.1.attn_k.weight
ROCKNPU GGML TRACE mul_mat weight=blk.1.attn_output.weight type=q4_K M=1 K=2048 N=2048 path=w8a8_m1
ROCKNPU GGML TRACE ffn_pair first=blk.1.ffn_gate.weight second=blk.1.ffn_up.weight M=1 K=2048 N=5632+5632 kinds=4/4 path=m1_pair
ROCKNPU GGML TRACE mul_mat weight=blk.1.ffn_down.weight type=q6_K M=1 K=5632 N=2048 path=w8a8_m1
ROCKNPU GGML TRACE qkv_triple layer=2 K=2048 N=2048+256+256 kinds=4/4/4
ROCKNPU GGML TRACE qkv_stash layer=2 first=blk.2.attn_v.weight second=blk.2.attn_k.weight
ROCKNPU GGML TRACE mul_mat weight=blk.2.attn_output.weight type=q4_K M=1 K=2048 N=2048 path=w8a8_m1
ROCKNPU GGML TRACE ffn_pair first=blk.2.ffn_gate.weight second=blk.2.ffn_up.weight M=1 K=2048 N=5632+5632 kinds=4/4 path=m1_pair
ROCKNPU GGML TRACE mul_mat weight=blk.2.ffn_down.weight type=q4_K M=1 K=5632 N=2048 path=w8a8_m1
ROCKNPU GGML TRACE qkv_triple layer=3 K=2048 N=2048+256+256 kinds=4/4/4
ROCKNPU GGML TRACE qkv_stash layer=3 first=blk.3.attn_v.weight second=blk.3.attn_k.weight
ROCKNPU GGML TRACE mul_mat weight=blk.3.attn_output.weight type=q4_K M=1 K=2048 N=2048 path=w8a8_m1
ROCKNPU GGML TRACE ffn_pair first=blk.3.ffn_gate.weight second=blk.3.ffn_up.weight M=1 K=2048 N=5632+5632 kinds=4/4 path=m1_pair
ROCKNPU GGML TRACE mul_mat weight=blk.3.ffn_down.weight type=q4_K M=1 K=5632 N=2048 path=w8a8_m1
ROCKNPU GGML TRACE qkv_triple layer=4 K=2048 N=2048+256+256 kinds=4/6/4
ROCKNPU GGML TRACE qkv_stash layer=4 first=blk.4.attn_v.weight second=blk.4.attn_k.weight
ROCKNPU GGML TRACE mul_mat weight=blk.4.attn_output.weight type=q4_K M=1 K=2048 N=2048 path=w8a8_m1
ROCKNPU GGML TRACE ffn_pair first=blk.4.ffn_gate.weight second=blk.4.ffn_up.weight M=1 K=2048 N=5632+5632 kinds=4/4 path=m1_pair
ROCKNPU GGML TRACE mul_mat weight=blk.4.ffn_down.weight type=q6_K M=1 K=5632 N=2048 path=w8a8_m1
ROCKNPU GGML TRACE qkv_triple layer=5 K=2048 N=2048+256+256 kinds=4/4/4
ROCKNPU GGML TRACE qkv_stash layer=5 first=blk.5.attn_v.weight second=blk.5.attn_k.weight
ROCKNPU GGML TRACE mul_mat weight=blk.5.attn_output.weight type=q4_K M=1 K=2048 N=2048 path=w8a8_m1
ROCKNPU GGML TRACE ffn_pair first=blk.5.ffn_gate.weight second=blk.5.ffn_up.weight M=1 K=2048 N=5632+5632 kinds=4/4 path=m1_pair
ROCKNPU GGML TRACE mul_mat weight=blk.5.ffn_down.weight type=q4_K M=1 K=5632 N=2048 path=w8a8_m1
ROCKNPU GGML TRACE qkv_triple layer=6 K=2048 N=2048+256+256 kinds=4/4/4
ROCKNPU GGML TRACE qkv_stash layer=6 first=blk.6.attn_v.weight second=blk.6.attn_k.weight
ROCKNPU GGML TRACE mul_mat weight=blk.6.attn_output.weight type=q4_K M=1 K=2048 N=2048 path=w8a8_m1
ROCKNPU GGML TRACE ffn_pair first=blk.6.ffn_gate.weight second=blk.6.ffn_up.weight M=1 K=2048 N=5632+5632 kinds=4/4 path=m1_pair
ROCKNPU GGML TRACE mul_mat weight=blk.6.ffn_down.weight type=q4_K M=1 K=5632 N=2048 path=w8a8_m1
ROCKNPU GGML TRACE qkv_triple layer=7 K=2048 N=2048+256+256 kinds=4/6/4
ROCKNPU GGML TRACE qkv_stash layer=7 first=blk.7.attn_v.weight second=blk.7.attn_k.weight
ROCKNPU GGML TRACE mul_mat weight=blk.7.attn_output.weight type=q4_K M=1 K=2048 N=2048 path=w8a8_m1
ROCKNPU GGML TRACE ffn_pair first=blk.7.ffn_gate.weight second=blk.7.ffn_up.weight M=1 K=2048 N=5632+5632 kinds=4/4 path=m1_pair
ROCKNPU GGML TRACE mul_mat weight=blk.7.ffn_down.weight type=q6_K M=1 K=5632 N=2048 path=w8a8_m1
ROCKNPU GGML TRACE qkv_triple layer=8 K=2048 N=2048+256+256 kinds=4/6/4
ROCKNPU GGML TRACE qkv_stash layer=8 first=blk.8.attn_v.weight second=blk.8.attn_k.weight
ROCKNPU GGML TRACE mul_mat weight=blk.8.attn_output.weight type=q4_K M=1 K=2048 N=2048 path=w8a8_m1
ROCKNPU GGML TRACE ffn_pair first=blk.8.ffn_gate.weight second=blk.8.ffn_up.weight M=1 K=2048 N=5632+5632 kinds=4/4 path=m1_pair
ROCKNPU GGML TRACE mul_mat weight=blk.8.ffn_down.weight type=q6_K M=1 K=5632 N=2048 path=w8a8_m1
ROCKNPU GGML TRACE qkv_triple layer=9 K=2048 N=2048+256+256 kinds=4/6/4
ROCKNPU GGML TRACE qkv_stash layer=9 first=blk.9.attn_v.weight second=blk.9.attn_k.weight
ROCKNPU GGML TRACE mul_mat weight=blk.9.attn_output.weight type=q4_K M=1 K=2048 N=2048 path=w8a8_m1
ROCKNPU GGML TRACE ffn_pair first=blk.9.ffn_gate.weight second=blk.9.ffn_up.weight M=1 K=2048 N=5632+5632 kinds=4/4 path=m1_pair
ROCKNPU GGML TRACE mul_mat weight=blk.9.ffn_down.weight type=q6_K M=1 K=5632 N=2048 path=w8a8_m1
ROCKNPU GGML TRACE qkv_triple layer=10 K=2048 N=2048+256+256 kinds=4/4/4
ROCKNPU GGML TRACE qkv_stash layer=10 first=blk.10.attn_v.weight second=blk.10.attn_k.weight
ROCKNPU GGML TRACE mul_mat weight=blk.10.attn_output.weight type=q4_K M=1 K=2048 N=2048 path=w8a8_m1
ROCKNPU GGML TRACE ffn_pair first=blk.10.ffn_gate.weight second=blk.10.ffn_up.weight M=1 K=2048 N=5632+5632 kinds=4/4 path=m1_pair
ROCKNPU GGML TRACE mul_mat weight=blk.10.ffn_down.weight type=q4_K M=1 K=5632 N=2048 path=w8a8_m1
ROCKNPU GGML TRACE qkv_triple layer=11 K=2048 N=2048+256+256 kinds=4/4/4
ROCKNPU GGML TRACE qkv_stash layer=11 first=blk.11.attn_v.weight second=blk.11.attn_k.weight
ROCKNPU GGML TRACE mul_mat weight=blk.11.attn_output.weight type=q4_K M=1 K=2048 N=2048 path=w8a8_m1
ROCKNPU GGML TRACE ffn_pair first=blk.11.ffn_gate.weight second=blk.11.ffn_up.weight M=1 K=2048 N=5632+5632 kinds=4/4 path=m1_pair
ROCKNPU GGML TRACE mul_mat weight=blk.11.ffn_down.weight type=q4_K M=1 K=5632 N=2048 path=w8a8_m1
ROCKNPU GGML TRACE qkv_triple layer=12 K=2048 N=2048+256+256 kinds=4/6/4
ROCKNPU GGML TRACE qkv_stash layer=12 first=blk.12.attn_v.weight second=blk.12.attn_k.weight
ROCKNPU GGML TRACE mul_mat weight=blk.12.attn_output.weight type=q4_K M=1 K=2048 N=2048 path=w8a8_m1
ROCKNPU GGML TRACE ffn_pair first=blk.12.ffn_gate.weight second=blk.12.ffn_up.weight M=1 K=2048 N=5632+5632 kinds=4/4 path=m1_pair
ROCKNPU GGML TRACE mul_mat weight=blk.12.ffn_down.weight type=q6_K M=1 K=5632 N=2048 path=w8a8_m1
ROCKNPU GGML TRACE qkv_triple layer=13 K=2048 N=2048+256+256 kinds=4/4/4
ROCKNPU GGML TRACE qkv_stash layer=13 first=blk.13.attn_v.weight second=blk.13.attn_k.weight
ROCKNPU GGML TRACE mul_mat weight=blk.13.attn_output.weight type=q4_K M=1 K=2048 N=2048 path=w8a8_m1
ROCKNPU GGML TRACE ffn_pair first=blk.13.ffn_gate.weight second=blk.13.ffn_up.weight M=1 K=2048 N=5632+5632 kinds=4/4 path=m1_pair
ROCKNPU GGML TRACE mul_mat weight=blk.13.ffn_down.weight type=q4_K M=1 K=5632 N=2048 path=w8a8_m1
ROCKNPU GGML TRACE qkv_triple layer=14 K=2048 N=2048+256+256 kinds=4/4/4
ROCKNPU GGML TRACE qkv_stash layer=14 first=blk.14.attn_v.weight second=blk.14.attn_k.weight
ROCKNPU GGML TRACE mul_mat weight=blk.14.attn_output.weight type=q4_K M=1 K=2048 N=2048 path=w8a8_m1
ROCKNPU GGML TRACE ffn_pair first=blk.14.ffn_gate.weight second=blk.14.ffn_up.weight M=1 K=2048 N=5632+5632 kinds=4/4 path=m1_pair
ROCKNPU GGML TRACE mul_mat weight=blk.14.ffn_down.weight type=q4_K M=1 K=5632 N=2048 path=w8a8_m1
ROCKNPU GGML TRACE qkv_triple layer=15 K=2048 N=2048+256+256 kinds=4/6/4
ROCKNPU GGML TRACE qkv_stash layer=15 first=blk.15.attn_v.weight second=blk.15.attn_k.weight
ROCKNPU GGML TRACE mul_mat weight=blk.15.attn_output.weight type=q4_K M=1 K=2048 N=2048 path=w8a8_m1
ROCKNPU GGML TRACE ffn_pair first=blk.15.ffn_gate.weight second=blk.15.ffn_up.weight M=1 K=2048 N=5632+5632 kinds=4/4 path=m1_pair
ROCKNPU GGML TRACE mul_mat weight=blk.15.ffn_down.weight type=q6_K M=1 K=5632 N=2048 path=w8a8_m1
ROCKNPU GGML TRACE qkv_triple layer=16 K=2048 N=2048+256+256 kinds=4/4/4
ROCKNPU GGML TRACE qkv_stash layer=16 first=blk.16.attn_v.weight second=blk.16.attn_k.weight
ROCKNPU GGML TRACE mul_mat weight=blk.16.attn_output.weight type=q4_K M=1 K=2048 N=2048 path=w8a8_m1
ROCKNPU GGML TRACE ffn_pair first=blk.16.ffn_gate.weight second=blk.16.ffn_up.weight M=1 K=2048 N=5632+5632 kinds=4/4 path=m1_pair
ROCKNPU GGML TRACE mul_mat weight=blk.16.ffn_down.weight type=q4_K M=1 K=5632 N=2048 path=w8a8_m1
ROCKNPU GGML TRACE qkv_triple layer=17 K=2048 N=2048+256+256 kinds=4/4/4
ROCKNPU GGML TRACE qkv_stash layer=17 first=blk.17.attn_v.weight second=blk.17.attn_k.weight
ROCKNPU GGML TRACE mul_mat weight=blk.17.attn_output.weight type=q4_K M=1 K=2048 N=2048 path=w8a8_m1
ROCKNPU GGML TRACE ffn_pair first=blk.17.ffn_gate.weight second=blk.17.ffn_up.weight M=1 K=2048 N=5632+5632 kinds=4/4 path=m1_pair
ROCKNPU GGML TRACE mul_mat weight=blk.17.ffn_down.weight type=q4_K M=1 K=5632 N=2048 path=w8a8_m1
ROCKNPU GGML TRACE qkv_triple layer=18 K=2048 N=2048+256+256 kinds=4/6/4
ROCKNPU GGML TRACE qkv_stash layer=18 first=blk.18.attn_v.weight second=blk.18.attn_k.weight
ROCKNPU GGML TRACE mul_mat weight=blk.18.attn_output.weight type=q4_K M=1 K=2048 N=2048 path=w8a8_m1
ROCKNPU GGML TRACE ffn_pair first=blk.18.ffn_gate.weight second=blk.18.ffn_up.weight M=1 K=2048 N=5632+5632 kinds=4/4 path=m1_pair
ROCKNPU GGML TRACE mul_mat weight=blk.18.ffn_down.weight type=q6_K M=1 K=5632 N=2048 path=w8a8_m1
ROCKNPU GGML TRACE qkv_triple layer=19 K=2048 N=2048+256+256 kinds=4/4/4
ROCKNPU GGML TRACE qkv_stash layer=19 first=blk.19.attn_v.weight second=blk.19.attn_k.weight
ROCKNPU GGML TRACE mul_mat weight=blk.19.attn_output.weight type=q4_K M=1 K=2048 N=2048 path=w8a8_m1
ROCKNPU GGML TRACE ffn_pair first=blk.19.ffn_gate.weight second=blk.19.ffn_up.weight M=1 K=2048 N=5632+5632 kinds=4/4 path=m1_pair
ROCKNPU GGML TRACE mul_mat weight=blk.19.ffn_down.weight type=q4_K M=1 K=5632 N=2048 path=w8a8_m1
ROCKNPU GGML TRACE qkv_triple layer=20 K=2048 N=2048+256+256 kinds=4/6/4
ROCKNPU GGML TRACE qkv_stash layer=20 first=blk.20.attn_v.weight second=blk.20.attn_k.weight
ROCKNPU GGML TRACE mul_mat weight=blk.20.attn_output.weight type=q4_K M=1 K=2048 N=2048 path=w8a8_m1
ROCKNPU GGML TRACE ffn_pair first=blk.20.ffn_gate.weight second=blk.20.ffn_up.weight M=1 K=2048 N=5632+5632 kinds=4/4 path=m1_pair
ROCKNPU GGML TRACE mul_mat weight=blk.20.ffn_down.weight type=q6_K M=1 K=5632 N=2048 path=w8a8_m1
ROCKNPU GGML TRACE qkv_triple layer=21 K=2048 N=2048+256+256 kinds=4/4/4
ROCKNPU GGML TRACE qkv_stash layer=21 first=blk.21.attn_v.weight second=blk.21.attn_k.weight
ROCKNPU GGML TRACE mul_mat weight=blk.21.attn_output.weight type=q4_K M=1 K=2048 N=2048 path=w8a8_m1
ROCKNPU GGML TRACE ffn_pair first=blk.21.ffn_gate.weight second=blk.21.ffn_up.weight M=1 K=2048 N=5632+5632 kinds=4/4 path=m1_pair
ROCKNPU GGML TRACE mul_mat weight=blk.21.ffn_down.weight type=q4_K M=1 K=5632 N=2048 path=w8a8_m1
ROCKNPU GGML TRACE qkv_triple layer=0 K=2048 N=2048+256+256 kinds=4/6/4
ROCKNPU GGML TRACE qkv_stash layer=0 first=blk.0.attn_v.weight second=blk.0.attn_k.weight
ROCKNPU GGML TRACE mul_mat weight=blk.0.attn_output.weight type=q4_K M=1 K=2048 N=2048 path=w8a8_m1
ROCKNPU GGML TRACE ffn_pair first=blk.0.ffn_gate.weight second=blk.0.ffn_up.weight M=1 K=2048 N=5632+5632 kinds=4/4 path=m1_pair
ROCKNPU GGML TRACE mul_mat weight=blk.0.ffn_down.weight type=q6_K M=1 K=5632 N=2048 path=w8a8_m1
ROCKNPU GGML TRACE qkv_triple layer=1 K=2048 N=2048+256+256 kinds=4/6/4
ROCKNPU GGML TRACE qkv_stash layer=1 first=blk.1.attn_v.weight second=blk.1.attn_k.weight
ROCKNPU GGML TRACE mul_mat weight=blk.1.attn_output.weight type=q4_K M=1 K=2048 N=2048 path=w8a8_m1
ROCKNPU GGML TRACE ffn_pair first=blk.1.ffn_gate.weight second=blk.1.ffn_up.weight M=1 K=2048 N=5632+5632 kinds=4/4 path=m1_pair
ROCKNPU GGML TRACE mul_mat weight=blk.1.ffn_down.weight type=q6_K M=1 K=5632 N=2048 path=w8a8_m1
ROCKNPU GGML TRACE qkv_triple layer=2 K=2048 N=2048+256+256 kinds=4/4/4
ROCKNPU GGML TRACE qkv_stash layer=2 first=blk.2.attn_v.weight second=blk.2.attn_k.weight
ROCKNPU GGML TRACE mul_mat weight=blk.2.attn_output.weight type=q4_K M=1 K=2048 N=2048 path=w8a8_m1
ROCKNPU GGML TRACE ffn_pair first=blk.2.ffn_gate.weight second=blk.2.ffn_up.weight M=1 K=2048 N=5632+5632 kinds=4/4 path=m1_pair
ROCKNPU GGML TRACE mul_mat weight=blk.2.ffn_down.weight type=q4_K M=1 K=5632 N=2048 path=w8a8_m1
ROCKNPU GGML TRACE qkv_triple layer=3 K=2048 N=2048+256+256 kinds=4/4/4
ROCKNPU GGML TRACE qkv_stash layer=3 first=blk.3.attn_v.weight second=blk.3.attn_k.weight
ROCKNPU GGML TRACE mul_mat weight=blk.3.attn_output.weight type=q4_K M=1 K=2048 N=2048 path=w8a8_m1
ROCKNPU GGML TRACE ffn_pair first=blk.3.ffn_gate.weight second=blk.3.ffn_up.weight M=1 K=2048 N=5632+5632 kinds=4/4 path=m1_pair
ROCKNPU GGML TRACE mul_mat weight=blk.3.ffn_down.weight type=q4_K M=1 K=5632 N=2048 path=w8a8_m1
ROCKNPU GGML TRACE qkv_triple layer=4 K=2048 N=2048+256+256 kinds=4/6/4
ROCKNPU GGML TRACE qkv_stash layer=4 first=blk.4.attn_v.weight second=blk.4.attn_k.weight
ROCKNPU GGML TRACE mul_mat weight=blk.4.attn_output.weight type=q4_K M=1 K=2048 N=2048 path=w8a8_m1
ROCKNPU GGML TRACE ffn_pair first=blk.4.ffn_gate.weight second=blk.4.ffn_up.weight M=1 K=2048 N=5632+5632 kinds=4/4 path=m1_pair
ROCKNPU GGML TRACE mul_mat weight=blk.4.ffn_down.weight type=q6_K M=1 K=5632 N=2048 path=w8a8_m1
ROCKNPU GGML TRACE qkv_triple layer=5 K=2048 N=2048+256+256 kinds=4/4/4
ROCKNPU GGML TRACE qkv_stash layer=5 first=blk.5.attn_v.weight second=blk.5.attn_k.weight
ROCKNPU GGML TRACE mul_mat weight=blk.5.attn_output.weight type=q4_K M=1 K=2048 N=2048 path=w8a8_m1
ROCKNPU GGML TRACE ffn_pair first=blk.5.ffn_gate.weight second=blk.5.ffn_up.weight M=1 K=2048 N=5632+5632 kinds=4/4 path=m1_pair
ROCKNPU GGML TRACE mul_mat weight=blk.5.ffn_down.weight type=q4_K M=1 K=5632 N=2048 path=w8a8_m1
ROCKNPU GGML TRACE qkv_triple layer=6 K=2048 N=2048+256+256 kinds=4/4/4
ROCKNPU GGML TRACE qkv_stash layer=6 first=blk.6.attn_v.weight second=blk.6.attn_k.weight
ROCKNPU GGML TRACE mul_mat weight=blk.6.attn_output.weight type=q4_K M=1 K=2048 N=2048 path=w8a8_m1
ROCKNPU GGML TRACE ffn_pair first=blk.6.ffn_gate.weight second=blk.6.ffn_up.weight M=1 K=2048 N=5632+5632 kinds=4/4 path=m1_pair
ROCKNPU GGML TRACE mul_mat weight=blk.6.ffn_down.weight type=q4_K M=1 K=5632 N=2048 path=w8a8_m1
ROCKNPU GGML TRACE qkv_triple layer=7 K=2048 N=2048+256+256 kinds=4/6/4
ROCKNPU GGML TRACE qkv_stash layer=7 first=blk.7.attn_v.weight second=blk.7.attn_k.weight
ROCKNPU GGML TRACE mul_mat weight=blk.7.attn_output.weight type=q4_K M=1 K=2048 N=2048 path=w8a8_m1
ROCKNPU GGML TRACE ffn_pair first=blk.7.ffn_gate.weight second=blk.7.ffn_up.weight M=1 K=2048 N=5632+5632 kinds=4/4 path=m1_pair
ROCKNPU GGML TRACE mul_mat weight=blk.7.ffn_down.weight type=q6_K M=1 K=5632 N=2048 path=w8a8_m1
ROCKNPU GGML TRACE qkv_triple layer=8 K=2048 N=2048+256+256 kinds=4/6/4
ROCKNPU GGML TRACE qkv_stash layer=8 first=blk.8.attn_v.weight second=blk.8.attn_k.weight
ROCKNPU GGML TRACE mul_mat weight=blk.8.attn_output.weight type=q4_K M=1 K=2048 N=2048 path=w8a8_m1
ROCKNPU GGML TRACE ffn_pair first=blk.8.ffn_gate.weight second=blk.8.ffn_up.weight M=1 K=2048 N=5632+5632 kinds=4/4 path=m1_pair
ROCKNPU GGML TRACE mul_mat weight=blk.8.ffn_down.weight type=q6_K M=1 K=5632 N=2048 path=w8a8_m1
ROCKNPU GGML TRACE qkv_triple layer=9 K=2048 N=2048+256+256 kinds=4/6/4
ROCKNPU GGML TRACE qkv_stash layer=9 first=blk.9.attn_v.weight second=blk.9.attn_k.weight
ROCKNPU GGML TRACE mul_mat weight=blk.9.attn_output.weight type=q4_K M=1 K=2048 N=2048 path=w8a8_m1
ROCKNPU GGML TRACE ffn_pair first=blk.9.ffn_gate.weight second=blk.9.ffn_up.weight M=1 K=2048 N=5632+5632 kinds=4/4 path=m1_pair
ROCKNPU GGML TRACE mul_mat weight=blk.9.ffn_down.weight type=q6_K M=1 K=5632 N=2048 path=w8a8_m1
ROCKNPU GGML TRACE qkv_triple layer=10 K=2048 N=2048+256+256 kinds=4/4/4
ROCKNPU GGML TRACE qkv_stash layer=10 first=blk.10.attn_v.weight second=blk.10.attn_k.weight
ROCKNPU GGML TRACE mul_mat weight=blk.10.attn_output.weight type=q4_K M=1 K=2048 N=2048 path=w8a8_m1
ROCKNPU GGML TRACE ffn_pair first=blk.10.ffn_gate.weight second=blk.10.ffn_up.weight M=1 K=2048 N=5632+5632 kinds=4/4 path=m1_pair
ROCKNPU GGML TRACE mul_mat weight=blk.10.ffn_down.weight type=q4_K M=1 K=5632 N=2048 path=w8a8_m1
ROCKNPU GGML TRACE qkv_triple layer=11 K=2048 N=2048+256+256 kinds=4/4/4
ROCKNPU GGML TRACE qkv_stash layer=11 first=blk.11.attn_v.weight second=blk.11.attn_k.weight
ROCKNPU GGML TRACE mul_mat weight=blk.11.attn_output.weight type=q4_K M=1 K=2048 N=2048 path=w8a8_m1
ROCKNPU GGML TRACE ffn_pair first=blk.11.ffn_gate.weight second=blk.11.ffn_up.weight M=1 K=2048 N=5632+5632 kinds=4/4 path=m1_pair
ROCKNPU GGML TRACE mul_mat weight=blk.11.ffn_down.weight type=q4_K M=1 K=5632 N=2048 path=w8a8_m1
ROCKNPU GGML TRACE qkv_triple layer=12 K=2048 N=2048+256+256 kinds=4/6/4
ROCKNPU GGML TRACE qkv_stash layer=12 first=blk.12.attn_v.weight second=blk.12.attn_k.weight
ROCKNPU GGML TRACE mul_mat weight=blk.12.attn_output.weight type=q4_K M=1 K=2048 N=2048 path=w8a8_m1
ROCKNPU GGML TRACE ffn_pair first=blk.12.ffn_gate.weight second=blk.12.ffn_up.weight M=1 K=2048 N=5632+5632 kinds=4/4 path=m1_pair
ROCKNPU GGML TRACE mul_mat weight=blk.12.ffn_down.weight type=q6_K M=1 K=5632 N=2048 path=w8a8_m1
ROCKNPU GGML TRACE qkv_triple layer=13 K=2048 N=2048+256+256 kinds=4/4/4
ROCKNPU GGML TRACE qkv_stash layer=13 first=blk.13.attn_v.weight second=blk.13.attn_k.weight
ROCKNPU GGML TRACE mul_mat weight=blk.13.attn_output.weight type=q4_K M=1 K=2048 N=2048 path=w8a8_m1
ROCKNPU GGML TRACE ffn_pair first=blk.13.ffn_gate.weight second=blk.13.ffn_up.weight M=1 K=2048 N=5632+5632 kinds=4/4 path=m1_pair
ROCKNPU GGML TRACE mul_mat weight=blk.13.ffn_down.weight type=q4_K M=1 K=5632 N=2048 path=w8a8_m1
ROCKNPU GGML TRACE qkv_triple layer=14 K=2048 N=2048+256+256 kinds=4/4/4
ROCKNPU GGML TRACE qkv_stash layer=14 first=blk.14.attn_v.weight second=blk.14.attn_k.weight
ROCKNPU GGML TRACE mul_mat weight=blk.14.attn_output.weight type=q4_K M=1 K=2048 N=2048 path=w8a8_m1
ROCKNPU GGML TRACE ffn_pair first=blk.14.ffn_gate.weight second=blk.14.ffn_up.weight M=1 K=2048 N=5632+5632 kinds=4/4 path=m1_pair
ROCKNPU GGML TRACE mul_mat weight=blk.14.ffn_down.weight type=q4_K M=1 K=5632 N=2048 path=w8a8_m1
ROCKNPU GGML TRACE qkv_triple layer=15 K=2048 N=2048+256+256 kinds=4/6/4
ROCKNPU GGML TRACE qkv_stash layer=15 first=blk.15.attn_v.weight second=blk.15.attn_k.weight
ROCKNPU GGML TRACE mul_mat weight=blk.15.attn_output.weight type=q4_K M=1 K=2048 N=2048 path=w8a8_m1
ROCKNPU GGML TRACE ffn_pair first=blk.15.ffn_gate.weight second=blk.15.ffn_up.weight M=1 K=2048 N=5632+5632 kinds=4/4 path=m1_pair
ROCKNPU GGML TRACE mul_mat weight=blk.15.ffn_down.weight type=q6_K M=1 K=5632 N=2048 path=w8a8_m1
ROCKNPU GGML TRACE qkv_triple layer=16 K=2048 N=2048+256+256 kinds=4/4/4
ROCKNPU GGML TRACE qkv_stash layer=16 first=blk.16.attn_v.weight second=blk.16.attn_k.weight
ROCKNPU GGML TRACE mul_mat weight=blk.16.attn_output.weight type=q4_K M=1 K=2048 N=2048 path=w8a8_m1
ROCKNPU GGML TRACE ffn_pair first=blk.16.ffn_gate.weight second=blk.16.ffn_up.weight M=1 K=2048 N=5632+5632 kinds=4/4 path=m1_pair
ROCKNPU GGML TRACE mul_mat weight=blk.16.ffn_down.weight type=q4_K M=1 K=5632 N=2048 path=w8a8_m1
ROCKNPU GGML TRACE qkv_triple layer=17 K=2048 N=2048+256+256 kinds=4/4/4
ROCKNPU GGML TRACE qkv_stash layer=17 first=blk.17.attn_v.weight second=blk.17.attn_k.weight
ROCKNPU GGML TRACE mul_mat weight=blk.17.attn_output.weight type=q4_K M=1 K=2048 N=2048 path=w8a8_m1
ROCKNPU GGML TRACE ffn_pair first=blk.17.ffn_gate.weight second=blk.17.ffn_up.weight M=1 K=2048 N=5632+5632 kinds=4/4 path=m1_pair
ROCKNPU GGML TRACE mul_mat weight=blk.17.ffn_down.weight type=q4_K M=1 K=5632 N=2048 path=w8a8_m1
ROCKNPU GGML TRACE qkv_triple layer=18 K=2048 N=2048+256+256 kinds=4/6/4
ROCKNPU GGML TRACE qkv_stash layer=18 first=blk.18.attn_v.weight second=blk.18.attn_k.weight
ROCKNPU GGML TRACE mul_mat weight=blk.18.attn_output.weight type=q4_K M=1 K=2048 N=2048 path=w8a8_m1
ROCKNPU GGML TRACE ffn_pair first=blk.18.ffn_gate.weight second=blk.18.ffn_up.weight M=1 K=2048 N=5632+5632 kinds=4/4 path=m1_pair
ROCKNPU GGML TRACE mul_mat weight=blk.18.ffn_down.weight type=q6_K M=1 K=5632 N=2048 path=w8a8_m1
ROCKNPU GGML TRACE qkv_triple layer=19 K=2048 N=2048+256+256 kinds=4/4/4
ROCKNPU GGML TRACE qkv_stash layer=19 first=blk.19.attn_v.weight second=blk.19.attn_k.weight
ROCKNPU GGML TRACE mul_mat weight=blk.19.attn_output.weight type=q4_K M=1 K=2048 N=2048 path=w8a8_m1
ROCKNPU GGML TRACE ffn_pair first=blk.19.ffn_gate.weight second=blk.19.ffn_up.weight M=1 K=2048 N=5632+5632 kinds=4/4 path=m1_pair
ROCKNPU GGML TRACE mul_mat weight=blk.19.ffn_down.weight type=q4_K M=1 K=5632 N=2048 path=w8a8_m1
ROCKNPU GGML TRACE qkv_triple layer=20 K=2048 N=2048+256+256 kinds=4/6/4
ROCKNPU GGML TRACE qkv_stash layer=20 first=blk.20.attn_v.weight second=blk.20.attn_k.weight
ROCKNPU GGML TRACE mul_mat weight=blk.20.attn_output.weight type=q4_K M=1 K=2048 N=2048 path=w8a8_m1
ROCKNPU GGML TRACE ffn_pair first=blk.20.ffn_gate.weight second=blk.20.ffn_up.weight M=1 K=2048 N=5632+5632 kinds=4/4 path=m1_pair
ROCKNPU GGML TRACE mul_mat weight=blk.20.ffn_down.weight type=q6_K M=1 K=5632 N=2048 path=w8a8_m1
ROCKNPU GGML TRACE qkv_triple layer=21 K=2048 N=2048+256+256 kinds=4/4/4
ROCKNPU GGML TRACE qkv_stash layer=21 first=blk.21.attn_v.weight second=blk.21.attn_k.weight
ROCKNPU GGML TRACE mul_mat weight=blk.21.attn_output.weight type=q4_K M=1 K=2048 N=2048 path=w8a8_m1
ROCKNPU GGML TRACE ffn_pair first=blk.21.ffn_gate.weight second=blk.21.ffn_up.weight M=1 K=2048 N=5632+5632 kinds=4/4 path=m1_pair
ROCKNPU GGML TRACE mul_mat weight=blk.21.ffn_down.weight type=q4_K M=1 K=5632 N=2048 path=w8a8_m1
ROCKNPU GGML TRACE qkv_triple layer=0 K=2048 N=2048+256+256 kinds=4/6/4
ROCKNPU GGML TRACE qkv_stash layer=0 first=blk.0.attn_v.weight second=blk.0.attn_k.weight
ROCKNPU GGML TRACE mul_mat weight=blk.0.attn_output.weight type=q4_K M=1 K=2048 N=2048 path=w8a8_m1
ROCKNPU GGML TRACE ffn_pair first=blk.0.ffn_gate.weight second=blk.0.ffn_up.weight M=1 K=2048 N=5632+5632 kinds=4/4 path=m1_pair
ROCKNPU GGML TRACE mul_mat weight=blk.0.ffn_down.weight type=q6_K M=1 K=5632 N=2048 path=w8a8_m1
ROCKNPU GGML TRACE qkv_triple layer=1 K=2048 N=2048+256+256 kinds=4/6/4
ROCKNPU GGML TRACE qkv_stash layer=1 first=blk.1.attn_v.weight second=blk.1.attn_k.weight
ROCKNPU GGML TRACE mul_mat weight=blk.1.attn_output.weight type=q4_K M=1 K=2048 N=2048 path=w8a8_m1
ROCKNPU GGML TRACE ffn_pair first=blk.1.ffn_gate.weight second=blk.1.ffn_up.weight M=1 K=2048 N=5632+5632 kinds=4/4 path=m1_pair
ROCKNPU GGML TRACE mul_mat weight=blk.1.ffn_down.weight type=q6_K M=1 K=5632 N=2048 path=w8a8_m1
ROCKNPU GGML TRACE qkv_triple layer=2 K=2048 N=2048+256+256 kinds=4/4/4
ROCKNPU GGML TRACE qkv_stash layer=2 first=blk.2.attn_v.weight second=blk.2.attn_k.weight
ROCKNPU GGML TRACE mul_mat weight=blk.2.attn_output.weight type=q4_K M=1 K=2048 N=2048 path=w8a8_m1
ROCKNPU GGML TRACE ffn_pair first=blk.2.ffn_gate.weight second=blk.2.ffn_up.weight M=1 K=2048 N=5632+5632 kinds=4/4 path=m1_pair
ROCKNPU GGML TRACE mul_mat weight=blk.2.ffn_down.weight type=q4_K M=1 K=5632 N=2048 path=w8a8_m1
ROCKNPU GGML TRACE qkv_triple layer=3 K=2048 N=2048+256+256 kinds=4/4/4
ROCKNPU GGML TRACE qkv_stash layer=3 first=blk.3.attn_v.weight second=blk.3.attn_k.weight
ROCKNPU GGML TRACE mul_mat weight=blk.3.attn_output.weight type=q4_K M=1 K=2048 N=2048 path=w8a8_m1
ROCKNPU GGML TRACE ffn_pair first=blk.3.ffn_gate.weight second=blk.3.ffn_up.weight M=1 K=2048 N=5632+5632 kinds=4/4 path=m1_pair
ROCKNPU GGML TRACE mul_mat weight=blk.3.ffn_down.weight type=q4_K M=1 K=5632 N=2048 path=w8a8_m1
ROCKNPU GGML TRACE qkv_triple layer=4 K=2048 N=2048+256+256 kinds=4/6/4
ROCKNPU GGML TRACE qkv_stash layer=4 first=blk.4.attn_v.weight second=blk.4.attn_k.weight
ROCKNPU GGML TRACE mul_mat weight=blk.4.attn_output.weight type=q4_K M=1 K=2048 N=2048 path=w8a8_m1
ROCKNPU GGML TRACE ffn_pair first=blk.4.ffn_gate.weight second=blk.4.ffn_up.weight M=1 K=2048 N=5632+5632 kinds=4/4 path=m1_pair
ROCKNPU GGML TRACE mul_mat weight=blk.4.ffn_down.weight type=q6_K M=1 K=5632 N=2048 path=w8a8_m1
ROCKNPU GGML TRACE qkv_triple layer=5 K=2048 N=2048+256+256 kinds=4/4/4
ROCKNPU GGML TRACE qkv_stash layer=5 first=blk.5.attn_v.weight second=blk.5.attn_k.weight
ROCKNPU GGML TRACE mul_mat weight=blk.5.attn_output.weight type=q4_K M=1 K=2048 N=2048 path=w8a8_m1
ROCKNPU GGML TRACE ffn_pair first=blk.5.ffn_gate.weight second=blk.5.ffn_up.weight M=1 K=2048 N=5632+5632 kinds=4/4 path=m1_pair
ROCKNPU GGML TRACE mul_mat weight=blk.5.ffn_down.weight type=q4_K M=1 K=5632 N=2048 path=w8a8_m1
ROCKNPU GGML TRACE qkv_triple layer=6 K=2048 N=2048+256+256 kinds=4/4/4
ROCKNPU GGML TRACE qkv_stash layer=6 first=blk.6.attn_v.weight second=blk.6.attn_k.weight
ROCKNPU GGML TRACE mul_mat weight=blk.6.attn_output.weight type=q4_K M=1 K=2048 N=2048 path=w8a8_m1
ROCKNPU GGML TRACE ffn_pair first=blk.6.ffn_gate.weight second=blk.6.ffn_up.weight M=1 K=2048 N=5632+5632 kinds=4/4 path=m1_pair
ROCKNPU GGML TRACE mul_mat weight=blk.6.ffn_down.weight type=q4_K M=1 K=5632 N=2048 path=w8a8_m1
ROCKNPU GGML TRACE qkv_triple layer=7 K=2048 N=2048+256+256 kinds=4/6/4
ROCKNPU GGML TRACE qkv_stash layer=7 first=blk.7.attn_v.weight second=blk.7.attn_k.weight
ROCKNPU GGML TRACE mul_mat weight=blk.7.attn_output.weight type=q4_K M=1 K=2048 N=2048 path=w8a8_m1
ROCKNPU GGML TRACE ffn_pair first=blk.7.ffn_gate.weight second=blk.7.ffn_up.weight M=1 K=2048 N=5632+5632 kinds=4/4 path=m1_pair
ROCKNPU GGML TRACE mul_mat weight=blk.7.ffn_down.weight type=q6_K M=1 K=5632 N=2048 path=w8a8_m1
ROCKNPU GGML TRACE qkv_triple layer=8 K=2048 N=2048+256+256 kinds=4/6/4
ROCKNPU GGML TRACE qkv_stash layer=8 first=blk.8.attn_v.weight second=blk.8.attn_k.weight
ROCKNPU GGML TRACE mul_mat weight=blk.8.attn_output.weight type=q4_K M=1 K=2048 N=2048 path=w8a8_m1
ROCKNPU GGML TRACE ffn_pair first=blk.8.ffn_gate.weight second=blk.8.ffn_up.weight M=1 K=2048 N=5632+5632 kinds=4/4 path=m1_pair
ROCKNPU GGML TRACE mul_mat weight=blk.8.ffn_down.weight type=q6_K M=1 K=5632 N=2048 path=w8a8_m1
ROCKNPU GGML TRACE qkv_triple layer=9 K=2048 N=2048+256+256 kinds=4/6/4
ROCKNPU GGML TRACE qkv_stash layer=9 first=blk.9.attn_v.weight second=blk.9.attn_k.weight
ROCKNPU GGML TRACE mul_mat weight=blk.9.attn_output.weight type=q4_K M=1 K=2048 N=2048 path=w8a8_m1
ROCKNPU GGML TRACE ffn_pair first=blk.9.ffn_gate.weight second=blk.9.ffn_up.weight M=1 K=2048 N=5632+5632 kinds=4/4 path=m1_pair
ROCKNPU GGML TRACE mul_mat weight=blk.9.ffn_down.weight type=q6_K M=1 K=5632 N=2048 path=w8a8_m1
ROCKNPU GGML TRACE qkv_triple layer=10 K=2048 N=2048+256+256 kinds=4/4/4
ROCKNPU GGML TRACE qkv_stash layer=10 first=blk.10.attn_v.weight second=blk.10.attn_k.weight
ROCKNPU GGML TRACE mul_mat weight=blk.10.attn_output.weight type=q4_K M=1 K=2048 N=2048 path=w8a8_m1
ROCKNPU GGML TRACE ffn_pair first=blk.10.ffn_gate.weight second=blk.10.ffn_up.weight M=1 K=2048 N=5632+5632 kinds=4/4 path=m1_pair
ROCKNPU GGML TRACE mul_mat weight=blk.10.ffn_down.weight type=q4_K M=1 K=5632 N=2048 path=w8a8_m1
ROCKNPU GGML TRACE qkv_triple layer=11 K=2048 N=2048+256+256 kinds=4/4/4
ROCKNPU GGML TRACE qkv_stash layer=11 first=blk.11.attn_v.weight second=blk.11.attn_k.weight
ROCKNPU GGML TRACE mul_mat weight=blk.11.attn_output.weight type=q4_K M=1 K=2048 N=2048 path=w8a8_m1
ROCKNPU GGML TRACE ffn_pair first=blk.11.ffn_gate.weight second=blk.11.ffn_up.weight M=1 K=2048 N=5632+5632 kinds=4/4 path=m1_pair
ROCKNPU GGML TRACE mul_mat weight=blk.11.ffn_down.weight type=q4_K M=1 K=5632 N=2048 path=w8a8_m1
ROCKNPU GGML TRACE qkv_triple layer=12 K=2048 N=2048+256+256 kinds=4/6/4
ROCKNPU GGML TRACE qkv_stash layer=12 first=blk.12.attn_v.weight second=blk.12.attn_k.weight
ROCKNPU GGML TRACE mul_mat weight=blk.12.attn_output.weight type=q4_K M=1 K=2048 N=2048 path=w8a8_m1
ROCKNPU GGML TRACE ffn_pair first=blk.12.ffn_gate.weight second=blk.12.ffn_up.weight M=1 K=2048 N=5632+5632 kinds=4/4 path=m1_pair
ROCKNPU GGML TRACE mul_mat weight=blk.12.ffn_down.weight type=q6_K M=1 K=5632 N=2048 path=w8a8_m1
ROCKNPU GGML TRACE qkv_triple layer=13 K=2048 N=2048+256+256 kinds=4/4/4
ROCKNPU GGML TRACE qkv_stash layer=13 first=blk.13.attn_v.weight second=blk.13.attn_k.weight
ROCKNPU GGML TRACE mul_mat weight=blk.13.attn_output.weight type=q4_K M=1 K=2048 N=2048 path=w8a8_m1
ROCKNPU GGML TRACE ffn_pair first=blk.13.ffn_gate.weight second=blk.13.ffn_up.weight M=1 K=2048 N=5632+5632 kinds=4/4 path=m1_pair
ROCKNPU GGML TRACE mul_mat weight=blk.13.ffn_down.weight type=q4_K M=1 K=5632 N=2048 path=w8a8_m1
ROCKNPU GGML TRACE qkv_triple layer=14 K=2048 N=2048+256+256 kinds=4/4/4
ROCKNPU GGML TRACE qkv_stash layer=14 first=blk.14.attn_v.weight second=blk.14.attn_k.weight
ROCKNPU GGML TRACE mul_mat weight=blk.14.attn_output.weight type=q4_K M=1 K=2048 N=2048 path=w8a8_m1
ROCKNPU GGML TRACE ffn_pair first=blk.14.ffn_gate.weight second=blk.14.ffn_up.weight M=1 K=2048 N=5632+5632 kinds=4/4 path=m1_pair
ROCKNPU GGML TRACE mul_mat weight=blk.14.ffn_down.weight type=q4_K M=1 K=5632 N=2048 path=w8a8_m1
ROCKNPU GGML TRACE qkv_triple layer=15 K=2048 N=2048+256+256 kinds=4/6/4
ROCKNPU GGML TRACE qkv_stash layer=15 first=blk.15.attn_v.weight second=blk.15.attn_k.weight
ROCKNPU GGML TRACE mul_mat weight=blk.15.attn_output.weight type=q4_K M=1 K=2048 N=2048 path=w8a8_m1
ROCKNPU GGML TRACE ffn_pair first=blk.15.ffn_gate.weight second=blk.15.ffn_up.weight M=1 K=2048 N=5632+5632 kinds=4/4 path=m1_pair
ROCKNPU GGML TRACE mul_mat weight=blk.15.ffn_down.weight type=q6_K M=1 K=5632 N=2048 path=w8a8_m1
ROCKNPU GGML TRACE qkv_triple layer=16 K=2048 N=2048+256+256 kinds=4/4/4
ROCKNPU GGML TRACE qkv_stash layer=16 first=blk.16.attn_v.weight second=blk.16.attn_k.weight
ROCKNPU GGML TRACE mul_mat weight=blk.16.attn_output.weight type=q4_K M=1 K=2048 N=2048 path=w8a8_m1
ROCKNPU GGML TRACE ffn_pair first=blk.16.ffn_gate.weight second=blk.16.ffn_up.weight M=1 K=2048 N=5632+5632 kinds=4/4 path=m1_pair
ROCKNPU GGML TRACE mul_mat weight=blk.16.ffn_down.weight type=q4_K M=1 K=5632 N=2048 path=w8a8_m1
ROCKNPU GGML TRACE qkv_triple layer=17 K=2048 N=2048+256+256 kinds=4/4/4
ROCKNPU GGML TRACE qkv_stash layer=17 first=blk.17.attn_v.weight second=blk.17.attn_k.weight
ROCKNPU GGML TRACE mul_mat weight=blk.17.attn_output.weight type=q4_K M=1 K=2048 N=2048 path=w8a8_m1
ROCKNPU GGML TRACE ffn_pair first=blk.17.ffn_gate.weight second=blk.17.ffn_up.weight M=1 K=2048 N=5632+5632 kinds=4/4 path=m1_pair
ROCKNPU GGML TRACE mul_mat weight=blk.17.ffn_down.weight type=q4_K M=1 K=5632 N=2048 path=w8a8_m1
ROCKNPU GGML TRACE qkv_triple layer=18 K=2048 N=2048+256+256 kinds=4/6/4
ROCKNPU GGML TRACE qkv_stash layer=18 first=blk.18.attn_v.weight second=blk.18.attn_k.weight
ROCKNPU GGML TRACE mul_mat weight=blk.18.attn_output.weight type=q4_K M=1 K=2048 N=2048 path=w8a8_m1
ROCKNPU GGML TRACE ffn_pair first=blk.18.ffn_gate.weight second=blk.18.ffn_up.weight M=1 K=2048 N=5632+5632 kinds=4/4 path=m1_pair
ROCKNPU GGML TRACE mul_mat weight=blk.18.ffn_down.weight type=q6_K M=1 K=5632 N=2048 path=w8a8_m1
ROCKNPU GGML TRACE qkv_triple layer=19 K=2048 N=2048+256+256 kinds=4/4/4
ROCKNPU GGML TRACE qkv_stash layer=19 first=blk.19.attn_v.weight second=blk.19.attn_k.weight
ROCKNPU GGML TRACE mul_mat weight=blk.19.attn_output.weight type=q4_K M=1 K=2048 N=2048 path=w8a8_m1
ROCKNPU GGML TRACE ffn_pair first=blk.19.ffn_gate.weight second=blk.19.ffn_up.weight M=1 K=2048 N=5632+5632 kinds=4/4 path=m1_pair
ROCKNPU GGML TRACE mul_mat weight=blk.19.ffn_down.weight type=q4_K M=1 K=5632 N=2048 path=w8a8_m1
ROCKNPU GGML TRACE qkv_triple layer=20 K=2048 N=2048+256+256 kinds=4/6/4
ROCKNPU GGML TRACE qkv_stash layer=20 first=blk.20.attn_v.weight second=blk.20.attn_k.weight
ROCKNPU GGML TRACE mul_mat weight=blk.20.attn_output.weight type=q4_K M=1 K=2048 N=2048 path=w8a8_m1
ROCKNPU GGML TRACE ffn_pair first=blk.20.ffn_gate.weight second=blk.20.ffn_up.weight M=1 K=2048 N=5632+5632 kinds=4/4 path=m1_pair
ROCKNPU GGML TRACE mul_mat weight=blk.20.ffn_down.weight type=q6_K M=1 K=5632 N=2048 path=w8a8_m1
ROCKNPU GGML TRACE qkv_triple layer=21 K=2048 N=2048+256+256 kinds=4/4/4
ROCKNPU GGML TRACE qkv_stash layer=21 first=blk.21.attn_v.weight second=blk.21.attn_k.weight
ROCKNPU GGML TRACE mul_mat weight=blk.21.attn_output.weight type=q4_K M=1 K=2048 N=2048 path=w8a8_m1
ROCKNPU GGML TRACE ffn_pair first=blk.21.ffn_gate.weight second=blk.21.ffn_up.weight M=1 K=2048 N=5632+5632 kinds=4/4 path=m1_pair
ROCKNPU GGML TRACE mul_mat weight=blk.21.ffn_down.weight type=q4_K M=1 K=5632 N=2048 path=w8a8_m1
ROCKNPU GGML TRACE qkv_triple layer=0 K=2048 N=2048+256+256 kinds=4/6/4
ROCKNPU GGML TRACE qkv_stash layer=0 first=blk.0.attn_v.weight second=blk.0.attn_k.weight
ROCKNPU GGML TRACE mul_mat weight=blk.0.attn_output.weight type=q4_K M=1 K=2048 N=2048 path=w8a8_m1
ROCKNPU GGML TRACE ffn_pair first=blk.0.ffn_gate.weight second=blk.0.ffn_up.weight M=1 K=2048 N=5632+5632 kinds=4/4 path=m1_pair
ROCKNPU GGML TRACE mul_mat weight=blk.0.ffn_down.weight type=q6_K M=1 K=5632 N=2048 path=w8a8_m1
ROCKNPU GGML TRACE qkv_triple layer=1 K=2048 N=2048+256+256 kinds=4/6/4
ROCKNPU GGML TRACE qkv_stash layer=1 first=blk.1.attn_v.weight second=blk.1.attn_k.weight
ROCKNPU GGML TRACE mul_mat weight=blk.1.attn_output.weight type=q4_K M=1 K=2048 N=2048 path=w8a8_m1
ROCKNPU GGML TRACE ffn_pair first=blk.1.ffn_gate.weight second=blk.1.ffn_up.weight M=1 K=2048 N=5632+5632 kinds=4/4 path=m1_pair
ROCKNPU GGML TRACE mul_mat weight=blk.1.ffn_down.weight type=q6_K M=1 K=5632 N=2048 path=w8a8_m1
ROCKNPU GGML TRACE qkv_triple layer=2 K=2048 N=2048+256+256 kinds=4/4/4
ROCKNPU GGML TRACE qkv_stash layer=2 first=blk.2.attn_v.weight second=blk.2.attn_k.weight
ROCKNPU GGML TRACE mul_mat weight=blk.2.attn_output.weight type=q4_K M=1 K=2048 N=2048 path=w8a8_m1
ROCKNPU GGML TRACE ffn_pair first=blk.2.ffn_gate.weight second=blk.2.ffn_up.weight M=1 K=2048 N=5632+5632 kinds=4/4 path=m1_pair
ROCKNPU GGML TRACE mul_mat weight=blk.2.ffn_down.weight type=q4_K M=1 K=5632 N=2048 path=w8a8_m1
ROCKNPU GGML TRACE qkv_triple layer=3 K=2048 N=2048+256+256 kinds=4/4/4
ROCKNPU GGML TRACE qkv_stash layer=3 first=blk.3.attn_v.weight second=blk.3.attn_k.weight
ROCKNPU GGML TRACE mul_mat weight=blk.3.attn_output.weight type=q4_K M=1 K=2048 N=2048 path=w8a8_m1
ROCKNPU GGML TRACE ffn_pair first=blk.3.ffn_gate.weight second=blk.3.ffn_up.weight M=1 K=2048 N=5632+5632 kinds=4/4 path=m1_pair
ROCKNPU GGML TRACE mul_mat weight=blk.3.ffn_down.weight type=q4_K M=1 K=5632 N=2048 path=w8a8_m1
ROCKNPU GGML TRACE qkv_triple layer=4 K=2048 N=2048+256+256 kinds=4/6/4
ROCKNPU GGML TRACE qkv_stash layer=4 first=blk.4.attn_v.weight second=blk.4.attn_k.weight
ROCKNPU GGML TRACE mul_mat weight=blk.4.attn_output.weight type=q4_K M=1 K=2048 N=2048 path=w8a8_m1
ROCKNPU GGML TRACE ffn_pair first=blk.4.ffn_gate.weight second=blk.4.ffn_up.weight M=1 K=2048 N=5632+5632 kinds=4/4 path=m1_pair
ROCKNPU GGML TRACE mul_mat weight=blk.4.ffn_down.weight type=q6_K M=1 K=5632 N=2048 path=w8a8_m1
ROCKNPU GGML TRACE qkv_triple layer=5 K=2048 N=2048+256+256 kinds=4/4/4
ROCKNPU GGML TRACE qkv_stash layer=5 first=blk.5.attn_v.weight second=blk.5.attn_k.weight
ROCKNPU GGML TRACE mul_mat weight=blk.5.attn_output.weight type=q4_K M=1 K=2048 N=2048 path=w8a8_m1
ROCKNPU GGML TRACE ffn_pair first=blk.5.ffn_gate.weight second=blk.5.ffn_up.weight M=1 K=2048 N=5632+5632 kinds=4/4 path=m1_pair
ROCKNPU GGML TRACE mul_mat weight=blk.5.ffn_down.weight type=q4_K M=1 K=5632 N=2048 path=w8a8_m1
ROCKNPU GGML TRACE qkv_triple layer=6 K=2048 N=2048+256+256 kinds=4/4/4
ROCKNPU GGML TRACE qkv_stash layer=6 first=blk.6.attn_v.weight second=blk.6.attn_k.weight
ROCKNPU GGML TRACE mul_mat weight=blk.6.attn_output.weight type=q4_K M=1 K=2048 N=2048 path=w8a8_m1
ROCKNPU GGML TRACE ffn_pair first=blk.6.ffn_gate.weight second=blk.6.ffn_up.weight M=1 K=2048 N=5632+5632 kinds=4/4 path=m1_pair
ROCKNPU GGML TRACE mul_mat weight=blk.6.ffn_down.weight type=q4_K M=1 K=5632 N=2048 path=w8a8_m1
ROCKNPU GGML TRACE qkv_triple layer=7 K=2048 N=2048+256+256 kinds=4/6/4
ROCKNPU GGML TRACE qkv_stash layer=7 first=blk.7.attn_v.weight second=blk.7.attn_k.weight
ROCKNPU GGML TRACE mul_mat weight=blk.7.attn_output.weight type=q4_K M=1 K=2048 N=2048 path=w8a8_m1
ROCKNPU GGML TRACE ffn_pair first=blk.7.ffn_gate.weight second=blk.7.ffn_up.weight M=1 K=2048 N=5632+5632 kinds=4/4 path=m1_pair
ROCKNPU GGML TRACE mul_mat weight=blk.7.ffn_down.weight type=q6_K M=1 K=5632 N=2048 path=w8a8_m1
ROCKNPU GGML TRACE qkv_triple layer=8 K=2048 N=2048+256+256 kinds=4/6/4
ROCKNPU GGML TRACE qkv_stash layer=8 first=blk.8.attn_v.weight second=blk.8.attn_k.weight
ROCKNPU GGML TRACE mul_mat weight=blk.8.attn_output.weight type=q4_K M=1 K=2048 N=2048 path=w8a8_m1
ROCKNPU GGML TRACE ffn_pair first=blk.8.ffn_gate.weight second=blk.8.ffn_up.weight M=1 K=2048 N=5632+5632 kinds=4/4 path=m1_pair
ROCKNPU GGML TRACE mul_mat weight=blk.8.ffn_down.weight type=q6_K M=1 K=5632 N=2048 path=w8a8_m1
ROCKNPU GGML TRACE qkv_triple layer=9 K=2048 N=2048+256+256 kinds=4/6/4
ROCKNPU GGML TRACE qkv_stash layer=9 first=blk.9.attn_v.weight second=blk.9.attn_k.weight
ROCKNPU GGML TRACE mul_mat weight=blk.9.attn_output.weight type=q4_K M=1 K=2048 N=2048 path=w8a8_m1
ROCKNPU GGML TRACE ffn_pair first=blk.9.ffn_gate.weight second=blk.9.ffn_up.weight M=1 K=2048 N=5632+5632 kinds=4/4 path=m1_pair
ROCKNPU GGML TRACE mul_mat weight=blk.9.ffn_down.weight type=q6_K M=1 K=5632 N=2048 path=w8a8_m1
ROCKNPU GGML TRACE qkv_triple layer=10 K=2048 N=2048+256+256 kinds=4/4/4
ROCKNPU GGML TRACE qkv_stash layer=10 first=blk.10.attn_v.weight second=blk.10.attn_k.weight
ROCKNPU GGML TRACE mul_mat weight=blk.10.attn_output.weight type=q4_K M=1 K=2048 N=2048 path=w8a8_m1
ROCKNPU GGML TRACE ffn_pair first=blk.10.ffn_gate.weight second=blk.10.ffn_up.weight M=1 K=2048 N=5632+5632 kinds=4/4 path=m1_pair
ROCKNPU GGML TRACE mul_mat weight=blk.10.ffn_down.weight type=q4_K M=1 K=5632 N=2048 path=w8a8_m1
ROCKNPU GGML TRACE qkv_triple layer=11 K=2048 N=2048+256+256 kinds=4/4/4
ROCKNPU GGML TRACE qkv_stash layer=11 first=blk.11.attn_v.weight second=blk.11.attn_k.weight
ROCKNPU GGML TRACE mul_mat weight=blk.11.attn_output.weight type=q4_K M=1 K=2048 N=2048 path=w8a8_m1
ROCKNPU GGML TRACE ffn_pair first=blk.11.ffn_gate.weight second=blk.11.ffn_up.weight M=1 K=2048 N=5632+5632 kinds=4/4 path=m1_pair
ROCKNPU GGML TRACE mul_mat weight=blk.11.ffn_down.weight type=q4_K M=1 K=5632 N=2048 path=w8a8_m1
ROCKNPU GGML TRACE qkv_triple layer=12 K=2048 N=2048+256+256 kinds=4/6/4
ROCKNPU GGML TRACE qkv_stash layer=12 first=blk.12.attn_v.weight second=blk.12.attn_k.weight
ROCKNPU GGML TRACE mul_mat weight=blk.12.attn_output.weight type=q4_K M=1 K=2048 N=2048 path=w8a8_m1
ROCKNPU GGML TRACE ffn_pair first=blk.12.ffn_gate.weight second=blk.12.ffn_up.weight M=1 K=2048 N=5632+5632 kinds=4/4 path=m1_pair
ROCKNPU GGML TRACE mul_mat weight=blk.12.ffn_down.weight type=q6_K M=1 K=5632 N=2048 path=w8a8_m1
ROCKNPU GGML TRACE qkv_triple layer=13 K=2048 N=2048+256+256 kinds=4/4/4
ROCKNPU GGML TRACE qkv_stash layer=13 first=blk.13.attn_v.weight second=blk.13.attn_k.weight
ROCKNPU GGML TRACE mul_mat weight=blk.13.attn_output.weight type=q4_K M=1 K=2048 N=2048 path=w8a8_m1
ROCKNPU GGML TRACE ffn_pair first=blk.13.ffn_gate.weight second=blk.13.ffn_up.weight M=1 K=2048 N=5632+5632 kinds=4/4 path=m1_pair
ROCKNPU GGML TRACE mul_mat weight=blk.13.ffn_down.weight type=q4_K M=1 K=5632 N=2048 path=w8a8_m1
ROCKNPU GGML TRACE qkv_triple layer=14 K=2048 N=2048+256+256 kinds=4/4/4
ROCKNPU GGML TRACE qkv_stash layer=14 first=blk.14.attn_v.weight second=blk.14.attn_k.weight
ROCKNPU GGML TRACE mul_mat weight=blk.14.attn_output.weight type=q4_K M=1 K=2048 N=2048 path=w8a8_m1
ROCKNPU GGML TRACE ffn_pair first=blk.14.ffn_gate.weight second=blk.14.ffn_up.weight M=1 K=2048 N=5632+5632 kinds=4/4 path=m1_pair
ROCKNPU GGML TRACE mul_mat weight=blk.14.ffn_down.weight type=q4_K M=1 K=5632 N=2048 path=w8a8_m1
ROCKNPU GGML TRACE qkv_triple layer=15 K=2048 N=2048+256+256 kinds=4/6/4
ROCKNPU GGML TRACE qkv_stash layer=15 first=blk.15.attn_v.weight second=blk.15.attn_k.weight
ROCKNPU GGML TRACE mul_mat weight=blk.15.attn_output.weight type=q4_K M=1 K=2048 N=2048 path=w8a8_m1
ROCKNPU GGML TRACE ffn_pair first=blk.15.ffn_gate.weight second=blk.15.ffn_up.weight M=1 K=2048 N=5632+5632 kinds=4/4 path=m1_pair
ROCKNPU GGML TRACE mul_mat weight=blk.15.ffn_down.weight type=q6_K M=1 K=5632 N=2048 path=w8a8_m1
ROCKNPU GGML TRACE qkv_triple layer=16 K=2048 N=2048+256+256 kinds=4/4/4
ROCKNPU GGML TRACE qkv_stash layer=16 first=blk.16.attn_v.weight second=blk.16.attn_k.weight
ROCKNPU GGML TRACE mul_mat weight=blk.16.attn_output.weight type=q4_K M=1 K=2048 N=2048 path=w8a8_m1
ROCKNPU GGML TRACE ffn_pair first=blk.16.ffn_gate.weight second=blk.16.ffn_up.weight M=1 K=2048 N=5632+5632 kinds=4/4 path=m1_pair
ROCKNPU GGML TRACE mul_mat weight=blk.16.ffn_down.weight type=q4_K M=1 K=5632 N=2048 path=w8a8_m1
ROCKNPU GGML TRACE qkv_triple layer=17 K=2048 N=2048+256+256 kinds=4/4/4
ROCKNPU GGML TRACE qkv_stash layer=17 first=blk.17.attn_v.weight second=blk.17.attn_k.weight
ROCKNPU GGML TRACE mul_mat weight=blk.17.attn_output.weight type=q4_K M=1 K=2048 N=2048 path=w8a8_m1
ROCKNPU GGML TRACE ffn_pair first=blk.17.ffn_gate.weight second=blk.17.ffn_up.weight M=1 K=2048 N=5632+5632 kinds=4/4 path=m1_pair
ROCKNPU GGML TRACE mul_mat weight=blk.17.ffn_down.weight type=q4_K M=1 K=5632 N=2048 path=w8a8_m1
ROCKNPU GGML TRACE qkv_triple layer=18 K=2048 N=2048+256+256 kinds=4/6/4
ROCKNPU GGML TRACE qkv_stash layer=18 first=blk.18.attn_v.weight second=blk.18.attn_k.weight
ROCKNPU GGML TRACE mul_mat weight=blk.18.attn_output.weight type=q4_K M=1 K=2048 N=2048 path=w8a8_m1
ROCKNPU GGML TRACE ffn_pair first=blk.18.ffn_gate.weight second=blk.18.ffn_up.weight M=1 K=2048 N=5632+5632 kinds=4/4 path=m1_pair
ROCKNPU GGML TRACE mul_mat weight=blk.18.ffn_down.weight type=q6_K M=1 K=5632 N=2048 path=w8a8_m1
ROCKNPU GGML TRACE qkv_triple layer=19 K=2048 N=2048+256+256 kinds=4/4/4
ROCKNPU GGML TRACE qkv_stash layer=19 first=blk.19.attn_v.weight second=blk.19.attn_k.weight
ROCKNPU GGML TRACE mul_mat weight=blk.19.attn_output.weight type=q4_K M=1 K=2048 N=2048 path=w8a8_m1
ROCKNPU GGML TRACE ffn_pair first=blk.19.ffn_gate.weight second=blk.19.ffn_up.weight M=1 K=2048 N=5632+5632 kinds=4/4 path=m1_pair
ROCKNPU GGML TRACE mul_mat weight=blk.19.ffn_down.weight type=q4_K M=1 K=5632 N=2048 path=w8a8_m1
ROCKNPU GGML TRACE qkv_triple layer=20 K=2048 N=2048+256+256 kinds=4/6/4
ROCKNPU GGML TRACE qkv_stash layer=20 first=blk.20.attn_v.weight second=blk.20.attn_k.weight
ROCKNPU GGML TRACE mul_mat weight=blk.20.attn_output.weight type=q4_K M=1 K=2048 N=2048 path=w8a8_m1
ROCKNPU GGML TRACE ffn_pair first=blk.20.ffn_gate.weight second=blk.20.ffn_up.weight M=1 K=2048 N=5632+5632 kinds=4/4 path=m1_pair
ROCKNPU GGML TRACE mul_mat weight=blk.20.ffn_down.weight type=q6_K M=1 K=5632 N=2048 path=w8a8_m1
ROCKNPU GGML TRACE qkv_triple layer=21 K=2048 N=2048+256+256 kinds=4/4/4
ROCKNPU GGML TRACE qkv_stash layer=21 first=blk.21.attn_v.weight second=blk.21.attn_k.weight
ROCKNPU GGML TRACE mul_mat weight=blk.21.attn_output.weight type=q4_K M=1 K=2048 N=2048 path=w8a8_m1
ROCKNPU GGML TRACE ffn_pair first=blk.21.ffn_gate.weight second=blk.21.ffn_up.weight M=1 K=2048 N=5632+5632 kinds=4/4 path=m1_pair
ROCKNPU GGML TRACE mul_mat weight=blk.21.ffn_down.weight type=q4_K M=1 K=5632 N=2048 path=w8a8_m1
ROCKNPU GGML TRACE qkv_triple layer=0 K=2048 N=2048+256+256 kinds=4/6/4
ROCKNPU GGML TRACE qkv_stash layer=0 first=blk.0.attn_v.weight second=blk.0.attn_k.weight
ROCKNPU GGML TRACE mul_mat weight=blk.0.attn_output.weight type=q4_K M=1 K=2048 N=2048 path=w8a8_m1
ROCKNPU GGML TRACE ffn_pair first=blk.0.ffn_gate.weight second=blk.0.ffn_up.weight M=1 K=2048 N=5632+5632 kinds=4/4 path=m1_pair
ROCKNPU GGML TRACE mul_mat weight=blk.0.ffn_down.weight type=q6_K M=1 K=5632 N=2048 path=w8a8_m1
ROCKNPU GGML TRACE qkv_triple layer=1 K=2048 N=2048+256+256 kinds=4/6/4
ROCKNPU GGML TRACE qkv_stash layer=1 first=blk.1.attn_v.weight second=blk.1.attn_k.weight
ROCKNPU GGML TRACE mul_mat weight=blk.1.attn_output.weight type=q4_K M=1 K=2048 N=2048 path=w8a8_m1
ROCKNPU GGML TRACE ffn_pair first=blk.1.ffn_gate.weight second=blk.1.ffn_up.weight M=1 K=2048 N=5632+5632 kinds=4/4 path=m1_pair
ROCKNPU GGML TRACE mul_mat weight=blk.1.ffn_down.weight type=q6_K M=1 K=5632 N=2048 path=w8a8_m1
ROCKNPU GGML TRACE qkv_triple layer=2 K=2048 N=2048+256+256 kinds=4/4/4
ROCKNPU GGML TRACE qkv_stash layer=2 first=blk.2.attn_v.weight second=blk.2.attn_k.weight
ROCKNPU GGML TRACE mul_mat weight=blk.2.attn_output.weight type=q4_K M=1 K=2048 N=2048 path=w8a8_m1
ROCKNPU GGML TRACE ffn_pair first=blk.2.ffn_gate.weight second=blk.2.ffn_up.weight M=1 K=2048 N=5632+5632 kinds=4/4 path=m1_pair
ROCKNPU GGML TRACE mul_mat weight=blk.2.ffn_down.weight type=q4_K M=1 K=5632 N=2048 path=w8a8_m1
ROCKNPU GGML TRACE qkv_triple layer=3 K=2048 N=2048+256+256 kinds=4/4/4
ROCKNPU GGML TRACE qkv_stash layer=3 first=blk.3.attn_v.weight second=blk.3.attn_k.weight
ROCKNPU GGML TRACE mul_mat weight=blk.3.attn_output.weight type=q4_K M=1 K=2048 N=2048 path=w8a8_m1
ROCKNPU GGML TRACE ffn_pair first=blk.3.ffn_gate.weight second=blk.3.ffn_up.weight M=1 K=2048 N=5632+5632 kinds=4/4 path=m1_pair
ROCKNPU GGML TRACE mul_mat weight=blk.3.ffn_down.weight type=q4_K M=1 K=5632 N=2048 path=w8a8_m1
ROCKNPU GGML TRACE qkv_triple layer=4 K=2048 N=2048+256+256 kinds=4/6/4
ROCKNPU GGML TRACE qkv_stash layer=4 first=blk.4.attn_v.weight second=blk.4.attn_k.weight
ROCKNPU GGML TRACE mul_mat weight=blk.4.attn_output.weight type=q4_K M=1 K=2048 N=2048 path=w8a8_m1
ROCKNPU GGML TRACE ffn_pair first=blk.4.ffn_gate.weight second=blk.4.ffn_up.weight M=1 K=2048 N=5632+5632 kinds=4/4 path=m1_pair
ROCKNPU GGML TRACE mul_mat weight=blk.4.ffn_down.weight type=q6_K M=1 K=5632 N=2048 path=w8a8_m1
ROCKNPU GGML TRACE qkv_triple layer=5 K=2048 N=2048+256+256 kinds=4/4/4
ROCKNPU GGML TRACE qkv_stash layer=5 first=blk.5.attn_v.weight second=blk.5.attn_k.weight
ROCKNPU GGML TRACE mul_mat weight=blk.5.attn_output.weight type=q4_K M=1 K=2048 N=2048 path=w8a8_m1
ROCKNPU GGML TRACE ffn_pair first=blk.5.ffn_gate.weight second=blk.5.ffn_up.weight M=1 K=2048 N=5632+5632 kinds=4/4 path=m1_pair
ROCKNPU GGML TRACE mul_mat weight=blk.5.ffn_down.weight type=q4_K M=1 K=5632 N=2048 path=w8a8_m1
ROCKNPU GGML TRACE qkv_triple layer=6 K=2048 N=2048+256+256 kinds=4/4/4
ROCKNPU GGML TRACE qkv_stash layer=6 first=blk.6.attn_v.weight second=blk.6.attn_k.weight
ROCKNPU GGML TRACE mul_mat weight=blk.6.attn_output.weight type=q4_K M=1 K=2048 N=2048 path=w8a8_m1
ROCKNPU GGML TRACE ffn_pair first=blk.6.ffn_gate.weight second=blk.6.ffn_up.weight M=1 K=2048 N=5632+5632 kinds=4/4 path=m1_pair
ROCKNPU GGML TRACE mul_mat weight=blk.6.ffn_down.weight type=q4_K M=1 K=5632 N=2048 path=w8a8_m1
ROCKNPU GGML TRACE qkv_triple layer=7 K=2048 N=2048+256+256 kinds=4/6/4
ROCKNPU GGML TRACE qkv_stash layer=7 first=blk.7.attn_v.weight second=blk.7.attn_k.weight
ROCKNPU GGML TRACE mul_mat weight=blk.7.attn_output.weight type=q4_K M=1 K=2048 N=2048 path=w8a8_m1
ROCKNPU GGML TRACE ffn_pair first=blk.7.ffn_gate.weight second=blk.7.ffn_up.weight M=1 K=2048 N=5632+5632 kinds=4/4 path=m1_pair
ROCKNPU GGML TRACE mul_mat weight=blk.7.ffn_down.weight type=q6_K M=1 K=5632 N=2048 path=w8a8_m1
ROCKNPU GGML TRACE qkv_triple layer=8 K=2048 N=2048+256+256 kinds=4/6/4
ROCKNPU GGML TRACE qkv_stash layer=8 first=blk.8.attn_v.weight second=blk.8.attn_k.weight
ROCKNPU GGML TRACE mul_mat weight=blk.8.attn_output.weight type=q4_K M=1 K=2048 N=2048 path=w8a8_m1
ROCKNPU GGML TRACE ffn_pair first=blk.8.ffn_gate.weight second=blk.8.ffn_up.weight M=1 K=2048 N=5632+5632 kinds=4/4 path=m1_pair
ROCKNPU GGML TRACE mul_mat weight=blk.8.ffn_down.weight type=q6_K M=1 K=5632 N=2048 path=w8a8_m1
ROCKNPU GGML TRACE qkv_triple layer=9 K=2048 N=2048+256+256 kinds=4/6/4
ROCKNPU GGML TRACE qkv_stash layer=9 first=blk.9.attn_v.weight second=blk.9.attn_k.weight
ROCKNPU GGML TRACE mul_mat weight=blk.9.attn_output.weight type=q4_K M=1 K=2048 N=2048 path=w8a8_m1
ROCKNPU GGML TRACE ffn_pair first=blk.9.ffn_gate.weight second=blk.9.ffn_up.weight M=1 K=2048 N=5632+5632 kinds=4/4 path=m1_pair
ROCKNPU GGML TRACE mul_mat weight=blk.9.ffn_down.weight type=q6_K M=1 K=5632 N=2048 path=w8a8_m1
ROCKNPU GGML TRACE qkv_triple layer=10 K=2048 N=2048+256+256 kinds=4/4/4
ROCKNPU GGML TRACE qkv_stash layer=10 first=blk.10.attn_v.weight second=blk.10.attn_k.weight
ROCKNPU GGML TRACE mul_mat weight=blk.10.attn_output.weight type=q4_K M=1 K=2048 N=2048 path=w8a8_m1
ROCKNPU GGML TRACE ffn_pair first=blk.10.ffn_gate.weight second=blk.10.ffn_up.weight M=1 K=2048 N=5632+5632 kinds=4/4 path=m1_pair
ROCKNPU GGML TRACE mul_mat weight=blk.10.ffn_down.weight type=q4_K M=1 K=5632 N=2048 path=w8a8_m1
ROCKNPU GGML TRACE qkv_triple layer=11 K=2048 N=2048+256+256 kinds=4/4/4
ROCKNPU GGML TRACE qkv_stash layer=11 first=blk.11.attn_v.weight second=blk.11.attn_k.weight
ROCKNPU GGML TRACE mul_mat weight=blk.11.attn_output.weight type=q4_K M=1 K=2048 N=2048 path=w8a8_m1
ROCKNPU GGML TRACE ffn_pair first=blk.11.ffn_gate.weight second=blk.11.ffn_up.weight M=1 K=2048 N=5632+5632 kinds=4/4 path=m1_pair
ROCKNPU GGML TRACE mul_mat weight=blk.11.ffn_down.weight type=q4_K M=1 K=5632 N=2048 path=w8a8_m1
ROCKNPU GGML TRACE qkv_triple layer=12 K=2048 N=2048+256+256 kinds=4/6/4
ROCKNPU GGML TRACE qkv_stash layer=12 first=blk.12.attn_v.weight second=blk.12.attn_k.weight
ROCKNPU GGML TRACE mul_mat weight=blk.12.attn_output.weight type=q4_K M=1 K=2048 N=2048 path=w8a8_m1
ROCKNPU GGML TRACE ffn_pair first=blk.12.ffn_gate.weight second=blk.12.ffn_up.weight M=1 K=2048 N=5632+5632 kinds=4/4 path=m1_pair
ROCKNPU GGML TRACE mul_mat weight=blk.12.ffn_down.weight type=q6_K M=1 K=5632 N=2048 path=w8a8_m1
ROCKNPU GGML TRACE qkv_triple layer=13 K=2048 N=2048+256+256 kinds=4/4/4
ROCKNPU GGML TRACE qkv_stash layer=13 first=blk.13.attn_v.weight second=blk.13.attn_k.weight
ROCKNPU GGML TRACE mul_mat weight=blk.13.attn_output.weight type=q4_K M=1 K=2048 N=2048 path=w8a8_m1
ROCKNPU GGML TRACE ffn_pair first=blk.13.ffn_gate.weight second=blk.13.ffn_up.weight M=1 K=2048 N=5632+5632 kinds=4/4 path=m1_pair
ROCKNPU GGML TRACE mul_mat weight=blk.13.ffn_down.weight type=q4_K M=1 K=5632 N=2048 path=w8a8_m1
ROCKNPU GGML TRACE qkv_triple layer=14 K=2048 N=2048+256+256 kinds=4/4/4
ROCKNPU GGML TRACE qkv_stash layer=14 first=blk.14.attn_v.weight second=blk.14.attn_k.weight
ROCKNPU GGML TRACE mul_mat weight=blk.14.attn_output.weight type=q4_K M=1 K=2048 N=2048 path=w8a8_m1
ROCKNPU GGML TRACE ffn_pair first=blk.14.ffn_gate.weight second=blk.14.ffn_up.weight M=1 K=2048 N=5632+5632 kinds=4/4 path=m1_pair
ROCKNPU GGML TRACE mul_mat weight=blk.14.ffn_down.weight type=q4_K M=1 K=5632 N=2048 path=w8a8_m1
ROCKNPU GGML TRACE qkv_triple layer=15 K=2048 N=2048+256+256 kinds=4/6/4
ROCKNPU GGML TRACE qkv_stash layer=15 first=blk.15.attn_v.weight second=blk.15.attn_k.weight
ROCKNPU GGML TRACE mul_mat weight=blk.15.attn_output.weight type=q4_K M=1 K=2048 N=2048 path=w8a8_m1
ROCKNPU GGML TRACE ffn_pair first=blk.15.ffn_gate.weight second=blk.15.ffn_up.weight M=1 K=2048 N=5632+5632 kinds=4/4 path=m1_pair
ROCKNPU GGML TRACE mul_mat weight=blk.15.ffn_down.weight type=q6_K M=1 K=5632 N=2048 path=w8a8_m1
ROCKNPU GGML TRACE qkv_triple layer=16 K=2048 N=2048+256+256 kinds=4/4/4
ROCKNPU GGML TRACE qkv_stash layer=16 first=blk.16.attn_v.weight second=blk.16.attn_k.weight
ROCKNPU GGML TRACE mul_mat weight=blk.16.attn_output.weight type=q4_K M=1 K=2048 N=2048 path=w8a8_m1
ROCKNPU GGML TRACE ffn_pair first=blk.16.ffn_gate.weight second=blk.16.ffn_up.weight M=1 K=2048 N=5632+5632 kinds=4/4 path=m1_pair
ROCKNPU GGML TRACE mul_mat weight=blk.16.ffn_down.weight type=q4_K M=1 K=5632 N=2048 path=w8a8_m1
ROCKNPU GGML TRACE qkv_triple layer=17 K=2048 N=2048+256+256 kinds=4/4/4
ROCKNPU GGML TRACE qkv_stash layer=17 first=blk.17.attn_v.weight second=blk.17.attn_k.weight
ROCKNPU GGML TRACE mul_mat weight=blk.17.attn_output.weight type=q4_K M=1 K=2048 N=2048 path=w8a8_m1
ROCKNPU GGML TRACE ffn_pair first=blk.17.ffn_gate.weight second=blk.17.ffn_up.weight M=1 K=2048 N=5632+5632 kinds=4/4 path=m1_pair
ROCKNPU GGML TRACE mul_mat weight=blk.17.ffn_down.weight type=q4_K M=1 K=5632 N=2048 path=w8a8_m1
ROCKNPU GGML TRACE qkv_triple layer=18 K=2048 N=2048+256+256 kinds=4/6/4
ROCKNPU GGML TRACE qkv_stash layer=18 first=blk.18.attn_v.weight second=blk.18.attn_k.weight
ROCKNPU GGML TRACE mul_mat weight=blk.18.attn_output.weight type=q4_K M=1 K=2048 N=2048 path=w8a8_m1
ROCKNPU GGML TRACE ffn_pair first=blk.18.ffn_gate.weight second=blk.18.ffn_up.weight M=1 K=2048 N=5632+5632 kinds=4/4 path=m1_pair
ROCKNPU GGML TRACE mul_mat weight=blk.18.ffn_down.weight type=q6_K M=1 K=5632 N=2048 path=w8a8_m1
ROCKNPU GGML TRACE qkv_triple layer=19 K=2048 N=2048+256+256 kinds=4/4/4
ROCKNPU GGML TRACE qkv_stash layer=19 first=blk.19.attn_v.weight second=blk.19.attn_k.weight
ROCKNPU GGML TRACE mul_mat weight=blk.19.attn_output.weight type=q4_K M=1 K=2048 N=2048 path=w8a8_m1
ROCKNPU GGML TRACE ffn_pair first=blk.19.ffn_gate.weight second=blk.19.ffn_up.weight M=1 K=2048 N=5632+5632 kinds=4/4 path=m1_pair
ROCKNPU GGML TRACE mul_mat weight=blk.19.ffn_down.weight type=q4_K M=1 K=5632 N=2048 path=w8a8_m1
ROCKNPU GGML TRACE qkv_triple layer=20 K=2048 N=2048+256+256 kinds=4/6/4
ROCKNPU GGML TRACE qkv_stash layer=20 first=blk.20.attn_v.weight second=blk.20.attn_k.weight
ROCKNPU GGML TRACE mul_mat weight=blk.20.attn_output.weight type=q4_K M=1 K=2048 N=2048 path=w8a8_m1
ROCKNPU GGML TRACE ffn_pair first=blk.20.ffn_gate.weight second=blk.20.ffn_up.weight M=1 K=2048 N=5632+5632 kinds=4/4 path=m1_pair
ROCKNPU GGML TRACE mul_mat weight=blk.20.ffn_down.weight type=q6_K M=1 K=5632 N=2048 path=w8a8_m1
ROCKNPU GGML TRACE qkv_triple layer=21 K=2048 N=2048+256+256 kinds=4/4/4
ROCKNPU GGML TRACE qkv_stash layer=21 first=blk.21.attn_v.weight second=blk.21.attn_k.weight
ROCKNPU GGML TRACE mul_mat weight=blk.21.attn_output.weight type=q4_K M=1 K=2048 N=2048 path=w8a8_m1
ROCKNPU GGML TRACE ffn_pair first=blk.21.ffn_gate.weight second=blk.21.ffn_up.weight M=1 K=2048 N=5632+5632 kinds=4/4 path=m1_pair
ROCKNPU GGML TRACE mul_mat weight=blk.21.ffn_down.weight type=q4_K M=1 K=5632 N=2048 path=w8a8_m1
ROCKNPU GGML TRACE qkv_triple layer=0 K=2048 N=2048+256+256 kinds=4/6/4
ROCKNPU GGML TRACE qkv_stash layer=0 first=blk.0.attn_v.weight second=blk.0.attn_k.weight
ROCKNPU GGML TRACE mul_mat weight=blk.0.attn_output.weight type=q4_K M=1 K=2048 N=2048 path=w8a8_m1
ROCKNPU GGML TRACE ffn_pair first=blk.0.ffn_gate.weight second=blk.0.ffn_up.weight M=1 K=2048 N=5632+5632 kinds=4/4 path=m1_pair
ROCKNPU GGML TRACE mul_mat weight=blk.0.ffn_down.weight type=q6_K M=1 K=5632 N=2048 path=w8a8_m1
ROCKNPU GGML TRACE qkv_triple layer=1 K=2048 N=2048+256+256 kinds=4/6/4
ROCKNPU GGML TRACE qkv_stash layer=1 first=blk.1.attn_v.weight second=blk.1.attn_k.weight
ROCKNPU GGML TRACE mul_mat weight=blk.1.attn_output.weight type=q4_K M=1 K=2048 N=2048 path=w8a8_m1
ROCKNPU GGML TRACE ffn_pair first=blk.1.ffn_gate.weight second=blk.1.ffn_up.weight M=1 K=2048 N=5632+5632 kinds=4/4 path=m1_pair
ROCKNPU GGML TRACE mul_mat weight=blk.1.ffn_down.weight type=q6_K M=1 K=5632 N=2048 path=w8a8_m1
ROCKNPU GGML TRACE qkv_triple layer=2 K=2048 N=2048+256+256 kinds=4/4/4
ROCKNPU GGML TRACE qkv_stash layer=2 first=blk.2.attn_v.weight second=blk.2.attn_k.weight
ROCKNPU GGML TRACE mul_mat weight=blk.2.attn_output.weight type=q4_K M=1 K=2048 N=2048 path=w8a8_m1
ROCKNPU GGML TRACE ffn_pair first=blk.2.ffn_gate.weight second=blk.2.ffn_up.weight M=1 K=2048 N=5632+5632 kinds=4/4 path=m1_pair
ROCKNPU GGML TRACE mul_mat weight=blk.2.ffn_down.weight type=q4_K M=1 K=5632 N=2048 path=w8a8_m1
ROCKNPU GGML TRACE qkv_triple layer=3 K=2048 N=2048+256+256 kinds=4/4/4
ROCKNPU GGML TRACE qkv_stash layer=3 first=blk.3.attn_v.weight second=blk.3.attn_k.weight
ROCKNPU GGML TRACE mul_mat weight=blk.3.attn_output.weight type=q4_K M=1 K=2048 N=2048 path=w8a8_m1
ROCKNPU GGML TRACE ffn_pair first=blk.3.ffn_gate.weight second=blk.3.ffn_up.weight M=1 K=2048 N=5632+5632 kinds=4/4 path=m1_pair
ROCKNPU GGML TRACE mul_mat weight=blk.3.ffn_down.weight type=q4_K M=1 K=5632 N=2048 path=w8a8_m1
ROCKNPU GGML TRACE qkv_triple layer=4 K=2048 N=2048+256+256 kinds=4/6/4
ROCKNPU GGML TRACE qkv_stash layer=4 first=blk.4.attn_v.weight second=blk.4.attn_k.weight
ROCKNPU GGML TRACE mul_mat weight=blk.4.attn_output.weight type=q4_K M=1 K=2048 N=2048 path=w8a8_m1
ROCKNPU GGML TRACE ffn_pair first=blk.4.ffn_gate.weight second=blk.4.ffn_up.weight M=1 K=2048 N=5632+5632 kinds=4/4 path=m1_pair
ROCKNPU GGML TRACE mul_mat weight=blk.4.ffn_down.weight type=q6_K M=1 K=5632 N=2048 path=w8a8_m1
ROCKNPU GGML TRACE qkv_triple layer=5 K=2048 N=2048+256+256 kinds=4/4/4
ROCKNPU GGML TRACE qkv_stash layer=5 first=blk.5.attn_v.weight second=blk.5.attn_k.weight
ROCKNPU GGML TRACE mul_mat weight=blk.5.attn_output.weight type=q4_K M=1 K=2048 N=2048 path=w8a8_m1
ROCKNPU GGML TRACE ffn_pair first=blk.5.ffn_gate.weight second=blk.5.ffn_up.weight M=1 K=2048 N=5632+5632 kinds=4/4 path=m1_pair
ROCKNPU GGML TRACE mul_mat weight=blk.5.ffn_down.weight type=q4_K M=1 K=5632 N=2048 path=w8a8_m1
ROCKNPU GGML TRACE qkv_triple layer=6 K=2048 N=2048+256+256 kinds=4/4/4
ROCKNPU GGML TRACE qkv_stash layer=6 first=blk.6.attn_v.weight second=blk.6.attn_k.weight
ROCKNPU GGML TRACE mul_mat weight=blk.6.attn_output.weight type=q4_K M=1 K=2048 N=2048 path=w8a8_m1
ROCKNPU GGML TRACE ffn_pair first=blk.6.ffn_gate.weight second=blk.6.ffn_up.weight M=1 K=2048 N=5632+5632 kinds=4/4 path=m1_pair
ROCKNPU GGML TRACE mul_mat weight=blk.6.ffn_down.weight type=q4_K M=1 K=5632 N=2048 path=w8a8_m1
ROCKNPU GGML TRACE qkv_triple layer=7 K=2048 N=2048+256+256 kinds=4/6/4
ROCKNPU GGML TRACE qkv_stash layer=7 first=blk.7.attn_v.weight second=blk.7.attn_k.weight
ROCKNPU GGML TRACE mul_mat weight=blk.7.attn_output.weight type=q4_K M=1 K=2048 N=2048 path=w8a8_m1
ROCKNPU GGML TRACE ffn_pair first=blk.7.ffn_gate.weight second=blk.7.ffn_up.weight M=1 K=2048 N=5632+5632 kinds=4/4 path=m1_pair
ROCKNPU GGML TRACE mul_mat weight=blk.7.ffn_down.weight type=q6_K M=1 K=5632 N=2048 path=w8a8_m1
ROCKNPU GGML TRACE qkv_triple layer=8 K=2048 N=2048+256+256 kinds=4/6/4
ROCKNPU GGML TRACE qkv_stash layer=8 first=blk.8.attn_v.weight second=blk.8.attn_k.weight
ROCKNPU GGML TRACE mul_mat weight=blk.8.attn_output.weight type=q4_K M=1 K=2048 N=2048 path=w8a8_m1
ROCKNPU GGML TRACE ffn_pair first=blk.8.ffn_gate.weight second=blk.8.ffn_up.weight M=1 K=2048 N=5632+5632 kinds=4/4 path=m1_pair
ROCKNPU GGML TRACE mul_mat weight=blk.8.ffn_down.weight type=q6_K M=1 K=5632 N=2048 path=w8a8_m1
ROCKNPU GGML TRACE qkv_triple layer=9 K=2048 N=2048+256+256 kinds=4/6/4
ROCKNPU GGML TRACE qkv_stash layer=9 first=blk.9.attn_v.weight second=blk.9.attn_k.weight
ROCKNPU GGML TRACE mul_mat weight=blk.9.attn_output.weight type=q4_K M=1 K=2048 N=2048 path=w8a8_m1
ROCKNPU GGML TRACE ffn_pair first=blk.9.ffn_gate.weight second=blk.9.ffn_up.weight M=1 K=2048 N=5632+5632 kinds=4/4 path=m1_pair
ROCKNPU GGML TRACE mul_mat weight=blk.9.ffn_down.weight type=q6_K M=1 K=5632 N=2048 path=w8a8_m1
ROCKNPU GGML TRACE qkv_triple layer=10 K=2048 N=2048+256+256 kinds=4/4/4
ROCKNPU GGML TRACE qkv_stash layer=10 first=blk.10.attn_v.weight second=blk.10.attn_k.weight
ROCKNPU GGML TRACE mul_mat weight=blk.10.attn_output.weight type=q4_K M=1 K=2048 N=2048 path=w8a8_m1
ROCKNPU GGML TRACE ffn_pair first=blk.10.ffn_gate.weight second=blk.10.ffn_up.weight M=1 K=2048 N=5632+5632 kinds=4/4 path=m1_pair
ROCKNPU GGML TRACE mul_mat weight=blk.10.ffn_down.weight type=q4_K M=1 K=5632 N=2048 path=w8a8_m1
ROCKNPU GGML TRACE qkv_triple layer=11 K=2048 N=2048+256+256 kinds=4/4/4
ROCKNPU GGML TRACE qkv_stash layer=11 first=blk.11.attn_v.weight second=blk.11.attn_k.weight
ROCKNPU GGML TRACE mul_mat weight=blk.11.attn_output.weight type=q4_K M=1 K=2048 N=2048 path=w8a8_m1
ROCKNPU GGML TRACE ffn_pair first=blk.11.ffn_gate.weight second=blk.11.ffn_up.weight M=1 K=2048 N=5632+5632 kinds=4/4 path=m1_pair
ROCKNPU GGML TRACE mul_mat weight=blk.11.ffn_down.weight type=q4_K M=1 K=5632 N=2048 path=w8a8_m1
ROCKNPU GGML TRACE qkv_triple layer=12 K=2048 N=2048+256+256 kinds=4/6/4
ROCKNPU GGML TRACE qkv_stash layer=12 first=blk.12.attn_v.weight second=blk.12.attn_k.weight
ROCKNPU GGML TRACE mul_mat weight=blk.12.attn_output.weight type=q4_K M=1 K=2048 N=2048 path=w8a8_m1
ROCKNPU GGML TRACE ffn_pair first=blk.12.ffn_gate.weight second=blk.12.ffn_up.weight M=1 K=2048 N=5632+5632 kinds=4/4 path=m1_pair
ROCKNPU GGML TRACE mul_mat weight=blk.12.ffn_down.weight type=q6_K M=1 K=5632 N=2048 path=w8a8_m1
ROCKNPU GGML TRACE qkv_triple layer=13 K=2048 N=2048+256+256 kinds=4/4/4
ROCKNPU GGML TRACE qkv_stash layer=13 first=blk.13.attn_v.weight second=blk.13.attn_k.weight
ROCKNPU GGML TRACE mul_mat weight=blk.13.attn_output.weight type=q4_K M=1 K=2048 N=2048 path=w8a8_m1
ROCKNPU GGML TRACE ffn_pair first=blk.13.ffn_gate.weight second=blk.13.ffn_up.weight M=1 K=2048 N=5632+5632 kinds=4/4 path=m1_pair
ROCKNPU GGML TRACE mul_mat weight=blk.13.ffn_down.weight type=q4_K M=1 K=5632 N=2048 path=w8a8_m1
ROCKNPU GGML TRACE qkv_triple layer=14 K=2048 N=2048+256+256 kinds=4/4/4
ROCKNPU GGML TRACE qkv_stash layer=14 first=blk.14.attn_v.weight second=blk.14.attn_k.weight
ROCKNPU GGML TRACE mul_mat weight=blk.14.attn_output.weight type=q4_K M=1 K=2048 N=2048 path=w8a8_m1
ROCKNPU GGML TRACE ffn_pair first=blk.14.ffn_gate.weight second=blk.14.ffn_up.weight M=1 K=2048 N=5632+5632 kinds=4/4 path=m1_pair
ROCKNPU GGML TRACE mul_mat weight=blk.14.ffn_down.weight type=q4_K M=1 K=5632 N=2048 path=w8a8_m1
ROCKNPU GGML TRACE qkv_triple layer=15 K=2048 N=2048+256+256 kinds=4/6/4
ROCKNPU GGML TRACE qkv_stash layer=15 first=blk.15.attn_v.weight second=blk.15.attn_k.weight
ROCKNPU GGML TRACE mul_mat weight=blk.15.attn_output.weight type=q4_K M=1 K=2048 N=2048 path=w8a8_m1
ROCKNPU GGML TRACE ffn_pair first=blk.15.ffn_gate.weight second=blk.15.ffn_up.weight M=1 K=2048 N=5632+5632 kinds=4/4 path=m1_pair
ROCKNPU GGML TRACE mul_mat weight=blk.15.ffn_down.weight type=q6_K M=1 K=5632 N=2048 path=w8a8_m1
ROCKNPU GGML TRACE qkv_triple layer=16 K=2048 N=2048+256+256 kinds=4/4/4
ROCKNPU GGML TRACE qkv_stash layer=16 first=blk.16.attn_v.weight second=blk.16.attn_k.weight
ROCKNPU GGML TRACE mul_mat weight=blk.16.attn_output.weight type=q4_K M=1 K=2048 N=2048 path=w8a8_m1
ROCKNPU GGML TRACE ffn_pair first=blk.16.ffn_gate.weight second=blk.16.ffn_up.weight M=1 K=2048 N=5632+5632 kinds=4/4 path=m1_pair
ROCKNPU GGML TRACE mul_mat weight=blk.16.ffn_down.weight type=q4_K M=1 K=5632 N=2048 path=w8a8_m1
ROCKNPU GGML TRACE qkv_triple layer=17 K=2048 N=2048+256+256 kinds=4/4/4
ROCKNPU GGML TRACE qkv_stash layer=17 first=blk.17.attn_v.weight second=blk.17.attn_k.weight
ROCKNPU GGML TRACE mul_mat weight=blk.17.attn_output.weight type=q4_K M=1 K=2048 N=2048 path=w8a8_m1
ROCKNPU GGML TRACE ffn_pair first=blk.17.ffn_gate.weight second=blk.17.ffn_up.weight M=1 K=2048 N=5632+5632 kinds=4/4 path=m1_pair
ROCKNPU GGML TRACE mul_mat weight=blk.17.ffn_down.weight type=q4_K M=1 K=5632 N=2048 path=w8a8_m1
ROCKNPU GGML TRACE qkv_triple layer=18 K=2048 N=2048+256+256 kinds=4/6/4
ROCKNPU GGML TRACE qkv_stash layer=18 first=blk.18.attn_v.weight second=blk.18.attn_k.weight
ROCKNPU GGML TRACE mul_mat weight=blk.18.attn_output.weight type=q4_K M=1 K=2048 N=2048 path=w8a8_m1
ROCKNPU GGML TRACE ffn_pair first=blk.18.ffn_gate.weight second=blk.18.ffn_up.weight M=1 K=2048 N=5632+5632 kinds=4/4 path=m1_pair
ROCKNPU GGML TRACE mul_mat weight=blk.18.ffn_down.weight type=q6_K M=1 K=5632 N=2048 path=w8a8_m1
ROCKNPU GGML TRACE qkv_triple layer=19 K=2048 N=2048+256+256 kinds=4/4/4
ROCKNPU GGML TRACE qkv_stash layer=19 first=blk.19.attn_v.weight second=blk.19.attn_k.weight
ROCKNPU GGML TRACE mul_mat weight=blk.19.attn_output.weight type=q4_K M=1 K=2048 N=2048 path=w8a8_m1
ROCKNPU GGML TRACE ffn_pair first=blk.19.ffn_gate.weight second=blk.19.ffn_up.weight M=1 K=2048 N=5632+5632 kinds=4/4 path=m1_pair
ROCKNPU GGML TRACE mul_mat weight=blk.19.ffn_down.weight type=q4_K M=1 K=5632 N=2048 path=w8a8_m1
ROCKNPU GGML TRACE qkv_triple layer=20 K=2048 N=2048+256+256 kinds=4/6/4
ROCKNPU GGML TRACE qkv_stash layer=20 first=blk.20.attn_v.weight second=blk.20.attn_k.weight
ROCKNPU GGML TRACE mul_mat weight=blk.20.attn_output.weight type=q4_K M=1 K=2048 N=2048 path=w8a8_m1
ROCKNPU GGML TRACE ffn_pair first=blk.20.ffn_gate.weight second=blk.20.ffn_up.weight M=1 K=2048 N=5632+5632 kinds=4/4 path=m1_pair
ROCKNPU GGML TRACE mul_mat weight=blk.20.ffn_down.weight type=q6_K M=1 K=5632 N=2048 path=w8a8_m1
ROCKNPU GGML TRACE qkv_triple layer=21 K=2048 N=2048+256+256 kinds=4/4/4
ROCKNPU GGML TRACE qkv_stash layer=21 first=blk.21.attn_v.weight second=blk.21.attn_k.weight
ROCKNPU GGML TRACE mul_mat weight=blk.21.attn_output.weight type=q4_K M=1 K=2048 N=2048 path=w8a8_m1
ROCKNPU GGML TRACE ffn_pair first=blk.21.ffn_gate.weight second=blk.21.ffn_up.weight M=1 K=2048 N=5632+5632 kinds=4/4 path=m1_pair
ROCKNPU GGML TRACE mul_mat weight=blk.21.ffn_down.weight type=q4_K M=1 K=5632 N=2048 path=w8a8_m1
slot print_timing: id  3 | task 27 | prompt eval time =      61.37 ms /     2 tokens (   30.68 ms per token,    32.59 tokens per second)
slot print_timing: id  3 | task 27 |        eval time =     404.18 ms /     8 tokens (   57.74 ms per token,    17.32 tokens per second)
slot print_timing: id  3 | task 27 |       total time =     465.54 ms /    10 tokens
slot print_timing: id  3 | task 27 |    graphs reused =         26
slot      release: id  3 | task 27 | stop processing: n_tokens = 9, truncated = 0
srv  update_slots: all slots are idle
srv  server_strea: conv_id= (empty=1)
slot get_availabl: id  0 | task -1 |  - skipping, slot is empty
slot get_availabl: id  1 | task -1 |  - skipping, slot is empty
slot get_availabl: id  2 | task -1 |  - skipping, slot is empty
slot get_availabl: id  3 | task -1 |  - checking sim = 1.000 (2/2) > 0.100
slot get_availabl: id  3 | task -1 | selected slot by LCP similarity, f_sim_best = 1.000 (> 0.100 thold), f_keep = 0.222
srv  get_availabl: updating prompt cache
srv   prompt_save:  - saving prompt with length 9, total state size = 0.194 MiB (draft: 0.000 MiB)
srv         alloc:  - prompt is already in the cache, skipping
srv          load:  - looking for better prompt, base f_keep = 0.222, f_sim = 1.000
srv          load:    - prompt with length       9, lcp =       2, f_keep = 0.222, f_sim = 1.000
srv        update:  - cache state: 1 prompts, 0.194 MiB (limits: 8192.000 MiB, 2048 tokens, 380063 est)
srv        update:    - prompt 0xaaab00d81cd0:       9 tokens, checkpoints:  0,     0.194 MiB
srv  get_availabl: prompt cache update took 0.05 ms
slot launch_slot_: id  3 | task -1 | sampler chain: logits -> ?penalties -> ?dry -> ?top-n-sigma -> top-k -> ?typical -> top-p -> min-p -> ?xtc -> temp-ext -> dist 
slot launch_slot_: id  3 | task -1 | sampler params: 
	repeat_last_n = 64, repeat_penalty = 1.000, frequency_penalty = 0.000, presence_penalty = 0.000
	dry_multiplier = 0.000, dry_base = 1.750, dry_allowed_length = 2, dry_penalty_last_n = 64
	top_k = 1, top_p = 0.950, min_p = 0.050, xtc_probability = 0.000, xtc_threshold = 0.100, typical_p = 1.000, top_n_sigma = -1.000, temp = 0.000
	mirostat = 0, mirostat_lr = 0.100, mirostat_ent = 5.000, adaptive_target = -1.000, adaptive_decay = 0.900
slot launch_slot_: id  3 | task 36 | processing task, is_child = 0
slot process_sing: id  0 | task -1 | saving idle slot to prompt cache
slot prompt_clear: id  0 | task -1 | clearing prompt with 0 tokens
slot process_sing: id  1 | task -1 | saving idle slot to prompt cache
slot prompt_clear: id  1 | task -1 | clearing prompt with 0 tokens
slot process_sing: id  2 | task -1 | saving idle slot to prompt cache
slot prompt_clear: id  2 | task -1 | clearing prompt with 0 tokens
slot   operator(): id  3 | task 36 | new prompt, n_ctx_slot = 2048, n_keep = 4, task.n_tokens = 2
slot   operator(): id  3 | task 36 | cached n_tokens = 0, memory_seq_rm [0, end)
slot init_sampler: id  3 | task 36 | init sampler, took 0.00 ms, tokens: text = 2, total = 2
ROCKNPU GGML TRACE ffn_pair first=blk.21.ffn_gate.weight second=blk.21.ffn_up.weight M=1 K=2048 N=5632+5632 kinds=4/4 path=m1_pair
ROCKNPU GGML TRACE mul_mat weight=blk.21.ffn_down.weight type=q4_K M=1 K=5632 N=2048 path=w8a8_m1
ROCKNPU GGML TRACE qkv_triple layer=0 K=2048 N=2048+256+256 kinds=4/6/4
ROCKNPU GGML TRACE qkv_stash layer=0 first=blk.0.attn_v.weight second=blk.0.attn_k.weight
ROCKNPU GGML TRACE mul_mat weight=blk.0.attn_output.weight type=q4_K M=1 K=2048 N=2048 path=w8a8_m1
ROCKNPU GGML TRACE ffn_pair first=blk.0.ffn_gate.weight second=blk.0.ffn_up.weight M=1 K=2048 N=5632+5632 kinds=4/4 path=m1_pair
ROCKNPU GGML TRACE mul_mat weight=blk.0.ffn_down.weight type=q6_K M=1 K=5632 N=2048 path=w8a8_m1
ROCKNPU GGML TRACE qkv_triple layer=1 K=2048 N=2048+256+256 kinds=4/6/4
ROCKNPU GGML TRACE qkv_stash layer=1 first=blk.1.attn_v.weight second=blk.1.attn_k.weight
ROCKNPU GGML TRACE mul_mat weight=blk.1.attn_output.weight type=q4_K M=1 K=2048 N=2048 path=w8a8_m1
ROCKNPU GGML TRACE ffn_pair first=blk.1.ffn_gate.weight second=blk.1.ffn_up.weight M=1 K=2048 N=5632+5632 kinds=4/4 path=m1_pair
ROCKNPU GGML TRACE mul_mat weight=blk.1.ffn_down.weight type=q6_K M=1 K=5632 N=2048 path=w8a8_m1
ROCKNPU GGML TRACE qkv_triple layer=2 K=2048 N=2048+256+256 kinds=4/4/4
ROCKNPU GGML TRACE qkv_stash layer=2 first=blk.2.attn_v.weight second=blk.2.attn_k.weight
ROCKNPU GGML TRACE mul_mat weight=blk.2.attn_output.weight type=q4_K M=1 K=2048 N=2048 path=w8a8_m1
ROCKNPU GGML TRACE ffn_pair first=blk.2.ffn_gate.weight second=blk.2.ffn_up.weight M=1 K=2048 N=5632+5632 kinds=4/4 path=m1_pair
ROCKNPU GGML TRACE mul_mat weight=blk.2.ffn_down.weight type=q4_K M=1 K=5632 N=2048 path=w8a8_m1
ROCKNPU GGML TRACE qkv_triple layer=3 K=2048 N=2048+256+256 kinds=4/4/4
ROCKNPU GGML TRACE qkv_stash layer=3 first=blk.3.attn_v.weight second=blk.3.attn_k.weight
ROCKNPU GGML TRACE mul_mat weight=blk.3.attn_output.weight type=q4_K M=1 K=2048 N=2048 path=w8a8_m1
ROCKNPU GGML TRACE ffn_pair first=blk.3.ffn_gate.weight second=blk.3.ffn_up.weight M=1 K=2048 N=5632+5632 kinds=4/4 path=m1_pair
ROCKNPU GGML TRACE mul_mat weight=blk.3.ffn_down.weight type=q4_K M=1 K=5632 N=2048 path=w8a8_m1
ROCKNPU GGML TRACE qkv_triple layer=4 K=2048 N=2048+256+256 kinds=4/6/4
ROCKNPU GGML TRACE qkv_stash layer=4 first=blk.4.attn_v.weight second=blk.4.attn_k.weight
ROCKNPU GGML TRACE mul_mat weight=blk.4.attn_output.weight type=q4_K M=1 K=2048 N=2048 path=w8a8_m1
ROCKNPU GGML TRACE ffn_pair first=blk.4.ffn_gate.weight second=blk.4.ffn_up.weight M=1 K=2048 N=5632+5632 kinds=4/4 path=m1_pair
ROCKNPU GGML TRACE mul_mat weight=blk.4.ffn_down.weight type=q6_K M=1 K=5632 N=2048 path=w8a8_m1
ROCKNPU GGML TRACE qkv_triple layer=5 K=2048 N=2048+256+256 kinds=4/4/4
ROCKNPU GGML TRACE qkv_stash layer=5 first=blk.5.attn_v.weight second=blk.5.attn_k.weight
ROCKNPU GGML TRACE mul_mat weight=blk.5.attn_output.weight type=q4_K M=1 K=2048 N=2048 path=w8a8_m1
ROCKNPU GGML TRACE ffn_pair first=blk.5.ffn_gate.weight second=blk.5.ffn_up.weight M=1 K=2048 N=5632+5632 kinds=4/4 path=m1_pair
ROCKNPU GGML TRACE mul_mat weight=blk.5.ffn_down.weight type=q4_K M=1 K=5632 N=2048 path=w8a8_m1
ROCKNPU GGML TRACE qkv_triple layer=6 K=2048 N=2048+256+256 kinds=4/4/4
ROCKNPU GGML TRACE qkv_stash layer=6 first=blk.6.attn_v.weight second=blk.6.attn_k.weight
ROCKNPU GGML TRACE mul_mat weight=blk.6.attn_output.weight type=q4_K M=1 K=2048 N=2048 path=w8a8_m1
ROCKNPU GGML TRACE ffn_pair first=blk.6.ffn_gate.weight second=blk.6.ffn_up.weight M=1 K=2048 N=5632+5632 kinds=4/4 path=m1_pair
ROCKNPU GGML TRACE mul_mat weight=blk.6.ffn_down.weight type=q4_K M=1 K=5632 N=2048 path=w8a8_m1
ROCKNPU GGML TRACE qkv_triple layer=7 K=2048 N=2048+256+256 kinds=4/6/4
ROCKNPU GGML TRACE qkv_stash layer=7 first=blk.7.attn_v.weight second=blk.7.attn_k.weight
ROCKNPU GGML TRACE mul_mat weight=blk.7.attn_output.weight type=q4_K M=1 K=2048 N=2048 path=w8a8_m1
ROCKNPU GGML TRACE ffn_pair first=blk.7.ffn_gate.weight second=blk.7.ffn_up.weight M=1 K=2048 N=5632+5632 kinds=4/4 path=m1_pair
ROCKNPU GGML TRACE mul_mat weight=blk.7.ffn_down.weight type=q6_K M=1 K=5632 N=2048 path=w8a8_m1
ROCKNPU GGML TRACE qkv_triple layer=8 K=2048 N=2048+256+256 kinds=4/6/4
ROCKNPU GGML TRACE qkv_stash layer=8 first=blk.8.attn_v.weight second=blk.8.attn_k.weight
ROCKNPU GGML TRACE mul_mat weight=blk.8.attn_output.weight type=q4_K M=1 K=2048 N=2048 path=w8a8_m1
ROCKNPU GGML TRACE ffn_pair first=blk.8.ffn_gate.weight second=blk.8.ffn_up.weight M=1 K=2048 N=5632+5632 kinds=4/4 path=m1_pair
ROCKNPU GGML TRACE mul_mat weight=blk.8.ffn_down.weight type=q6_K M=1 K=5632 N=2048 path=w8a8_m1
ROCKNPU GGML TRACE qkv_triple layer=9 K=2048 N=2048+256+256 kinds=4/6/4
ROCKNPU GGML TRACE qkv_stash layer=9 first=blk.9.attn_v.weight second=blk.9.attn_k.weight
ROCKNPU GGML TRACE mul_mat weight=blk.9.attn_output.weight type=q4_K M=1 K=2048 N=2048 path=w8a8_m1
ROCKNPU GGML TRACE ffn_pair first=blk.9.ffn_gate.weight second=blk.9.ffn_up.weight M=1 K=2048 N=5632+5632 kinds=4/4 path=m1_pair
ROCKNPU GGML TRACE mul_mat weight=blk.9.ffn_down.weight type=q6_K M=1 K=5632 N=2048 path=w8a8_m1
ROCKNPU GGML TRACE qkv_triple layer=10 K=2048 N=2048+256+256 kinds=4/4/4
ROCKNPU GGML TRACE qkv_stash layer=10 first=blk.10.attn_v.weight second=blk.10.attn_k.weight
ROCKNPU GGML TRACE mul_mat weight=blk.10.attn_output.weight type=q4_K M=1 K=2048 N=2048 path=w8a8_m1
ROCKNPU GGML TRACE ffn_pair first=blk.10.ffn_gate.weight second=blk.10.ffn_up.weight M=1 K=2048 N=5632+5632 kinds=4/4 path=m1_pair
ROCKNPU GGML TRACE mul_mat weight=blk.10.ffn_down.weight type=q4_K M=1 K=5632 N=2048 path=w8a8_m1
ROCKNPU GGML TRACE qkv_triple layer=11 K=2048 N=2048+256+256 kinds=4/4/4
ROCKNPU GGML TRACE qkv_stash layer=11 first=blk.11.attn_v.weight second=blk.11.attn_k.weight
ROCKNPU GGML TRACE mul_mat weight=blk.11.attn_output.weight type=q4_K M=1 K=2048 N=2048 path=w8a8_m1
ROCKNPU GGML TRACE ffn_pair first=blk.11.ffn_gate.weight second=blk.11.ffn_up.weight M=1 K=2048 N=5632+5632 kinds=4/4 path=m1_pair
ROCKNPU GGML TRACE mul_mat weight=blk.11.ffn_down.weight type=q4_K M=1 K=5632 N=2048 path=w8a8_m1
ROCKNPU GGML TRACE qkv_triple layer=12 K=2048 N=2048+256+256 kinds=4/6/4
ROCKNPU GGML TRACE qkv_stash layer=12 first=blk.12.attn_v.weight second=blk.12.attn_k.weight
ROCKNPU GGML TRACE mul_mat weight=blk.12.attn_output.weight type=q4_K M=1 K=2048 N=2048 path=w8a8_m1
ROCKNPU GGML TRACE ffn_pair first=blk.12.ffn_gate.weight second=blk.12.ffn_up.weight M=1 K=2048 N=5632+5632 kinds=4/4 path=m1_pair
ROCKNPU GGML TRACE mul_mat weight=blk.12.ffn_down.weight type=q6_K M=1 K=5632 N=2048 path=w8a8_m1
ROCKNPU GGML TRACE qkv_triple layer=13 K=2048 N=2048+256+256 kinds=4/4/4
ROCKNPU GGML TRACE qkv_stash layer=13 first=blk.13.attn_v.weight second=blk.13.attn_k.weight
ROCKNPU GGML TRACE mul_mat weight=blk.13.attn_output.weight type=q4_K M=1 K=2048 N=2048 path=w8a8_m1
ROCKNPU GGML TRACE ffn_pair first=blk.13.ffn_gate.weight second=blk.13.ffn_up.weight M=1 K=2048 N=5632+5632 kinds=4/4 path=m1_pair
ROCKNPU GGML TRACE mul_mat weight=blk.13.ffn_down.weight type=q4_K M=1 K=5632 N=2048 path=w8a8_m1
ROCKNPU GGML TRACE qkv_triple layer=14 K=2048 N=2048+256+256 kinds=4/4/4
ROCKNPU GGML TRACE qkv_stash layer=14 first=blk.14.attn_v.weight second=blk.14.attn_k.weight
ROCKNPU GGML TRACE mul_mat weight=blk.14.attn_output.weight type=q4_K M=1 K=2048 N=2048 path=w8a8_m1
ROCKNPU GGML TRACE ffn_pair first=blk.14.ffn_gate.weight second=blk.14.ffn_up.weight M=1 K=2048 N=5632+5632 kinds=4/4 path=m1_pair
ROCKNPU GGML TRACE mul_mat weight=blk.14.ffn_down.weight type=q4_K M=1 K=5632 N=2048 path=w8a8_m1
ROCKNPU GGML TRACE qkv_triple layer=15 K=2048 N=2048+256+256 kinds=4/6/4
ROCKNPU GGML TRACE qkv_stash layer=15 first=blk.15.attn_v.weight second=blk.15.attn_k.weight
ROCKNPU GGML TRACE mul_mat weight=blk.15.attn_output.weight type=q4_K M=1 K=2048 N=2048 path=w8a8_m1
ROCKNPU GGML TRACE ffn_pair first=blk.15.ffn_gate.weight second=blk.15.ffn_up.weight M=1 K=2048 N=5632+5632 kinds=4/4 path=m1_pair
ROCKNPU GGML TRACE mul_mat weight=blk.15.ffn_down.weight type=q6_K M=1 K=5632 N=2048 path=w8a8_m1
ROCKNPU GGML TRACE qkv_triple layer=16 K=2048 N=2048+256+256 kinds=4/4/4
ROCKNPU GGML TRACE qkv_stash layer=16 first=blk.16.attn_v.weight second=blk.16.attn_k.weight
ROCKNPU GGML TRACE mul_mat weight=blk.16.attn_output.weight type=q4_K M=1 K=2048 N=2048 path=w8a8_m1
ROCKNPU GGML TRACE ffn_pair first=blk.16.ffn_gate.weight second=blk.16.ffn_up.weight M=1 K=2048 N=5632+5632 kinds=4/4 path=m1_pair
ROCKNPU GGML TRACE mul_mat weight=blk.16.ffn_down.weight type=q4_K M=1 K=5632 N=2048 path=w8a8_m1
ROCKNPU GGML TRACE qkv_triple layer=17 K=2048 N=2048+256+256 kinds=4/4/4
ROCKNPU GGML TRACE qkv_stash layer=17 first=blk.17.attn_v.weight second=blk.17.attn_k.weight
ROCKNPU GGML TRACE mul_mat weight=blk.17.attn_output.weight type=q4_K M=1 K=2048 N=2048 path=w8a8_m1
ROCKNPU GGML TRACE ffn_pair first=blk.17.ffn_gate.weight second=blk.17.ffn_up.weight M=1 K=2048 N=5632+5632 kinds=4/4 path=m1_pair
ROCKNPU GGML TRACE mul_mat weight=blk.17.ffn_down.weight type=q4_K M=1 K=5632 N=2048 path=w8a8_m1
ROCKNPU GGML TRACE qkv_triple layer=18 K=2048 N=2048+256+256 kinds=4/6/4
ROCKNPU GGML TRACE qkv_stash layer=18 first=blk.18.attn_v.weight second=blk.18.attn_k.weight
ROCKNPU GGML TRACE mul_mat weight=blk.18.attn_output.weight type=q4_K M=1 K=2048 N=2048 path=w8a8_m1
ROCKNPU GGML TRACE ffn_pair first=blk.18.ffn_gate.weight second=blk.18.ffn_up.weight M=1 K=2048 N=5632+5632 kinds=4/4 path=m1_pair
ROCKNPU GGML TRACE mul_mat weight=blk.18.ffn_down.weight type=q6_K M=1 K=5632 N=2048 path=w8a8_m1
ROCKNPU GGML TRACE qkv_triple layer=19 K=2048 N=2048+256+256 kinds=4/4/4
ROCKNPU GGML TRACE qkv_stash layer=19 first=blk.19.attn_v.weight second=blk.19.attn_k.weight
ROCKNPU GGML TRACE mul_mat weight=blk.19.attn_output.weight type=q4_K M=1 K=2048 N=2048 path=w8a8_m1
ROCKNPU GGML TRACE ffn_pair first=blk.19.ffn_gate.weight second=blk.19.ffn_up.weight M=1 K=2048 N=5632+5632 kinds=4/4 path=m1_pair
ROCKNPU GGML TRACE mul_mat weight=blk.19.ffn_down.weight type=q4_K M=1 K=5632 N=2048 path=w8a8_m1
ROCKNPU GGML TRACE qkv_triple layer=20 K=2048 N=2048+256+256 kinds=4/6/4
ROCKNPU GGML TRACE qkv_stash layer=20 first=blk.20.attn_v.weight second=blk.20.attn_k.weight
ROCKNPU GGML TRACE mul_mat weight=blk.20.attn_output.weight type=q4_K M=1 K=2048 N=2048 path=w8a8_m1
ROCKNPU GGML TRACE ffn_pair first=blk.20.ffn_gate.weight second=blk.20.ffn_up.weight M=1 K=2048 N=5632+5632 kinds=4/4 path=m1_pair
ROCKNPU GGML TRACE mul_mat weight=blk.20.ffn_down.weight type=q6_K M=1 K=5632 N=2048 path=w8a8_m1
ROCKNPU GGML TRACE qkv_triple layer=21 K=2048 N=2048+256+256 kinds=4/4/4
ROCKNPU GGML TRACE qkv_stash layer=21 first=blk.21.attn_v.weight second=blk.21.attn_k.weight
ROCKNPU GGML TRACE mul_mat weight=blk.21.attn_output.weight type=q4_K M=1 K=2048 N=2048 path=w8a8_m1
ROCKNPU GGML TRACE ffn_pair first=blk.21.ffn_gate.weight second=blk.21.ffn_up.weight M=1 K=2048 N=5632+5632 kinds=4/4 path=m1_pair
ROCKNPU GGML TRACE mul_mat weight=blk.21.ffn_down.weight type=q4_K M=1 K=5632 N=2048 path=w8a8_m1
ROCKNPU GGML TRACE qkv_triple layer=0 K=2048 N=2048+256+256 kinds=4/6/4
ROCKNPU GGML TRACE qkv_stash layer=0 first=blk.0.attn_v.weight second=blk.0.attn_k.weight
ROCKNPU GGML TRACE mul_mat weight=blk.0.attn_output.weight type=q4_K M=1 K=2048 N=2048 path=w8a8_m1
ROCKNPU GGML TRACE ffn_pair first=blk.0.ffn_gate.weight second=blk.0.ffn_up.weight M=1 K=2048 N=5632+5632 kinds=4/4 path=m1_pair
ROCKNPU GGML TRACE mul_mat weight=blk.0.ffn_down.weight type=q6_K M=1 K=5632 N=2048 path=w8a8_m1
ROCKNPU GGML TRACE qkv_triple layer=1 K=2048 N=2048+256+256 kinds=4/6/4
ROCKNPU GGML TRACE qkv_stash layer=1 first=blk.1.attn_v.weight second=blk.1.attn_k.weight
ROCKNPU GGML TRACE mul_mat weight=blk.1.attn_output.weight type=q4_K M=1 K=2048 N=2048 path=w8a8_m1
ROCKNPU GGML TRACE ffn_pair first=blk.1.ffn_gate.weight second=blk.1.ffn_up.weight M=1 K=2048 N=5632+5632 kinds=4/4 path=m1_pair
ROCKNPU GGML TRACE mul_mat weight=blk.1.ffn_down.weight type=q6_K M=1 K=5632 N=2048 path=w8a8_m1
ROCKNPU GGML TRACE qkv_triple layer=2 K=2048 N=2048+256+256 kinds=4/4/4
ROCKNPU GGML TRACE qkv_stash layer=2 first=blk.2.attn_v.weight second=blk.2.attn_k.weight
ROCKNPU GGML TRACE mul_mat weight=blk.2.attn_output.weight type=q4_K M=1 K=2048 N=2048 path=w8a8_m1
ROCKNPU GGML TRACE ffn_pair first=blk.2.ffn_gate.weight second=blk.2.ffn_up.weight M=1 K=2048 N=5632+5632 kinds=4/4 path=m1_pair
ROCKNPU GGML TRACE mul_mat weight=blk.2.ffn_down.weight type=q4_K M=1 K=5632 N=2048 path=w8a8_m1
ROCKNPU GGML TRACE qkv_triple layer=3 K=2048 N=2048+256+256 kinds=4/4/4
ROCKNPU GGML TRACE qkv_stash layer=3 first=blk.3.attn_v.weight second=blk.3.attn_k.weight
ROCKNPU GGML TRACE mul_mat weight=blk.3.attn_output.weight type=q4_K M=1 K=2048 N=2048 path=w8a8_m1
ROCKNPU GGML TRACE ffn_pair first=blk.3.ffn_gate.weight second=blk.3.ffn_up.weight M=1 K=2048 N=5632+5632 kinds=4/4 path=m1_pair
ROCKNPU GGML TRACE mul_mat weight=blk.3.ffn_down.weight type=q4_K M=1 K=5632 N=2048 path=w8a8_m1
ROCKNPU GGML TRACE qkv_triple layer=4 K=2048 N=2048+256+256 kinds=4/6/4
ROCKNPU GGML TRACE qkv_stash layer=4 first=blk.4.attn_v.weight second=blk.4.attn_k.weight
ROCKNPU GGML TRACE mul_mat weight=blk.4.attn_output.weight type=q4_K M=1 K=2048 N=2048 path=w8a8_m1
ROCKNPU GGML TRACE ffn_pair first=blk.4.ffn_gate.weight second=blk.4.ffn_up.weight M=1 K=2048 N=5632+5632 kinds=4/4 path=m1_pair
ROCKNPU GGML TRACE mul_mat weight=blk.4.ffn_down.weight type=q6_K M=1 K=5632 N=2048 path=w8a8_m1
ROCKNPU GGML TRACE qkv_triple layer=5 K=2048 N=2048+256+256 kinds=4/4/4
ROCKNPU GGML TRACE qkv_stash layer=5 first=blk.5.attn_v.weight second=blk.5.attn_k.weight
ROCKNPU GGML TRACE mul_mat weight=blk.5.attn_output.weight type=q4_K M=1 K=2048 N=2048 path=w8a8_m1
ROCKNPU GGML TRACE ffn_pair first=blk.5.ffn_gate.weight second=blk.5.ffn_up.weight M=1 K=2048 N=5632+5632 kinds=4/4 path=m1_pair
ROCKNPU GGML TRACE mul_mat weight=blk.5.ffn_down.weight type=q4_K M=1 K=5632 N=2048 path=w8a8_m1
ROCKNPU GGML TRACE qkv_triple layer=6 K=2048 N=2048+256+256 kinds=4/4/4
ROCKNPU GGML TRACE qkv_stash layer=6 first=blk.6.attn_v.weight second=blk.6.attn_k.weight
ROCKNPU GGML TRACE mul_mat weight=blk.6.attn_output.weight type=q4_K M=1 K=2048 N=2048 path=w8a8_m1
ROCKNPU GGML TRACE ffn_pair first=blk.6.ffn_gate.weight second=blk.6.ffn_up.weight M=1 K=2048 N=5632+5632 kinds=4/4 path=m1_pair
ROCKNPU GGML TRACE mul_mat weight=blk.6.ffn_down.weight type=q4_K M=1 K=5632 N=2048 path=w8a8_m1
ROCKNPU GGML TRACE qkv_triple layer=7 K=2048 N=2048+256+256 kinds=4/6/4
ROCKNPU GGML TRACE qkv_stash layer=7 first=blk.7.attn_v.weight second=blk.7.attn_k.weight
ROCKNPU GGML TRACE mul_mat weight=blk.7.attn_output.weight type=q4_K M=1 K=2048 N=2048 path=w8a8_m1
ROCKNPU GGML TRACE ffn_pair first=blk.7.ffn_gate.weight second=blk.7.ffn_up.weight M=1 K=2048 N=5632+5632 kinds=4/4 path=m1_pair
ROCKNPU GGML TRACE mul_mat weight=blk.7.ffn_down.weight type=q6_K M=1 K=5632 N=2048 path=w8a8_m1
ROCKNPU GGML TRACE qkv_triple layer=8 K=2048 N=2048+256+256 kinds=4/6/4
ROCKNPU GGML TRACE qkv_stash layer=8 first=blk.8.attn_v.weight second=blk.8.attn_k.weight
ROCKNPU GGML TRACE mul_mat weight=blk.8.attn_output.weight type=q4_K M=1 K=2048 N=2048 path=w8a8_m1
ROCKNPU GGML TRACE ffn_pair first=blk.8.ffn_gate.weight second=blk.8.ffn_up.weight M=1 K=2048 N=5632+5632 kinds=4/4 path=m1_pair
ROCKNPU GGML TRACE mul_mat weight=blk.8.ffn_down.weight type=q6_K M=1 K=5632 N=2048 path=w8a8_m1
ROCKNPU GGML TRACE qkv_triple layer=9 K=2048 N=2048+256+256 kinds=4/6/4
ROCKNPU GGML TRACE qkv_stash layer=9 first=blk.9.attn_v.weight second=blk.9.attn_k.weight
ROCKNPU GGML TRACE mul_mat weight=blk.9.attn_output.weight type=q4_K M=1 K=2048 N=2048 path=w8a8_m1
ROCKNPU GGML TRACE ffn_pair first=blk.9.ffn_gate.weight second=blk.9.ffn_up.weight M=1 K=2048 N=5632+5632 kinds=4/4 path=m1_pair
ROCKNPU GGML TRACE mul_mat weight=blk.9.ffn_down.weight type=q6_K M=1 K=5632 N=2048 path=w8a8_m1
ROCKNPU GGML TRACE qkv_triple layer=10 K=2048 N=2048+256+256 kinds=4/4/4
ROCKNPU GGML TRACE qkv_stash layer=10 first=blk.10.attn_v.weight second=blk.10.attn_k.weight
ROCKNPU GGML TRACE mul_mat weight=blk.10.attn_output.weight type=q4_K M=1 K=2048 N=2048 path=w8a8_m1
ROCKNPU GGML TRACE ffn_pair first=blk.10.ffn_gate.weight second=blk.10.ffn_up.weight M=1 K=2048 N=5632+5632 kinds=4/4 path=m1_pair
ROCKNPU GGML TRACE mul_mat weight=blk.10.ffn_down.weight type=q4_K M=1 K=5632 N=2048 path=w8a8_m1
ROCKNPU GGML TRACE qkv_triple layer=11 K=2048 N=2048+256+256 kinds=4/4/4
ROCKNPU GGML TRACE qkv_stash layer=11 first=blk.11.attn_v.weight second=blk.11.attn_k.weight
ROCKNPU GGML TRACE mul_mat weight=blk.11.attn_output.weight type=q4_K M=1 K=2048 N=2048 path=w8a8_m1
ROCKNPU GGML TRACE ffn_pair first=blk.11.ffn_gate.weight second=blk.11.ffn_up.weight M=1 K=2048 N=5632+5632 kinds=4/4 path=m1_pair
ROCKNPU GGML TRACE mul_mat weight=blk.11.ffn_down.weight type=q4_K M=1 K=5632 N=2048 path=w8a8_m1
ROCKNPU GGML TRACE qkv_triple layer=12 K=2048 N=2048+256+256 kinds=4/6/4
ROCKNPU GGML TRACE qkv_stash layer=12 first=blk.12.attn_v.weight second=blk.12.attn_k.weight
ROCKNPU GGML TRACE mul_mat weight=blk.12.attn_output.weight type=q4_K M=1 K=2048 N=2048 path=w8a8_m1
ROCKNPU GGML TRACE ffn_pair first=blk.12.ffn_gate.weight second=blk.12.ffn_up.weight M=1 K=2048 N=5632+5632 kinds=4/4 path=m1_pair
ROCKNPU GGML TRACE mul_mat weight=blk.12.ffn_down.weight type=q6_K M=1 K=5632 N=2048 path=w8a8_m1
ROCKNPU GGML TRACE qkv_triple layer=13 K=2048 N=2048+256+256 kinds=4/4/4
ROCKNPU GGML TRACE qkv_stash layer=13 first=blk.13.attn_v.weight second=blk.13.attn_k.weight
ROCKNPU GGML TRACE mul_mat weight=blk.13.attn_output.weight type=q4_K M=1 K=2048 N=2048 path=w8a8_m1
ROCKNPU GGML TRACE ffn_pair first=blk.13.ffn_gate.weight second=blk.13.ffn_up.weight M=1 K=2048 N=5632+5632 kinds=4/4 path=m1_pair
ROCKNPU GGML TRACE mul_mat weight=blk.13.ffn_down.weight type=q4_K M=1 K=5632 N=2048 path=w8a8_m1
ROCKNPU GGML TRACE qkv_triple layer=14 K=2048 N=2048+256+256 kinds=4/4/4
ROCKNPU GGML TRACE qkv_stash layer=14 first=blk.14.attn_v.weight second=blk.14.attn_k.weight
ROCKNPU GGML TRACE mul_mat weight=blk.14.attn_output.weight type=q4_K M=1 K=2048 N=2048 path=w8a8_m1
ROCKNPU GGML TRACE ffn_pair first=blk.14.ffn_gate.weight second=blk.14.ffn_up.weight M=1 K=2048 N=5632+5632 kinds=4/4 path=m1_pair
ROCKNPU GGML TRACE mul_mat weight=blk.14.ffn_down.weight type=q4_K M=1 K=5632 N=2048 path=w8a8_m1
ROCKNPU GGML TRACE qkv_triple layer=15 K=2048 N=2048+256+256 kinds=4/6/4
ROCKNPU GGML TRACE qkv_stash layer=15 first=blk.15.attn_v.weight second=blk.15.attn_k.weight
ROCKNPU GGML TRACE mul_mat weight=blk.15.attn_output.weight type=q4_K M=1 K=2048 N=2048 path=w8a8_m1
ROCKNPU GGML TRACE ffn_pair first=blk.15.ffn_gate.weight second=blk.15.ffn_up.weight M=1 K=2048 N=5632+5632 kinds=4/4 path=m1_pair
ROCKNPU GGML TRACE mul_mat weight=blk.15.ffn_down.weight type=q6_K M=1 K=5632 N=2048 path=w8a8_m1
ROCKNPU GGML TRACE qkv_triple layer=16 K=2048 N=2048+256+256 kinds=4/4/4
ROCKNPU GGML TRACE qkv_stash layer=16 first=blk.16.attn_v.weight second=blk.16.attn_k.weight
ROCKNPU GGML TRACE mul_mat weight=blk.16.attn_output.weight type=q4_K M=1 K=2048 N=2048 path=w8a8_m1
ROCKNPU GGML TRACE ffn_pair first=blk.16.ffn_gate.weight second=blk.16.ffn_up.weight M=1 K=2048 N=5632+5632 kinds=4/4 path=m1_pair
ROCKNPU GGML TRACE mul_mat weight=blk.16.ffn_down.weight type=q4_K M=1 K=5632 N=2048 path=w8a8_m1
ROCKNPU GGML TRACE qkv_triple layer=17 K=2048 N=2048+256+256 kinds=4/4/4
ROCKNPU GGML TRACE qkv_stash layer=17 first=blk.17.attn_v.weight second=blk.17.attn_k.weight
ROCKNPU GGML TRACE mul_mat weight=blk.17.attn_output.weight type=q4_K M=1 K=2048 N=2048 path=w8a8_m1
ROCKNPU GGML TRACE ffn_pair first=blk.17.ffn_gate.weight second=blk.17.ffn_up.weight M=1 K=2048 N=5632+5632 kinds=4/4 path=m1_pair
ROCKNPU GGML TRACE mul_mat weight=blk.17.ffn_down.weight type=q4_K M=1 K=5632 N=2048 path=w8a8_m1
ROCKNPU GGML TRACE qkv_triple layer=18 K=2048 N=2048+256+256 kinds=4/6/4
ROCKNPU GGML TRACE qkv_stash layer=18 first=blk.18.attn_v.weight second=blk.18.attn_k.weight
ROCKNPU GGML TRACE mul_mat weight=blk.18.attn_output.weight type=q4_K M=1 K=2048 N=2048 path=w8a8_m1
ROCKNPU GGML TRACE ffn_pair first=blk.18.ffn_gate.weight second=blk.18.ffn_up.weight M=1 K=2048 N=5632+5632 kinds=4/4 path=m1_pair
ROCKNPU GGML TRACE mul_mat weight=blk.18.ffn_down.weight type=q6_K M=1 K=5632 N=2048 path=w8a8_m1
ROCKNPU GGML TRACE qkv_triple layer=19 K=2048 N=2048+256+256 kinds=4/4/4
ROCKNPU GGML TRACE qkv_stash layer=19 first=blk.19.attn_v.weight second=blk.19.attn_k.weight
ROCKNPU GGML TRACE mul_mat weight=blk.19.attn_output.weight type=q4_K M=1 K=2048 N=2048 path=w8a8_m1
ROCKNPU GGML TRACE ffn_pair first=blk.19.ffn_gate.weight second=blk.19.ffn_up.weight M=1 K=2048 N=5632+5632 kinds=4/4 path=m1_pair
ROCKNPU GGML TRACE mul_mat weight=blk.19.ffn_down.weight type=q4_K M=1 K=5632 N=2048 path=w8a8_m1
ROCKNPU GGML TRACE qkv_triple layer=20 K=2048 N=2048+256+256 kinds=4/6/4
ROCKNPU GGML TRACE qkv_stash layer=20 first=blk.20.attn_v.weight second=blk.20.attn_k.weight
ROCKNPU GGML TRACE mul_mat weight=blk.20.attn_output.weight type=q4_K M=1 K=2048 N=2048 path=w8a8_m1
ROCKNPU GGML TRACE ffn_pair first=blk.20.ffn_gate.weight second=blk.20.ffn_up.weight M=1 K=2048 N=5632+5632 kinds=4/4 path=m1_pair
ROCKNPU GGML TRACE mul_mat weight=blk.20.ffn_down.weight type=q6_K M=1 K=5632 N=2048 path=w8a8_m1
ROCKNPU GGML TRACE qkv_triple layer=21 K=2048 N=2048+256+256 kinds=4/4/4
ROCKNPU GGML TRACE qkv_stash layer=21 first=blk.21.attn_v.weight second=blk.21.attn_k.weight
ROCKNPU GGML TRACE mul_mat weight=blk.21.attn_output.weight type=q4_K M=1 K=2048 N=2048 path=w8a8_m1
ROCKNPU GGML TRACE ffn_pair first=blk.21.ffn_gate.weight second=blk.21.ffn_up.weight M=1 K=2048 N=5632+5632 kinds=4/4 path=m1_pair
ROCKNPU GGML TRACE mul_mat weight=blk.21.ffn_down.weight type=q4_K M=1 K=5632 N=2048 path=w8a8_m1
ROCKNPU GGML TRACE qkv_triple layer=0 K=2048 N=2048+256+256 kinds=4/6/4
ROCKNPU GGML TRACE qkv_stash layer=0 first=blk.0.attn_v.weight second=blk.0.attn_k.weight
ROCKNPU GGML TRACE mul_mat weight=blk.0.attn_output.weight type=q4_K M=1 K=2048 N=2048 path=w8a8_m1
ROCKNPU GGML TRACE ffn_pair first=blk.0.ffn_gate.weight second=blk.0.ffn_up.weight M=1 K=2048 N=5632+5632 kinds=4/4 path=m1_pair
ROCKNPU GGML TRACE mul_mat weight=blk.0.ffn_down.weight type=q6_K M=1 K=5632 N=2048 path=w8a8_m1
ROCKNPU GGML TRACE qkv_triple layer=1 K=2048 N=2048+256+256 kinds=4/6/4
ROCKNPU GGML TRACE qkv_stash layer=1 first=blk.1.attn_v.weight second=blk.1.attn_k.weight
ROCKNPU GGML TRACE mul_mat weight=blk.1.attn_output.weight type=q4_K M=1 K=2048 N=2048 path=w8a8_m1
ROCKNPU GGML TRACE ffn_pair first=blk.1.ffn_gate.weight second=blk.1.ffn_up.weight M=1 K=2048 N=5632+5632 kinds=4/4 path=m1_pair
ROCKNPU GGML TRACE mul_mat weight=blk.1.ffn_down.weight type=q6_K M=1 K=5632 N=2048 path=w8a8_m1
ROCKNPU GGML TRACE qkv_triple layer=2 K=2048 N=2048+256+256 kinds=4/4/4
ROCKNPU GGML TRACE qkv_stash layer=2 first=blk.2.attn_v.weight second=blk.2.attn_k.weight
ROCKNPU GGML TRACE mul_mat weight=blk.2.attn_output.weight type=q4_K M=1 K=2048 N=2048 path=w8a8_m1
ROCKNPU GGML TRACE ffn_pair first=blk.2.ffn_gate.weight second=blk.2.ffn_up.weight M=1 K=2048 N=5632+5632 kinds=4/4 path=m1_pair
ROCKNPU GGML TRACE mul_mat weight=blk.2.ffn_down.weight type=q4_K M=1 K=5632 N=2048 path=w8a8_m1
ROCKNPU GGML TRACE qkv_triple layer=3 K=2048 N=2048+256+256 kinds=4/4/4
ROCKNPU GGML TRACE qkv_stash layer=3 first=blk.3.attn_v.weight second=blk.3.attn_k.weight
ROCKNPU GGML TRACE mul_mat weight=blk.3.attn_output.weight type=q4_K M=1 K=2048 N=2048 path=w8a8_m1
ROCKNPU GGML TRACE ffn_pair first=blk.3.ffn_gate.weight second=blk.3.ffn_up.weight M=1 K=2048 N=5632+5632 kinds=4/4 path=m1_pair
ROCKNPU GGML TRACE mul_mat weight=blk.3.ffn_down.weight type=q4_K M=1 K=5632 N=2048 path=w8a8_m1
ROCKNPU GGML TRACE qkv_triple layer=4 K=2048 N=2048+256+256 kinds=4/6/4
ROCKNPU GGML TRACE qkv_stash layer=4 first=blk.4.attn_v.weight second=blk.4.attn_k.weight
ROCKNPU GGML TRACE mul_mat weight=blk.4.attn_output.weight type=q4_K M=1 K=2048 N=2048 path=w8a8_m1
ROCKNPU GGML TRACE ffn_pair first=blk.4.ffn_gate.weight second=blk.4.ffn_up.weight M=1 K=2048 N=5632+5632 kinds=4/4 path=m1_pair
ROCKNPU GGML TRACE mul_mat weight=blk.4.ffn_down.weight type=q6_K M=1 K=5632 N=2048 path=w8a8_m1
ROCKNPU GGML TRACE qkv_triple layer=5 K=2048 N=2048+256+256 kinds=4/4/4
ROCKNPU GGML TRACE qkv_stash layer=5 first=blk.5.attn_v.weight second=blk.5.attn_k.weight
ROCKNPU GGML TRACE mul_mat weight=blk.5.attn_output.weight type=q4_K M=1 K=2048 N=2048 path=w8a8_m1
ROCKNPU GGML TRACE ffn_pair first=blk.5.ffn_gate.weight second=blk.5.ffn_up.weight M=1 K=2048 N=5632+5632 kinds=4/4 path=m1_pair
ROCKNPU GGML TRACE mul_mat weight=blk.5.ffn_down.weight type=q4_K M=1 K=5632 N=2048 path=w8a8_m1
ROCKNPU GGML TRACE qkv_triple layer=6 K=2048 N=2048+256+256 kinds=4/4/4
ROCKNPU GGML TRACE qkv_stash layer=6 first=blk.6.attn_v.weight second=blk.6.attn_k.weight
ROCKNPU GGML TRACE mul_mat weight=blk.6.attn_output.weight type=q4_K M=1 K=2048 N=2048 path=w8a8_m1
ROCKNPU GGML TRACE ffn_pair first=blk.6.ffn_gate.weight second=blk.6.ffn_up.weight M=1 K=2048 N=5632+5632 kinds=4/4 path=m1_pair
ROCKNPU GGML TRACE mul_mat weight=blk.6.ffn_down.weight type=q4_K M=1 K=5632 N=2048 path=w8a8_m1
ROCKNPU GGML TRACE qkv_triple layer=7 K=2048 N=2048+256+256 kinds=4/6/4
ROCKNPU GGML TRACE qkv_stash layer=7 first=blk.7.attn_v.weight second=blk.7.attn_k.weight
ROCKNPU GGML TRACE mul_mat weight=blk.7.attn_output.weight type=q4_K M=1 K=2048 N=2048 path=w8a8_m1
ROCKNPU GGML TRACE ffn_pair first=blk.7.ffn_gate.weight second=blk.7.ffn_up.weight M=1 K=2048 N=5632+5632 kinds=4/4 path=m1_pair
ROCKNPU GGML TRACE mul_mat weight=blk.7.ffn_down.weight type=q6_K M=1 K=5632 N=2048 path=w8a8_m1
ROCKNPU GGML TRACE qkv_triple layer=8 K=2048 N=2048+256+256 kinds=4/6/4
ROCKNPU GGML TRACE qkv_stash layer=8 first=blk.8.attn_v.weight second=blk.8.attn_k.weight
ROCKNPU GGML TRACE mul_mat weight=blk.8.attn_output.weight type=q4_K M=1 K=2048 N=2048 path=w8a8_m1
ROCKNPU GGML TRACE ffn_pair first=blk.8.ffn_gate.weight second=blk.8.ffn_up.weight M=1 K=2048 N=5632+5632 kinds=4/4 path=m1_pair
ROCKNPU GGML TRACE mul_mat weight=blk.8.ffn_down.weight type=q6_K M=1 K=5632 N=2048 path=w8a8_m1
ROCKNPU GGML TRACE qkv_triple layer=9 K=2048 N=2048+256+256 kinds=4/6/4
ROCKNPU GGML TRACE qkv_stash layer=9 first=blk.9.attn_v.weight second=blk.9.attn_k.weight
ROCKNPU GGML TRACE mul_mat weight=blk.9.attn_output.weight type=q4_K M=1 K=2048 N=2048 path=w8a8_m1
ROCKNPU GGML TRACE ffn_pair first=blk.9.ffn_gate.weight second=blk.9.ffn_up.weight M=1 K=2048 N=5632+5632 kinds=4/4 path=m1_pair
ROCKNPU GGML TRACE mul_mat weight=blk.9.ffn_down.weight type=q6_K M=1 K=5632 N=2048 path=w8a8_m1
ROCKNPU GGML TRACE qkv_triple layer=10 K=2048 N=2048+256+256 kinds=4/4/4
ROCKNPU GGML TRACE qkv_stash layer=10 first=blk.10.attn_v.weight second=blk.10.attn_k.weight
ROCKNPU GGML TRACE mul_mat weight=blk.10.attn_output.weight type=q4_K M=1 K=2048 N=2048 path=w8a8_m1
ROCKNPU GGML TRACE ffn_pair first=blk.10.ffn_gate.weight second=blk.10.ffn_up.weight M=1 K=2048 N=5632+5632 kinds=4/4 path=m1_pair
ROCKNPU GGML TRACE mul_mat weight=blk.10.ffn_down.weight type=q4_K M=1 K=5632 N=2048 path=w8a8_m1
ROCKNPU GGML TRACE qkv_triple layer=11 K=2048 N=2048+256+256 kinds=4/4/4
ROCKNPU GGML TRACE qkv_stash layer=11 first=blk.11.attn_v.weight second=blk.11.attn_k.weight
ROCKNPU GGML TRACE mul_mat weight=blk.11.attn_output.weight type=q4_K M=1 K=2048 N=2048 path=w8a8_m1
ROCKNPU GGML TRACE ffn_pair first=blk.11.ffn_gate.weight second=blk.11.ffn_up.weight M=1 K=2048 N=5632+5632 kinds=4/4 path=m1_pair
ROCKNPU GGML TRACE mul_mat weight=blk.11.ffn_down.weight type=q4_K M=1 K=5632 N=2048 path=w8a8_m1
ROCKNPU GGML TRACE qkv_triple layer=12 K=2048 N=2048+256+256 kinds=4/6/4
ROCKNPU GGML TRACE qkv_stash layer=12 first=blk.12.attn_v.weight second=blk.12.attn_k.weight
ROCKNPU GGML TRACE mul_mat weight=blk.12.attn_output.weight type=q4_K M=1 K=2048 N=2048 path=w8a8_m1
ROCKNPU GGML TRACE ffn_pair first=blk.12.ffn_gate.weight second=blk.12.ffn_up.weight M=1 K=2048 N=5632+5632 kinds=4/4 path=m1_pair
ROCKNPU GGML TRACE mul_mat weight=blk.12.ffn_down.weight type=q6_K M=1 K=5632 N=2048 path=w8a8_m1
ROCKNPU GGML TRACE qkv_triple layer=13 K=2048 N=2048+256+256 kinds=4/4/4
ROCKNPU GGML TRACE qkv_stash layer=13 first=blk.13.attn_v.weight second=blk.13.attn_k.weight
ROCKNPU GGML TRACE mul_mat weight=blk.13.attn_output.weight type=q4_K M=1 K=2048 N=2048 path=w8a8_m1
ROCKNPU GGML TRACE ffn_pair first=blk.13.ffn_gate.weight second=blk.13.ffn_up.weight M=1 K=2048 N=5632+5632 kinds=4/4 path=m1_pair
ROCKNPU GGML TRACE mul_mat weight=blk.13.ffn_down.weight type=q4_K M=1 K=5632 N=2048 path=w8a8_m1
ROCKNPU GGML TRACE qkv_triple layer=14 K=2048 N=2048+256+256 kinds=4/4/4
ROCKNPU GGML TRACE qkv_stash layer=14 first=blk.14.attn_v.weight second=blk.14.attn_k.weight
ROCKNPU GGML TRACE mul_mat weight=blk.14.attn_output.weight type=q4_K M=1 K=2048 N=2048 path=w8a8_m1
ROCKNPU GGML TRACE ffn_pair first=blk.14.ffn_gate.weight second=blk.14.ffn_up.weight M=1 K=2048 N=5632+5632 kinds=4/4 path=m1_pair
ROCKNPU GGML TRACE mul_mat weight=blk.14.ffn_down.weight type=q4_K M=1 K=5632 N=2048 path=w8a8_m1
ROCKNPU GGML TRACE qkv_triple layer=15 K=2048 N=2048+256+256 kinds=4/6/4
ROCKNPU GGML TRACE qkv_stash layer=15 first=blk.15.attn_v.weight second=blk.15.attn_k.weight
ROCKNPU GGML TRACE mul_mat weight=blk.15.attn_output.weight type=q4_K M=1 K=2048 N=2048 path=w8a8_m1
ROCKNPU GGML TRACE ffn_pair first=blk.15.ffn_gate.weight second=blk.15.ffn_up.weight M=1 K=2048 N=5632+5632 kinds=4/4 path=m1_pair
ROCKNPU GGML TRACE mul_mat weight=blk.15.ffn_down.weight type=q6_K M=1 K=5632 N=2048 path=w8a8_m1
ROCKNPU GGML TRACE qkv_triple layer=16 K=2048 N=2048+256+256 kinds=4/4/4
ROCKNPU GGML TRACE qkv_stash layer=16 first=blk.16.attn_v.weight second=blk.16.attn_k.weight
ROCKNPU GGML TRACE mul_mat weight=blk.16.attn_output.weight type=q4_K M=1 K=2048 N=2048 path=w8a8_m1
ROCKNPU GGML TRACE ffn_pair first=blk.16.ffn_gate.weight second=blk.16.ffn_up.weight M=1 K=2048 N=5632+5632 kinds=4/4 path=m1_pair
ROCKNPU GGML TRACE mul_mat weight=blk.16.ffn_down.weight type=q4_K M=1 K=5632 N=2048 path=w8a8_m1
ROCKNPU GGML TRACE qkv_triple layer=17 K=2048 N=2048+256+256 kinds=4/4/4
ROCKNPU GGML TRACE qkv_stash layer=17 first=blk.17.attn_v.weight second=blk.17.attn_k.weight
ROCKNPU GGML TRACE mul_mat weight=blk.17.attn_output.weight type=q4_K M=1 K=2048 N=2048 path=w8a8_m1
ROCKNPU GGML TRACE ffn_pair first=blk.17.ffn_gate.weight second=blk.17.ffn_up.weight M=1 K=2048 N=5632+5632 kinds=4/4 path=m1_pair
ROCKNPU GGML TRACE mul_mat weight=blk.17.ffn_down.weight type=q4_K M=1 K=5632 N=2048 path=w8a8_m1
ROCKNPU GGML TRACE qkv_triple layer=18 K=2048 N=2048+256+256 kinds=4/6/4
ROCKNPU GGML TRACE qkv_stash layer=18 first=blk.18.attn_v.weight second=blk.18.attn_k.weight
ROCKNPU GGML TRACE mul_mat weight=blk.18.attn_output.weight type=q4_K M=1 K=2048 N=2048 path=w8a8_m1
ROCKNPU GGML TRACE ffn_pair first=blk.18.ffn_gate.weight second=blk.18.ffn_up.weight M=1 K=2048 N=5632+5632 kinds=4/4 path=m1_pair
ROCKNPU GGML TRACE mul_mat weight=blk.18.ffn_down.weight type=q6_K M=1 K=5632 N=2048 path=w8a8_m1
ROCKNPU GGML TRACE qkv_triple layer=19 K=2048 N=2048+256+256 kinds=4/4/4
ROCKNPU GGML TRACE qkv_stash layer=19 first=blk.19.attn_v.weight second=blk.19.attn_k.weight
ROCKNPU GGML TRACE mul_mat weight=blk.19.attn_output.weight type=q4_K M=1 K=2048 N=2048 path=w8a8_m1
ROCKNPU GGML TRACE ffn_pair first=blk.19.ffn_gate.weight second=blk.19.ffn_up.weight M=1 K=2048 N=5632+5632 kinds=4/4 path=m1_pair
ROCKNPU GGML TRACE mul_mat weight=blk.19.ffn_down.weight type=q4_K M=1 K=5632 N=2048 path=w8a8_m1
ROCKNPU GGML TRACE qkv_triple layer=20 K=2048 N=2048+256+256 kinds=4/6/4
ROCKNPU GGML TRACE qkv_stash layer=20 first=blk.20.attn_v.weight second=blk.20.attn_k.weight
ROCKNPU GGML TRACE mul_mat weight=blk.20.attn_output.weight type=q4_K M=1 K=2048 N=2048 path=w8a8_m1
ROCKNPU GGML TRACE ffn_pair first=blk.20.ffn_gate.weight second=blk.20.ffn_up.weight M=1 K=2048 N=5632+5632 kinds=4/4 path=m1_pair
ROCKNPU GGML TRACE mul_mat weight=blk.20.ffn_down.weight type=q6_K M=1 K=5632 N=2048 path=w8a8_m1
ROCKNPU GGML TRACE qkv_triple layer=21 K=2048 N=2048+256+256 kinds=4/4/4
ROCKNPU GGML TRACE qkv_stash layer=21 first=blk.21.attn_v.weight second=blk.21.attn_k.weight
ROCKNPU GGML TRACE mul_mat weight=blk.21.attn_output.weight type=q4_K M=1 K=2048 N=2048 path=w8a8_m1
ROCKNPU GGML TRACE ffn_pair first=blk.21.ffn_gate.weight second=blk.21.ffn_up.weight M=1 K=2048 N=5632+5632 kinds=4/4 path=m1_pair
ROCKNPU GGML TRACE mul_mat weight=blk.21.ffn_down.weight type=q4_K M=1 K=5632 N=2048 path=w8a8_m1
ROCKNPU GGML TRACE qkv_triple layer=0 K=2048 N=2048+256+256 kinds=4/6/4
ROCKNPU GGML TRACE qkv_stash layer=0 first=blk.0.attn_v.weight second=blk.0.attn_k.weight
ROCKNPU GGML TRACE mul_mat weight=blk.0.attn_output.weight type=q4_K M=1 K=2048 N=2048 path=w8a8_m1
ROCKNPU GGML TRACE ffn_pair first=blk.0.ffn_gate.weight second=blk.0.ffn_up.weight M=1 K=2048 N=5632+5632 kinds=4/4 path=m1_pair
ROCKNPU GGML TRACE mul_mat weight=blk.0.ffn_down.weight type=q6_K M=1 K=5632 N=2048 path=w8a8_m1
ROCKNPU GGML TRACE qkv_triple layer=1 K=2048 N=2048+256+256 kinds=4/6/4
ROCKNPU GGML TRACE qkv_stash layer=1 first=blk.1.attn_v.weight second=blk.1.attn_k.weight
ROCKNPU GGML TRACE mul_mat weight=blk.1.attn_output.weight type=q4_K M=1 K=2048 N=2048 path=w8a8_m1
ROCKNPU GGML TRACE ffn_pair first=blk.1.ffn_gate.weight second=blk.1.ffn_up.weight M=1 K=2048 N=5632+5632 kinds=4/4 path=m1_pair
ROCKNPU GGML TRACE mul_mat weight=blk.1.ffn_down.weight type=q6_K M=1 K=5632 N=2048 path=w8a8_m1
ROCKNPU GGML TRACE qkv_triple layer=2 K=2048 N=2048+256+256 kinds=4/4/4
ROCKNPU GGML TRACE qkv_stash layer=2 first=blk.2.attn_v.weight second=blk.2.attn_k.weight
ROCKNPU GGML TRACE mul_mat weight=blk.2.attn_output.weight type=q4_K M=1 K=2048 N=2048 path=w8a8_m1
ROCKNPU GGML TRACE ffn_pair first=blk.2.ffn_gate.weight second=blk.2.ffn_up.weight M=1 K=2048 N=5632+5632 kinds=4/4 path=m1_pair
ROCKNPU GGML TRACE mul_mat weight=blk.2.ffn_down.weight type=q4_K M=1 K=5632 N=2048 path=w8a8_m1
ROCKNPU GGML TRACE qkv_triple layer=3 K=2048 N=2048+256+256 kinds=4/4/4
ROCKNPU GGML TRACE qkv_stash layer=3 first=blk.3.attn_v.weight second=blk.3.attn_k.weight
ROCKNPU GGML TRACE mul_mat weight=blk.3.attn_output.weight type=q4_K M=1 K=2048 N=2048 path=w8a8_m1
ROCKNPU GGML TRACE ffn_pair first=blk.3.ffn_gate.weight second=blk.3.ffn_up.weight M=1 K=2048 N=5632+5632 kinds=4/4 path=m1_pair
ROCKNPU GGML TRACE mul_mat weight=blk.3.ffn_down.weight type=q4_K M=1 K=5632 N=2048 path=w8a8_m1
ROCKNPU GGML TRACE qkv_triple layer=4 K=2048 N=2048+256+256 kinds=4/6/4
ROCKNPU GGML TRACE qkv_stash layer=4 first=blk.4.attn_v.weight second=blk.4.attn_k.weight
ROCKNPU GGML TRACE mul_mat weight=blk.4.attn_output.weight type=q4_K M=1 K=2048 N=2048 path=w8a8_m1
ROCKNPU GGML TRACE ffn_pair first=blk.4.ffn_gate.weight second=blk.4.ffn_up.weight M=1 K=2048 N=5632+5632 kinds=4/4 path=m1_pair
ROCKNPU GGML TRACE mul_mat weight=blk.4.ffn_down.weight type=q6_K M=1 K=5632 N=2048 path=w8a8_m1
ROCKNPU GGML TRACE qkv_triple layer=5 K=2048 N=2048+256+256 kinds=4/4/4
ROCKNPU GGML TRACE qkv_stash layer=5 first=blk.5.attn_v.weight second=blk.5.attn_k.weight
ROCKNPU GGML TRACE mul_mat weight=blk.5.attn_output.weight type=q4_K M=1 K=2048 N=2048 path=w8a8_m1
ROCKNPU GGML TRACE ffn_pair first=blk.5.ffn_gate.weight second=blk.5.ffn_up.weight M=1 K=2048 N=5632+5632 kinds=4/4 path=m1_pair
ROCKNPU GGML TRACE mul_mat weight=blk.5.ffn_down.weight type=q4_K M=1 K=5632 N=2048 path=w8a8_m1
ROCKNPU GGML TRACE qkv_triple layer=6 K=2048 N=2048+256+256 kinds=4/4/4
ROCKNPU GGML TRACE qkv_stash layer=6 first=blk.6.attn_v.weight second=blk.6.attn_k.weight
ROCKNPU GGML TRACE mul_mat weight=blk.6.attn_output.weight type=q4_K M=1 K=2048 N=2048 path=w8a8_m1
ROCKNPU GGML TRACE ffn_pair first=blk.6.ffn_gate.weight second=blk.6.ffn_up.weight M=1 K=2048 N=5632+5632 kinds=4/4 path=m1_pair
ROCKNPU GGML TRACE mul_mat weight=blk.6.ffn_down.weight type=q4_K M=1 K=5632 N=2048 path=w8a8_m1
ROCKNPU GGML TRACE qkv_triple layer=7 K=2048 N=2048+256+256 kinds=4/6/4
ROCKNPU GGML TRACE qkv_stash layer=7 first=blk.7.attn_v.weight second=blk.7.attn_k.weight
ROCKNPU GGML TRACE mul_mat weight=blk.7.attn_output.weight type=q4_K M=1 K=2048 N=2048 path=w8a8_m1
ROCKNPU GGML TRACE ffn_pair first=blk.7.ffn_gate.weight second=blk.7.ffn_up.weight M=1 K=2048 N=5632+5632 kinds=4/4 path=m1_pair
ROCKNPU GGML TRACE mul_mat weight=blk.7.ffn_down.weight type=q6_K M=1 K=5632 N=2048 path=w8a8_m1
ROCKNPU GGML TRACE qkv_triple layer=8 K=2048 N=2048+256+256 kinds=4/6/4
ROCKNPU GGML TRACE qkv_stash layer=8 first=blk.8.attn_v.weight second=blk.8.attn_k.weight
ROCKNPU GGML TRACE mul_mat weight=blk.8.attn_output.weight type=q4_K M=1 K=2048 N=2048 path=w8a8_m1
ROCKNPU GGML TRACE ffn_pair first=blk.8.ffn_gate.weight second=blk.8.ffn_up.weight M=1 K=2048 N=5632+5632 kinds=4/4 path=m1_pair
ROCKNPU GGML TRACE mul_mat weight=blk.8.ffn_down.weight type=q6_K M=1 K=5632 N=2048 path=w8a8_m1
ROCKNPU GGML TRACE qkv_triple layer=9 K=2048 N=2048+256+256 kinds=4/6/4
ROCKNPU GGML TRACE qkv_stash layer=9 first=blk.9.attn_v.weight second=blk.9.attn_k.weight
ROCKNPU GGML TRACE mul_mat weight=blk.9.attn_output.weight type=q4_K M=1 K=2048 N=2048 path=w8a8_m1
ROCKNPU GGML TRACE ffn_pair first=blk.9.ffn_gate.weight second=blk.9.ffn_up.weight M=1 K=2048 N=5632+5632 kinds=4/4 path=m1_pair
ROCKNPU GGML TRACE mul_mat weight=blk.9.ffn_down.weight type=q6_K M=1 K=5632 N=2048 path=w8a8_m1
ROCKNPU GGML TRACE qkv_triple layer=10 K=2048 N=2048+256+256 kinds=4/4/4
ROCKNPU GGML TRACE qkv_stash layer=10 first=blk.10.attn_v.weight second=blk.10.attn_k.weight
ROCKNPU GGML TRACE mul_mat weight=blk.10.attn_output.weight type=q4_K M=1 K=2048 N=2048 path=w8a8_m1
ROCKNPU GGML TRACE ffn_pair first=blk.10.ffn_gate.weight second=blk.10.ffn_up.weight M=1 K=2048 N=5632+5632 kinds=4/4 path=m1_pair
ROCKNPU GGML TRACE mul_mat weight=blk.10.ffn_down.weight type=q4_K M=1 K=5632 N=2048 path=w8a8_m1
ROCKNPU GGML TRACE qkv_triple layer=11 K=2048 N=2048+256+256 kinds=4/4/4
ROCKNPU GGML TRACE qkv_stash layer=11 first=blk.11.attn_v.weight second=blk.11.attn_k.weight
ROCKNPU GGML TRACE mul_mat weight=blk.11.attn_output.weight type=q4_K M=1 K=2048 N=2048 path=w8a8_m1
ROCKNPU GGML TRACE ffn_pair first=blk.11.ffn_gate.weight second=blk.11.ffn_up.weight M=1 K=2048 N=5632+5632 kinds=4/4 path=m1_pair
ROCKNPU GGML TRACE mul_mat weight=blk.11.ffn_down.weight type=q4_K M=1 K=5632 N=2048 path=w8a8_m1
ROCKNPU GGML TRACE qkv_triple layer=12 K=2048 N=2048+256+256 kinds=4/6/4
ROCKNPU GGML TRACE qkv_stash layer=12 first=blk.12.attn_v.weight second=blk.12.attn_k.weight
ROCKNPU GGML TRACE mul_mat weight=blk.12.attn_output.weight type=q4_K M=1 K=2048 N=2048 path=w8a8_m1
ROCKNPU GGML TRACE ffn_pair first=blk.12.ffn_gate.weight second=blk.12.ffn_up.weight M=1 K=2048 N=5632+5632 kinds=4/4 path=m1_pair
ROCKNPU GGML TRACE mul_mat weight=blk.12.ffn_down.weight type=q6_K M=1 K=5632 N=2048 path=w8a8_m1
ROCKNPU GGML TRACE qkv_triple layer=13 K=2048 N=2048+256+256 kinds=4/4/4
ROCKNPU GGML TRACE qkv_stash layer=13 first=blk.13.attn_v.weight second=blk.13.attn_k.weight
ROCKNPU GGML TRACE mul_mat weight=blk.13.attn_output.weight type=q4_K M=1 K=2048 N=2048 path=w8a8_m1
ROCKNPU GGML TRACE ffn_pair first=blk.13.ffn_gate.weight second=blk.13.ffn_up.weight M=1 K=2048 N=5632+5632 kinds=4/4 path=m1_pair
ROCKNPU GGML TRACE mul_mat weight=blk.13.ffn_down.weight type=q4_K M=1 K=5632 N=2048 path=w8a8_m1
ROCKNPU GGML TRACE qkv_triple layer=14 K=2048 N=2048+256+256 kinds=4/4/4
ROCKNPU GGML TRACE qkv_stash layer=14 first=blk.14.attn_v.weight second=blk.14.attn_k.weight
ROCKNPU GGML TRACE mul_mat weight=blk.14.attn_output.weight type=q4_K M=1 K=2048 N=2048 path=w8a8_m1
ROCKNPU GGML TRACE ffn_pair first=blk.14.ffn_gate.weight second=blk.14.ffn_up.weight M=1 K=2048 N=5632+5632 kinds=4/4 path=m1_pair
ROCKNPU GGML TRACE mul_mat weight=blk.14.ffn_down.weight type=q4_K M=1 K=5632 N=2048 path=w8a8_m1
ROCKNPU GGML TRACE qkv_triple layer=15 K=2048 N=2048+256+256 kinds=4/6/4
ROCKNPU GGML TRACE qkv_stash layer=15 first=blk.15.attn_v.weight second=blk.15.attn_k.weight
ROCKNPU GGML TRACE mul_mat weight=blk.15.attn_output.weight type=q4_K M=1 K=2048 N=2048 path=w8a8_m1
ROCKNPU GGML TRACE ffn_pair first=blk.15.ffn_gate.weight second=blk.15.ffn_up.weight M=1 K=2048 N=5632+5632 kinds=4/4 path=m1_pair
ROCKNPU GGML TRACE mul_mat weight=blk.15.ffn_down.weight type=q6_K M=1 K=5632 N=2048 path=w8a8_m1
ROCKNPU GGML TRACE qkv_triple layer=16 K=2048 N=2048+256+256 kinds=4/4/4
ROCKNPU GGML TRACE qkv_stash layer=16 first=blk.16.attn_v.weight second=blk.16.attn_k.weight
ROCKNPU GGML TRACE mul_mat weight=blk.16.attn_output.weight type=q4_K M=1 K=2048 N=2048 path=w8a8_m1
ROCKNPU GGML TRACE ffn_pair first=blk.16.ffn_gate.weight second=blk.16.ffn_up.weight M=1 K=2048 N=5632+5632 kinds=4/4 path=m1_pair
ROCKNPU GGML TRACE mul_mat weight=blk.16.ffn_down.weight type=q4_K M=1 K=5632 N=2048 path=w8a8_m1
ROCKNPU GGML TRACE qkv_triple layer=17 K=2048 N=2048+256+256 kinds=4/4/4
ROCKNPU GGML TRACE qkv_stash layer=17 first=blk.17.attn_v.weight second=blk.17.attn_k.weight
ROCKNPU GGML TRACE mul_mat weight=blk.17.attn_output.weight type=q4_K M=1 K=2048 N=2048 path=w8a8_m1
ROCKNPU GGML TRACE ffn_pair first=blk.17.ffn_gate.weight second=blk.17.ffn_up.weight M=1 K=2048 N=5632+5632 kinds=4/4 path=m1_pair
ROCKNPU GGML TRACE mul_mat weight=blk.17.ffn_down.weight type=q4_K M=1 K=5632 N=2048 path=w8a8_m1
ROCKNPU GGML TRACE qkv_triple layer=18 K=2048 N=2048+256+256 kinds=4/6/4
ROCKNPU GGML TRACE qkv_stash layer=18 first=blk.18.attn_v.weight second=blk.18.attn_k.weight
ROCKNPU GGML TRACE mul_mat weight=blk.18.attn_output.weight type=q4_K M=1 K=2048 N=2048 path=w8a8_m1
ROCKNPU GGML TRACE ffn_pair first=blk.18.ffn_gate.weight second=blk.18.ffn_up.weight M=1 K=2048 N=5632+5632 kinds=4/4 path=m1_pair
ROCKNPU GGML TRACE mul_mat weight=blk.18.ffn_down.weight type=q6_K M=1 K=5632 N=2048 path=w8a8_m1
ROCKNPU GGML TRACE qkv_triple layer=19 K=2048 N=2048+256+256 kinds=4/4/4
ROCKNPU GGML TRACE qkv_stash layer=19 first=blk.19.attn_v.weight second=blk.19.attn_k.weight
ROCKNPU GGML TRACE mul_mat weight=blk.19.attn_output.weight type=q4_K M=1 K=2048 N=2048 path=w8a8_m1
ROCKNPU GGML TRACE ffn_pair first=blk.19.ffn_gate.weight second=blk.19.ffn_up.weight M=1 K=2048 N=5632+5632 kinds=4/4 path=m1_pair
ROCKNPU GGML TRACE mul_mat weight=blk.19.ffn_down.weight type=q4_K M=1 K=5632 N=2048 path=w8a8_m1
ROCKNPU GGML TRACE qkv_triple layer=20 K=2048 N=2048+256+256 kinds=4/6/4
ROCKNPU GGML TRACE qkv_stash layer=20 first=blk.20.attn_v.weight second=blk.20.attn_k.weight
ROCKNPU GGML TRACE mul_mat weight=blk.20.attn_output.weight type=q4_K M=1 K=2048 N=2048 path=w8a8_m1
ROCKNPU GGML TRACE ffn_pair first=blk.20.ffn_gate.weight second=blk.20.ffn_up.weight M=1 K=2048 N=5632+5632 kinds=4/4 path=m1_pair
ROCKNPU GGML TRACE mul_mat weight=blk.20.ffn_down.weight type=q6_K M=1 K=5632 N=2048 path=w8a8_m1
ROCKNPU GGML TRACE qkv_triple layer=21 K=2048 N=2048+256+256 kinds=4/4/4
ROCKNPU GGML TRACE qkv_stash layer=21 first=blk.21.attn_v.weight second=blk.21.attn_k.weight
ROCKNPU GGML TRACE mul_mat weight=blk.21.attn_output.weight type=q4_K M=1 K=2048 N=2048 path=w8a8_m1
ROCKNPU GGML TRACE ffn_pair first=blk.21.ffn_gate.weight second=blk.21.ffn_up.weight M=1 K=2048 N=5632+5632 kinds=4/4 path=m1_pair
ROCKNPU GGML TRACE mul_mat weight=blk.21.ffn_down.weight type=q4_K M=1 K=5632 N=2048 path=w8a8_m1
ROCKNPU GGML TRACE qkv_triple layer=0 K=2048 N=2048+256+256 kinds=4/6/4
ROCKNPU GGML TRACE qkv_stash layer=0 first=blk.0.attn_v.weight second=blk.0.attn_k.weight
ROCKNPU GGML TRACE mul_mat weight=blk.0.attn_output.weight type=q4_K M=1 K=2048 N=2048 path=w8a8_m1
ROCKNPU GGML TRACE ffn_pair first=blk.0.ffn_gate.weight second=blk.0.ffn_up.weight M=1 K=2048 N=5632+5632 kinds=4/4 path=m1_pair
ROCKNPU GGML TRACE mul_mat weight=blk.0.ffn_down.weight type=q6_K M=1 K=5632 N=2048 path=w8a8_m1
ROCKNPU GGML TRACE qkv_triple layer=1 K=2048 N=2048+256+256 kinds=4/6/4
ROCKNPU GGML TRACE qkv_stash layer=1 first=blk.1.attn_v.weight second=blk.1.attn_k.weight
ROCKNPU GGML TRACE mul_mat weight=blk.1.attn_output.weight type=q4_K M=1 K=2048 N=2048 path=w8a8_m1
ROCKNPU GGML TRACE ffn_pair first=blk.1.ffn_gate.weight second=blk.1.ffn_up.weight M=1 K=2048 N=5632+5632 kinds=4/4 path=m1_pair
ROCKNPU GGML TRACE mul_mat weight=blk.1.ffn_down.weight type=q6_K M=1 K=5632 N=2048 path=w8a8_m1
ROCKNPU GGML TRACE qkv_triple layer=2 K=2048 N=2048+256+256 kinds=4/4/4
ROCKNPU GGML TRACE qkv_stash layer=2 first=blk.2.attn_v.weight second=blk.2.attn_k.weight
ROCKNPU GGML TRACE mul_mat weight=blk.2.attn_output.weight type=q4_K M=1 K=2048 N=2048 path=w8a8_m1
ROCKNPU GGML TRACE ffn_pair first=blk.2.ffn_gate.weight second=blk.2.ffn_up.weight M=1 K=2048 N=5632+5632 kinds=4/4 path=m1_pair
ROCKNPU GGML TRACE mul_mat weight=blk.2.ffn_down.weight type=q4_K M=1 K=5632 N=2048 path=w8a8_m1
ROCKNPU GGML TRACE qkv_triple layer=3 K=2048 N=2048+256+256 kinds=4/4/4
ROCKNPU GGML TRACE qkv_stash layer=3 first=blk.3.attn_v.weight second=blk.3.attn_k.weight
ROCKNPU GGML TRACE mul_mat weight=blk.3.attn_output.weight type=q4_K M=1 K=2048 N=2048 path=w8a8_m1
ROCKNPU GGML TRACE ffn_pair first=blk.3.ffn_gate.weight second=blk.3.ffn_up.weight M=1 K=2048 N=5632+5632 kinds=4/4 path=m1_pair
ROCKNPU GGML TRACE mul_mat weight=blk.3.ffn_down.weight type=q4_K M=1 K=5632 N=2048 path=w8a8_m1
ROCKNPU GGML TRACE qkv_triple layer=4 K=2048 N=2048+256+256 kinds=4/6/4
ROCKNPU GGML TRACE qkv_stash layer=4 first=blk.4.attn_v.weight second=blk.4.attn_k.weight
ROCKNPU GGML TRACE mul_mat weight=blk.4.attn_output.weight type=q4_K M=1 K=2048 N=2048 path=w8a8_m1
ROCKNPU GGML TRACE ffn_pair first=blk.4.ffn_gate.weight second=blk.4.ffn_up.weight M=1 K=2048 N=5632+5632 kinds=4/4 path=m1_pair
ROCKNPU GGML TRACE mul_mat weight=blk.4.ffn_down.weight type=q6_K M=1 K=5632 N=2048 path=w8a8_m1
ROCKNPU GGML TRACE qkv_triple layer=5 K=2048 N=2048+256+256 kinds=4/4/4
ROCKNPU GGML TRACE qkv_stash layer=5 first=blk.5.attn_v.weight second=blk.5.attn_k.weight
ROCKNPU GGML TRACE mul_mat weight=blk.5.attn_output.weight type=q4_K M=1 K=2048 N=2048 path=w8a8_m1
ROCKNPU GGML TRACE ffn_pair first=blk.5.ffn_gate.weight second=blk.5.ffn_up.weight M=1 K=2048 N=5632+5632 kinds=4/4 path=m1_pair
ROCKNPU GGML TRACE mul_mat weight=blk.5.ffn_down.weight type=q4_K M=1 K=5632 N=2048 path=w8a8_m1
ROCKNPU GGML TRACE qkv_triple layer=6 K=2048 N=2048+256+256 kinds=4/4/4
ROCKNPU GGML TRACE qkv_stash layer=6 first=blk.6.attn_v.weight second=blk.6.attn_k.weight
ROCKNPU GGML TRACE mul_mat weight=blk.6.attn_output.weight type=q4_K M=1 K=2048 N=2048 path=w8a8_m1
ROCKNPU GGML TRACE ffn_pair first=blk.6.ffn_gate.weight second=blk.6.ffn_up.weight M=1 K=2048 N=5632+5632 kinds=4/4 path=m1_pair
ROCKNPU GGML TRACE mul_mat weight=blk.6.ffn_down.weight type=q4_K M=1 K=5632 N=2048 path=w8a8_m1
ROCKNPU GGML TRACE qkv_triple layer=7 K=2048 N=2048+256+256 kinds=4/6/4
ROCKNPU GGML TRACE qkv_stash layer=7 first=blk.7.attn_v.weight second=blk.7.attn_k.weight
ROCKNPU GGML TRACE mul_mat weight=blk.7.attn_output.weight type=q4_K M=1 K=2048 N=2048 path=w8a8_m1
ROCKNPU GGML TRACE ffn_pair first=blk.7.ffn_gate.weight second=blk.7.ffn_up.weight M=1 K=2048 N=5632+5632 kinds=4/4 path=m1_pair
ROCKNPU GGML TRACE mul_mat weight=blk.7.ffn_down.weight type=q6_K M=1 K=5632 N=2048 path=w8a8_m1
ROCKNPU GGML TRACE qkv_triple layer=8 K=2048 N=2048+256+256 kinds=4/6/4
ROCKNPU GGML TRACE qkv_stash layer=8 first=blk.8.attn_v.weight second=blk.8.attn_k.weight
ROCKNPU GGML TRACE mul_mat weight=blk.8.attn_output.weight type=q4_K M=1 K=2048 N=2048 path=w8a8_m1
ROCKNPU GGML TRACE ffn_pair first=blk.8.ffn_gate.weight second=blk.8.ffn_up.weight M=1 K=2048 N=5632+5632 kinds=4/4 path=m1_pair
ROCKNPU GGML TRACE mul_mat weight=blk.8.ffn_down.weight type=q6_K M=1 K=5632 N=2048 path=w8a8_m1
ROCKNPU GGML TRACE qkv_triple layer=9 K=2048 N=2048+256+256 kinds=4/6/4
ROCKNPU GGML TRACE qkv_stash layer=9 first=blk.9.attn_v.weight second=blk.9.attn_k.weight
ROCKNPU GGML TRACE mul_mat weight=blk.9.attn_output.weight type=q4_K M=1 K=2048 N=2048 path=w8a8_m1
ROCKNPU GGML TRACE ffn_pair first=blk.9.ffn_gate.weight second=blk.9.ffn_up.weight M=1 K=2048 N=5632+5632 kinds=4/4 path=m1_pair
ROCKNPU GGML TRACE mul_mat weight=blk.9.ffn_down.weight type=q6_K M=1 K=5632 N=2048 path=w8a8_m1
ROCKNPU GGML TRACE qkv_triple layer=10 K=2048 N=2048+256+256 kinds=4/4/4
ROCKNPU GGML TRACE qkv_stash layer=10 first=blk.10.attn_v.weight second=blk.10.attn_k.weight
ROCKNPU GGML TRACE mul_mat weight=blk.10.attn_output.weight type=q4_K M=1 K=2048 N=2048 path=w8a8_m1
ROCKNPU GGML TRACE ffn_pair first=blk.10.ffn_gate.weight second=blk.10.ffn_up.weight M=1 K=2048 N=5632+5632 kinds=4/4 path=m1_pair
ROCKNPU GGML TRACE mul_mat weight=blk.10.ffn_down.weight type=q4_K M=1 K=5632 N=2048 path=w8a8_m1
ROCKNPU GGML TRACE qkv_triple layer=11 K=2048 N=2048+256+256 kinds=4/4/4
ROCKNPU GGML TRACE qkv_stash layer=11 first=blk.11.attn_v.weight second=blk.11.attn_k.weight
ROCKNPU GGML TRACE mul_mat weight=blk.11.attn_output.weight type=q4_K M=1 K=2048 N=2048 path=w8a8_m1
ROCKNPU GGML TRACE ffn_pair first=blk.11.ffn_gate.weight second=blk.11.ffn_up.weight M=1 K=2048 N=5632+5632 kinds=4/4 path=m1_pair
ROCKNPU GGML TRACE mul_mat weight=blk.11.ffn_down.weight type=q4_K M=1 K=5632 N=2048 path=w8a8_m1
ROCKNPU GGML TRACE qkv_triple layer=12 K=2048 N=2048+256+256 kinds=4/6/4
ROCKNPU GGML TRACE qkv_stash layer=12 first=blk.12.attn_v.weight second=blk.12.attn_k.weight
ROCKNPU GGML TRACE mul_mat weight=blk.12.attn_output.weight type=q4_K M=1 K=2048 N=2048 path=w8a8_m1
ROCKNPU GGML TRACE ffn_pair first=blk.12.ffn_gate.weight second=blk.12.ffn_up.weight M=1 K=2048 N=5632+5632 kinds=4/4 path=m1_pair
ROCKNPU GGML TRACE mul_mat weight=blk.12.ffn_down.weight type=q6_K M=1 K=5632 N=2048 path=w8a8_m1
ROCKNPU GGML TRACE qkv_triple layer=13 K=2048 N=2048+256+256 kinds=4/4/4
ROCKNPU GGML TRACE qkv_stash layer=13 first=blk.13.attn_v.weight second=blk.13.attn_k.weight
ROCKNPU GGML TRACE mul_mat weight=blk.13.attn_output.weight type=q4_K M=1 K=2048 N=2048 path=w8a8_m1
ROCKNPU GGML TRACE ffn_pair first=blk.13.ffn_gate.weight second=blk.13.ffn_up.weight M=1 K=2048 N=5632+5632 kinds=4/4 path=m1_pair
ROCKNPU GGML TRACE mul_mat weight=blk.13.ffn_down.weight type=q4_K M=1 K=5632 N=2048 path=w8a8_m1
ROCKNPU GGML TRACE qkv_triple layer=14 K=2048 N=2048+256+256 kinds=4/4/4
ROCKNPU GGML TRACE qkv_stash layer=14 first=blk.14.attn_v.weight second=blk.14.attn_k.weight
ROCKNPU GGML TRACE mul_mat weight=blk.14.attn_output.weight type=q4_K M=1 K=2048 N=2048 path=w8a8_m1
ROCKNPU GGML TRACE ffn_pair first=blk.14.ffn_gate.weight second=blk.14.ffn_up.weight M=1 K=2048 N=5632+5632 kinds=4/4 path=m1_pair
ROCKNPU GGML TRACE mul_mat weight=blk.14.ffn_down.weight type=q4_K M=1 K=5632 N=2048 path=w8a8_m1
ROCKNPU GGML TRACE qkv_triple layer=15 K=2048 N=2048+256+256 kinds=4/6/4
ROCKNPU GGML TRACE qkv_stash layer=15 first=blk.15.attn_v.weight second=blk.15.attn_k.weight
ROCKNPU GGML TRACE mul_mat weight=blk.15.attn_output.weight type=q4_K M=1 K=2048 N=2048 path=w8a8_m1
ROCKNPU GGML TRACE ffn_pair first=blk.15.ffn_gate.weight second=blk.15.ffn_up.weight M=1 K=2048 N=5632+5632 kinds=4/4 path=m1_pair
ROCKNPU GGML TRACE mul_mat weight=blk.15.ffn_down.weight type=q6_K M=1 K=5632 N=2048 path=w8a8_m1
ROCKNPU GGML TRACE qkv_triple layer=16 K=2048 N=2048+256+256 kinds=4/4/4
ROCKNPU GGML TRACE qkv_stash layer=16 first=blk.16.attn_v.weight second=blk.16.attn_k.weight
ROCKNPU GGML TRACE mul_mat weight=blk.16.attn_output.weight type=q4_K M=1 K=2048 N=2048 path=w8a8_m1
ROCKNPU GGML TRACE ffn_pair first=blk.16.ffn_gate.weight second=blk.16.ffn_up.weight M=1 K=2048 N=5632+5632 kinds=4/4 path=m1_pair
ROCKNPU GGML TRACE mul_mat weight=blk.16.ffn_down.weight type=q4_K M=1 K=5632 N=2048 path=w8a8_m1
ROCKNPU GGML TRACE qkv_triple layer=17 K=2048 N=2048+256+256 kinds=4/4/4
ROCKNPU GGML TRACE qkv_stash layer=17 first=blk.17.attn_v.weight second=blk.17.attn_k.weight
ROCKNPU GGML TRACE mul_mat weight=blk.17.attn_output.weight type=q4_K M=1 K=2048 N=2048 path=w8a8_m1
ROCKNPU GGML TRACE ffn_pair first=blk.17.ffn_gate.weight second=blk.17.ffn_up.weight M=1 K=2048 N=5632+5632 kinds=4/4 path=m1_pair
ROCKNPU GGML TRACE mul_mat weight=blk.17.ffn_down.weight type=q4_K M=1 K=5632 N=2048 path=w8a8_m1
ROCKNPU GGML TRACE qkv_triple layer=18 K=2048 N=2048+256+256 kinds=4/6/4
ROCKNPU GGML TRACE qkv_stash layer=18 first=blk.18.attn_v.weight second=blk.18.attn_k.weight
ROCKNPU GGML TRACE mul_mat weight=blk.18.attn_output.weight type=q4_K M=1 K=2048 N=2048 path=w8a8_m1
ROCKNPU GGML TRACE ffn_pair first=blk.18.ffn_gate.weight second=blk.18.ffn_up.weight M=1 K=2048 N=5632+5632 kinds=4/4 path=m1_pair
ROCKNPU GGML TRACE mul_mat weight=blk.18.ffn_down.weight type=q6_K M=1 K=5632 N=2048 path=w8a8_m1
ROCKNPU GGML TRACE qkv_triple layer=19 K=2048 N=2048+256+256 kinds=4/4/4
ROCKNPU GGML TRACE qkv_stash layer=19 first=blk.19.attn_v.weight second=blk.19.attn_k.weight
ROCKNPU GGML TRACE mul_mat weight=blk.19.attn_output.weight type=q4_K M=1 K=2048 N=2048 path=w8a8_m1
ROCKNPU GGML TRACE ffn_pair first=blk.19.ffn_gate.weight second=blk.19.ffn_up.weight M=1 K=2048 N=5632+5632 kinds=4/4 path=m1_pair
ROCKNPU GGML TRACE mul_mat weight=blk.19.ffn_down.weight type=q4_K M=1 K=5632 N=2048 path=w8a8_m1
ROCKNPU GGML TRACE qkv_triple layer=20 K=2048 N=2048+256+256 kinds=4/6/4
ROCKNPU GGML TRACE qkv_stash layer=20 first=blk.20.attn_v.weight second=blk.20.attn_k.weight
ROCKNPU GGML TRACE mul_mat weight=blk.20.attn_output.weight type=q4_K M=1 K=2048 N=2048 path=w8a8_m1
ROCKNPU GGML TRACE ffn_pair first=blk.20.ffn_gate.weight second=blk.20.ffn_up.weight M=1 K=2048 N=5632+5632 kinds=4/4 path=m1_pair
ROCKNPU GGML TRACE mul_mat weight=blk.20.ffn_down.weight type=q6_K M=1 K=5632 N=2048 path=w8a8_m1
ROCKNPU GGML TRACE qkv_triple layer=21 K=2048 N=2048+256+256 kinds=4/4/4
ROCKNPU GGML TRACE qkv_stash layer=21 first=blk.21.attn_v.weight second=blk.21.attn_k.weight
ROCKNPU GGML TRACE mul_mat weight=blk.21.attn_output.weight type=q4_K M=1 K=2048 N=2048 path=w8a8_m1
ROCKNPU GGML TRACE ffn_pair first=blk.21.ffn_gate.weight second=blk.21.ffn_up.weight M=1 K=2048 N=5632+5632 kinds=4/4 path=m1_pair
ROCKNPU GGML TRACE mul_mat weight=blk.21.ffn_down.weight type=q4_K M=1 K=5632 N=2048 path=w8a8_m1
ROCKNPU GGML TRACE qkv_triple layer=0 K=2048 N=2048+256+256 kinds=4/6/4
ROCKNPU GGML TRACE qkv_stash layer=0 first=blk.0.attn_v.weight second=blk.0.attn_k.weight
ROCKNPU GGML TRACE mul_mat weight=blk.0.attn_output.weight type=q4_K M=1 K=2048 N=2048 path=w8a8_m1
ROCKNPU GGML TRACE ffn_pair first=blk.0.ffn_gate.weight second=blk.0.ffn_up.weight M=1 K=2048 N=5632+5632 kinds=4/4 path=m1_pair
ROCKNPU GGML TRACE mul_mat weight=blk.0.ffn_down.weight type=q6_K M=1 K=5632 N=2048 path=w8a8_m1
ROCKNPU GGML TRACE qkv_triple layer=1 K=2048 N=2048+256+256 kinds=4/6/4
ROCKNPU GGML TRACE qkv_stash layer=1 first=blk.1.attn_v.weight second=blk.1.attn_k.weight
ROCKNPU GGML TRACE mul_mat weight=blk.1.attn_output.weight type=q4_K M=1 K=2048 N=2048 path=w8a8_m1
ROCKNPU GGML TRACE ffn_pair first=blk.1.ffn_gate.weight second=blk.1.ffn_up.weight M=1 K=2048 N=5632+5632 kinds=4/4 path=m1_pair
ROCKNPU GGML TRACE mul_mat weight=blk.1.ffn_down.weight type=q6_K M=1 K=5632 N=2048 path=w8a8_m1
ROCKNPU GGML TRACE qkv_triple layer=2 K=2048 N=2048+256+256 kinds=4/4/4
ROCKNPU GGML TRACE qkv_stash layer=2 first=blk.2.attn_v.weight second=blk.2.attn_k.weight
ROCKNPU GGML TRACE mul_mat weight=blk.2.attn_output.weight type=q4_K M=1 K=2048 N=2048 path=w8a8_m1
ROCKNPU GGML TRACE ffn_pair first=blk.2.ffn_gate.weight second=blk.2.ffn_up.weight M=1 K=2048 N=5632+5632 kinds=4/4 path=m1_pair
ROCKNPU GGML TRACE mul_mat weight=blk.2.ffn_down.weight type=q4_K M=1 K=5632 N=2048 path=w8a8_m1
ROCKNPU GGML TRACE qkv_triple layer=3 K=2048 N=2048+256+256 kinds=4/4/4
ROCKNPU GGML TRACE qkv_stash layer=3 first=blk.3.attn_v.weight second=blk.3.attn_k.weight
ROCKNPU GGML TRACE mul_mat weight=blk.3.attn_output.weight type=q4_K M=1 K=2048 N=2048 path=w8a8_m1
ROCKNPU GGML TRACE ffn_pair first=blk.3.ffn_gate.weight second=blk.3.ffn_up.weight M=1 K=2048 N=5632+5632 kinds=4/4 path=m1_pair
ROCKNPU GGML TRACE mul_mat weight=blk.3.ffn_down.weight type=q4_K M=1 K=5632 N=2048 path=w8a8_m1
ROCKNPU GGML TRACE qkv_triple layer=4 K=2048 N=2048+256+256 kinds=4/6/4
ROCKNPU GGML TRACE qkv_stash layer=4 first=blk.4.attn_v.weight second=blk.4.attn_k.weight
ROCKNPU GGML TRACE mul_mat weight=blk.4.attn_output.weight type=q4_K M=1 K=2048 N=2048 path=w8a8_m1
ROCKNPU GGML TRACE ffn_pair first=blk.4.ffn_gate.weight second=blk.4.ffn_up.weight M=1 K=2048 N=5632+5632 kinds=4/4 path=m1_pair
ROCKNPU GGML TRACE mul_mat weight=blk.4.ffn_down.weight type=q6_K M=1 K=5632 N=2048 path=w8a8_m1
ROCKNPU GGML TRACE qkv_triple layer=5 K=2048 N=2048+256+256 kinds=4/4/4
ROCKNPU GGML TRACE qkv_stash layer=5 first=blk.5.attn_v.weight second=blk.5.attn_k.weight
ROCKNPU GGML TRACE mul_mat weight=blk.5.attn_output.weight type=q4_K M=1 K=2048 N=2048 path=w8a8_m1
ROCKNPU GGML TRACE ffn_pair first=blk.5.ffn_gate.weight second=blk.5.ffn_up.weight M=1 K=2048 N=5632+5632 kinds=4/4 path=m1_pair
ROCKNPU GGML TRACE mul_mat weight=blk.5.ffn_down.weight type=q4_K M=1 K=5632 N=2048 path=w8a8_m1
ROCKNPU GGML TRACE qkv_triple layer=6 K=2048 N=2048+256+256 kinds=4/4/4
ROCKNPU GGML TRACE qkv_stash layer=6 first=blk.6.attn_v.weight second=blk.6.attn_k.weight
ROCKNPU GGML TRACE mul_mat weight=blk.6.attn_output.weight type=q4_K M=1 K=2048 N=2048 path=w8a8_m1
ROCKNPU GGML TRACE ffn_pair first=blk.6.ffn_gate.weight second=blk.6.ffn_up.weight M=1 K=2048 N=5632+5632 kinds=4/4 path=m1_pair
ROCKNPU GGML TRACE mul_mat weight=blk.6.ffn_down.weight type=q4_K M=1 K=5632 N=2048 path=w8a8_m1
ROCKNPU GGML TRACE qkv_triple layer=7 K=2048 N=2048+256+256 kinds=4/6/4
ROCKNPU GGML TRACE qkv_stash layer=7 first=blk.7.attn_v.weight second=blk.7.attn_k.weight
ROCKNPU GGML TRACE mul_mat weight=blk.7.attn_output.weight type=q4_K M=1 K=2048 N=2048 path=w8a8_m1
ROCKNPU GGML TRACE ffn_pair first=blk.7.ffn_gate.weight second=blk.7.ffn_up.weight M=1 K=2048 N=5632+5632 kinds=4/4 path=m1_pair
ROCKNPU GGML TRACE mul_mat weight=blk.7.ffn_down.weight type=q6_K M=1 K=5632 N=2048 path=w8a8_m1
ROCKNPU GGML TRACE qkv_triple layer=8 K=2048 N=2048+256+256 kinds=4/6/4
ROCKNPU GGML TRACE qkv_stash layer=8 first=blk.8.attn_v.weight second=blk.8.attn_k.weight
ROCKNPU GGML TRACE mul_mat weight=blk.8.attn_output.weight type=q4_K M=1 K=2048 N=2048 path=w8a8_m1
ROCKNPU GGML TRACE ffn_pair first=blk.8.ffn_gate.weight second=blk.8.ffn_up.weight M=1 K=2048 N=5632+5632 kinds=4/4 path=m1_pair
ROCKNPU GGML TRACE mul_mat weight=blk.8.ffn_down.weight type=q6_K M=1 K=5632 N=2048 path=w8a8_m1
ROCKNPU GGML TRACE qkv_triple layer=9 K=2048 N=2048+256+256 kinds=4/6/4
ROCKNPU GGML TRACE qkv_stash layer=9 first=blk.9.attn_v.weight second=blk.9.attn_k.weight
ROCKNPU GGML TRACE mul_mat weight=blk.9.attn_output.weight type=q4_K M=1 K=2048 N=2048 path=w8a8_m1
ROCKNPU GGML TRACE ffn_pair first=blk.9.ffn_gate.weight second=blk.9.ffn_up.weight M=1 K=2048 N=5632+5632 kinds=4/4 path=m1_pair
ROCKNPU GGML TRACE mul_mat weight=blk.9.ffn_down.weight type=q6_K M=1 K=5632 N=2048 path=w8a8_m1
ROCKNPU GGML TRACE qkv_triple layer=10 K=2048 N=2048+256+256 kinds=4/4/4
ROCKNPU GGML TRACE qkv_stash layer=10 first=blk.10.attn_v.weight second=blk.10.attn_k.weight
ROCKNPU GGML TRACE mul_mat weight=blk.10.attn_output.weight type=q4_K M=1 K=2048 N=2048 path=w8a8_m1
ROCKNPU GGML TRACE ffn_pair first=blk.10.ffn_gate.weight second=blk.10.ffn_up.weight M=1 K=2048 N=5632+5632 kinds=4/4 path=m1_pair
ROCKNPU GGML TRACE mul_mat weight=blk.10.ffn_down.weight type=q4_K M=1 K=5632 N=2048 path=w8a8_m1
ROCKNPU GGML TRACE qkv_triple layer=11 K=2048 N=2048+256+256 kinds=4/4/4
ROCKNPU GGML TRACE qkv_stash layer=11 first=blk.11.attn_v.weight second=blk.11.attn_k.weight
ROCKNPU GGML TRACE mul_mat weight=blk.11.attn_output.weight type=q4_K M=1 K=2048 N=2048 path=w8a8_m1
ROCKNPU GGML TRACE ffn_pair first=blk.11.ffn_gate.weight second=blk.11.ffn_up.weight M=1 K=2048 N=5632+5632 kinds=4/4 path=m1_pair
ROCKNPU GGML TRACE mul_mat weight=blk.11.ffn_down.weight type=q4_K M=1 K=5632 N=2048 path=w8a8_m1
ROCKNPU GGML TRACE qkv_triple layer=12 K=2048 N=2048+256+256 kinds=4/6/4
ROCKNPU GGML TRACE qkv_stash layer=12 first=blk.12.attn_v.weight second=blk.12.attn_k.weight
ROCKNPU GGML TRACE mul_mat weight=blk.12.attn_output.weight type=q4_K M=1 K=2048 N=2048 path=w8a8_m1
ROCKNPU GGML TRACE ffn_pair first=blk.12.ffn_gate.weight second=blk.12.ffn_up.weight M=1 K=2048 N=5632+5632 kinds=4/4 path=m1_pair
ROCKNPU GGML TRACE mul_mat weight=blk.12.ffn_down.weight type=q6_K M=1 K=5632 N=2048 path=w8a8_m1
ROCKNPU GGML TRACE qkv_triple layer=13 K=2048 N=2048+256+256 kinds=4/4/4
ROCKNPU GGML TRACE qkv_stash layer=13 first=blk.13.attn_v.weight second=blk.13.attn_k.weight
ROCKNPU GGML TRACE mul_mat weight=blk.13.attn_output.weight type=q4_K M=1 K=2048 N=2048 path=w8a8_m1
ROCKNPU GGML TRACE ffn_pair first=blk.13.ffn_gate.weight second=blk.13.ffn_up.weight M=1 K=2048 N=5632+5632 kinds=4/4 path=m1_pair
ROCKNPU GGML TRACE mul_mat weight=blk.13.ffn_down.weight type=q4_K M=1 K=5632 N=2048 path=w8a8_m1
ROCKNPU GGML TRACE qkv_triple layer=14 K=2048 N=2048+256+256 kinds=4/4/4
ROCKNPU GGML TRACE qkv_stash layer=14 first=blk.14.attn_v.weight second=blk.14.attn_k.weight
ROCKNPU GGML TRACE mul_mat weight=blk.14.attn_output.weight type=q4_K M=1 K=2048 N=2048 path=w8a8_m1
ROCKNPU GGML TRACE ffn_pair first=blk.14.ffn_gate.weight second=blk.14.ffn_up.weight M=1 K=2048 N=5632+5632 kinds=4/4 path=m1_pair
ROCKNPU GGML TRACE mul_mat weight=blk.14.ffn_down.weight type=q4_K M=1 K=5632 N=2048 path=w8a8_m1
ROCKNPU GGML TRACE qkv_triple layer=15 K=2048 N=2048+256+256 kinds=4/6/4
ROCKNPU GGML TRACE qkv_stash layer=15 first=blk.15.attn_v.weight second=blk.15.attn_k.weight
ROCKNPU GGML TRACE mul_mat weight=blk.15.attn_output.weight type=q4_K M=1 K=2048 N=2048 path=w8a8_m1
ROCKNPU GGML TRACE ffn_pair first=blk.15.ffn_gate.weight second=blk.15.ffn_up.weight M=1 K=2048 N=5632+5632 kinds=4/4 path=m1_pair
ROCKNPU GGML TRACE mul_mat weight=blk.15.ffn_down.weight type=q6_K M=1 K=5632 N=2048 path=w8a8_m1
ROCKNPU GGML TRACE qkv_triple layer=16 K=2048 N=2048+256+256 kinds=4/4/4
ROCKNPU GGML TRACE qkv_stash layer=16 first=blk.16.attn_v.weight second=blk.16.attn_k.weight
ROCKNPU GGML TRACE mul_mat weight=blk.16.attn_output.weight type=q4_K M=1 K=2048 N=2048 path=w8a8_m1
ROCKNPU GGML TRACE ffn_pair first=blk.16.ffn_gate.weight second=blk.16.ffn_up.weight M=1 K=2048 N=5632+5632 kinds=4/4 path=m1_pair
ROCKNPU GGML TRACE mul_mat weight=blk.16.ffn_down.weight type=q4_K M=1 K=5632 N=2048 path=w8a8_m1
ROCKNPU GGML TRACE qkv_triple layer=17 K=2048 N=2048+256+256 kinds=4/4/4
ROCKNPU GGML TRACE qkv_stash layer=17 first=blk.17.attn_v.weight second=blk.17.attn_k.weight
ROCKNPU GGML TRACE mul_mat weight=blk.17.attn_output.weight type=q4_K M=1 K=2048 N=2048 path=w8a8_m1
ROCKNPU GGML TRACE ffn_pair first=blk.17.ffn_gate.weight second=blk.17.ffn_up.weight M=1 K=2048 N=5632+5632 kinds=4/4 path=m1_pair
ROCKNPU GGML TRACE mul_mat weight=blk.17.ffn_down.weight type=q4_K M=1 K=5632 N=2048 path=w8a8_m1
ROCKNPU GGML TRACE qkv_triple layer=18 K=2048 N=2048+256+256 kinds=4/6/4
ROCKNPU GGML TRACE qkv_stash layer=18 first=blk.18.attn_v.weight second=blk.18.attn_k.weight
ROCKNPU GGML TRACE mul_mat weight=blk.18.attn_output.weight type=q4_K M=1 K=2048 N=2048 path=w8a8_m1
ROCKNPU GGML TRACE ffn_pair first=blk.18.ffn_gate.weight second=blk.18.ffn_up.weight M=1 K=2048 N=5632+5632 kinds=4/4 path=m1_pair
ROCKNPU GGML TRACE mul_mat weight=blk.18.ffn_down.weight type=q6_K M=1 K=5632 N=2048 path=w8a8_m1
ROCKNPU GGML TRACE qkv_triple layer=19 K=2048 N=2048+256+256 kinds=4/4/4
ROCKNPU GGML TRACE qkv_stash layer=19 first=blk.19.attn_v.weight second=blk.19.attn_k.weight
ROCKNPU GGML TRACE mul_mat weight=blk.19.attn_output.weight type=q4_K M=1 K=2048 N=2048 path=w8a8_m1
ROCKNPU GGML TRACE ffn_pair first=blk.19.ffn_gate.weight second=blk.19.ffn_up.weight M=1 K=2048 N=5632+5632 kinds=4/4 path=m1_pair
ROCKNPU GGML TRACE mul_mat weight=blk.19.ffn_down.weight type=q4_K M=1 K=5632 N=2048 path=w8a8_m1
ROCKNPU GGML TRACE qkv_triple layer=20 K=2048 N=2048+256+256 kinds=4/6/4
ROCKNPU GGML TRACE qkv_stash layer=20 first=blk.20.attn_v.weight second=blk.20.attn_k.weight
ROCKNPU GGML TRACE mul_mat weight=blk.20.attn_output.weight type=q4_K M=1 K=2048 N=2048 path=w8a8_m1
ROCKNPU GGML TRACE ffn_pair first=blk.20.ffn_gate.weight second=blk.20.ffn_up.weight M=1 K=2048 N=5632+5632 kinds=4/4 path=m1_pair
ROCKNPU GGML TRACE mul_mat weight=blk.20.ffn_down.weight type=q6_K M=1 K=5632 N=2048 path=w8a8_m1
ROCKNPU GGML TRACE qkv_triple layer=21 K=2048 N=2048+256+256 kinds=4/4/4
ROCKNPU GGML TRACE qkv_stash layer=21 first=blk.21.attn_v.weight second=blk.21.attn_k.weight
ROCKNPU GGML TRACE mul_mat weight=blk.21.attn_output.weight type=q4_K M=1 K=2048 N=2048 path=w8a8_m1
ROCKNPU GGML TRACE ffn_pair first=blk.21.ffn_gate.weight second=blk.21.ffn_up.weight M=1 K=2048 N=5632+5632 kinds=4/4 path=m1_pair
ROCKNPU GGML TRACE mul_mat weight=blk.21.ffn_down.weight type=q4_K M=1 K=5632 N=2048 path=w8a8_m1
ROCKNPU GGML TRACE qkv_triple layer=0 K=2048 N=2048+256+256 kinds=4/6/4
ROCKNPU GGML TRACE qkv_stash layer=0 first=blk.0.attn_v.weight second=blk.0.attn_k.weight
ROCKNPU GGML TRACE mul_mat weight=blk.0.attn_output.weight type=q4_K M=1 K=2048 N=2048 path=w8a8_m1
ROCKNPU GGML TRACE ffn_pair first=blk.0.ffn_gate.weight second=blk.0.ffn_up.weight M=1 K=2048 N=5632+5632 kinds=4/4 path=m1_pair
ROCKNPU GGML TRACE mul_mat weight=blk.0.ffn_down.weight type=q6_K M=1 K=5632 N=2048 path=w8a8_m1
ROCKNPU GGML TRACE qkv_triple layer=1 K=2048 N=2048+256+256 kinds=4/6/4
ROCKNPU GGML TRACE qkv_stash layer=1 first=blk.1.attn_v.weight second=blk.1.attn_k.weight
ROCKNPU GGML TRACE mul_mat weight=blk.1.attn_output.weight type=q4_K M=1 K=2048 N=2048 path=w8a8_m1
ROCKNPU GGML TRACE ffn_pair first=blk.1.ffn_gate.weight second=blk.1.ffn_up.weight M=1 K=2048 N=5632+5632 kinds=4/4 path=m1_pair
ROCKNPU GGML TRACE mul_mat weight=blk.1.ffn_down.weight type=q6_K M=1 K=5632 N=2048 path=w8a8_m1
ROCKNPU GGML TRACE qkv_triple layer=2 K=2048 N=2048+256+256 kinds=4/4/4
ROCKNPU GGML TRACE qkv_stash layer=2 first=blk.2.attn_v.weight second=blk.2.attn_k.weight
ROCKNPU GGML TRACE mul_mat weight=blk.2.attn_output.weight type=q4_K M=1 K=2048 N=2048 path=w8a8_m1
ROCKNPU GGML TRACE ffn_pair first=blk.2.ffn_gate.weight second=blk.2.ffn_up.weight M=1 K=2048 N=5632+5632 kinds=4/4 path=m1_pair
ROCKNPU GGML TRACE mul_mat weight=blk.2.ffn_down.weight type=q4_K M=1 K=5632 N=2048 path=w8a8_m1
ROCKNPU GGML TRACE qkv_triple layer=3 K=2048 N=2048+256+256 kinds=4/4/4
ROCKNPU GGML TRACE qkv_stash layer=3 first=blk.3.attn_v.weight second=blk.3.attn_k.weight
ROCKNPU GGML TRACE mul_mat weight=blk.3.attn_output.weight type=q4_K M=1 K=2048 N=2048 path=w8a8_m1
ROCKNPU GGML TRACE ffn_pair first=blk.3.ffn_gate.weight second=blk.3.ffn_up.weight M=1 K=2048 N=5632+5632 kinds=4/4 path=m1_pair
ROCKNPU GGML TRACE mul_mat weight=blk.3.ffn_down.weight type=q4_K M=1 K=5632 N=2048 path=w8a8_m1
ROCKNPU GGML TRACE qkv_triple layer=4 K=2048 N=2048+256+256 kinds=4/6/4
ROCKNPU GGML TRACE qkv_stash layer=4 first=blk.4.attn_v.weight second=blk.4.attn_k.weight
ROCKNPU GGML TRACE mul_mat weight=blk.4.attn_output.weight type=q4_K M=1 K=2048 N=2048 path=w8a8_m1
ROCKNPU GGML TRACE ffn_pair first=blk.4.ffn_gate.weight second=blk.4.ffn_up.weight M=1 K=2048 N=5632+5632 kinds=4/4 path=m1_pair
ROCKNPU GGML TRACE mul_mat weight=blk.4.ffn_down.weight type=q6_K M=1 K=5632 N=2048 path=w8a8_m1
ROCKNPU GGML TRACE qkv_triple layer=5 K=2048 N=2048+256+256 kinds=4/4/4
ROCKNPU GGML TRACE qkv_stash layer=5 first=blk.5.attn_v.weight second=blk.5.attn_k.weight
ROCKNPU GGML TRACE mul_mat weight=blk.5.attn_output.weight type=q4_K M=1 K=2048 N=2048 path=w8a8_m1
ROCKNPU GGML TRACE ffn_pair first=blk.5.ffn_gate.weight second=blk.5.ffn_up.weight M=1 K=2048 N=5632+5632 kinds=4/4 path=m1_pair
ROCKNPU GGML TRACE mul_mat weight=blk.5.ffn_down.weight type=q4_K M=1 K=5632 N=2048 path=w8a8_m1
ROCKNPU GGML TRACE qkv_triple layer=6 K=2048 N=2048+256+256 kinds=4/4/4
ROCKNPU GGML TRACE qkv_stash layer=6 first=blk.6.attn_v.weight second=blk.6.attn_k.weight
ROCKNPU GGML TRACE mul_mat weight=blk.6.attn_output.weight type=q4_K M=1 K=2048 N=2048 path=w8a8_m1
ROCKNPU GGML TRACE ffn_pair first=blk.6.ffn_gate.weight second=blk.6.ffn_up.weight M=1 K=2048 N=5632+5632 kinds=4/4 path=m1_pair
ROCKNPU GGML TRACE mul_mat weight=blk.6.ffn_down.weight type=q4_K M=1 K=5632 N=2048 path=w8a8_m1
ROCKNPU GGML TRACE qkv_triple layer=7 K=2048 N=2048+256+256 kinds=4/6/4
ROCKNPU GGML TRACE qkv_stash layer=7 first=blk.7.attn_v.weight second=blk.7.attn_k.weight
ROCKNPU GGML TRACE mul_mat weight=blk.7.attn_output.weight type=q4_K M=1 K=2048 N=2048 path=w8a8_m1
ROCKNPU GGML TRACE ffn_pair first=blk.7.ffn_gate.weight second=blk.7.ffn_up.weight M=1 K=2048 N=5632+5632 kinds=4/4 path=m1_pair
ROCKNPU GGML TRACE mul_mat weight=blk.7.ffn_down.weight type=q6_K M=1 K=5632 N=2048 path=w8a8_m1
ROCKNPU GGML TRACE qkv_triple layer=8 K=2048 N=2048+256+256 kinds=4/6/4
ROCKNPU GGML TRACE qkv_stash layer=8 first=blk.8.attn_v.weight second=blk.8.attn_k.weight
ROCKNPU GGML TRACE mul_mat weight=blk.8.attn_output.weight type=q4_K M=1 K=2048 N=2048 path=w8a8_m1
ROCKNPU GGML TRACE ffn_pair first=blk.8.ffn_gate.weight second=blk.8.ffn_up.weight M=1 K=2048 N=5632+5632 kinds=4/4 path=m1_pair
ROCKNPU GGML TRACE mul_mat weight=blk.8.ffn_down.weight type=q6_K M=1 K=5632 N=2048 path=w8a8_m1
ROCKNPU GGML TRACE qkv_triple layer=9 K=2048 N=2048+256+256 kinds=4/6/4
ROCKNPU GGML TRACE qkv_stash layer=9 first=blk.9.attn_v.weight second=blk.9.attn_k.weight
ROCKNPU GGML TRACE mul_mat weight=blk.9.attn_output.weight type=q4_K M=1 K=2048 N=2048 path=w8a8_m1
ROCKNPU GGML TRACE ffn_pair first=blk.9.ffn_gate.weight second=blk.9.ffn_up.weight M=1 K=2048 N=5632+5632 kinds=4/4 path=m1_pair
ROCKNPU GGML TRACE mul_mat weight=blk.9.ffn_down.weight type=q6_K M=1 K=5632 N=2048 path=w8a8_m1
ROCKNPU GGML TRACE qkv_triple layer=10 K=2048 N=2048+256+256 kinds=4/4/4
ROCKNPU GGML TRACE qkv_stash layer=10 first=blk.10.attn_v.weight second=blk.10.attn_k.weight
ROCKNPU GGML TRACE mul_mat weight=blk.10.attn_output.weight type=q4_K M=1 K=2048 N=2048 path=w8a8_m1
ROCKNPU GGML TRACE ffn_pair first=blk.10.ffn_gate.weight second=blk.10.ffn_up.weight M=1 K=2048 N=5632+5632 kinds=4/4 path=m1_pair
ROCKNPU GGML TRACE mul_mat weight=blk.10.ffn_down.weight type=q4_K M=1 K=5632 N=2048 path=w8a8_m1
ROCKNPU GGML TRACE qkv_triple layer=11 K=2048 N=2048+256+256 kinds=4/4/4
ROCKNPU GGML TRACE qkv_stash layer=11 first=blk.11.attn_v.weight second=blk.11.attn_k.weight
ROCKNPU GGML TRACE mul_mat weight=blk.11.attn_output.weight type=q4_K M=1 K=2048 N=2048 path=w8a8_m1
ROCKNPU GGML TRACE ffn_pair first=blk.11.ffn_gate.weight second=blk.11.ffn_up.weight M=1 K=2048 N=5632+5632 kinds=4/4 path=m1_pair
ROCKNPU GGML TRACE mul_mat weight=blk.11.ffn_down.weight type=q4_K M=1 K=5632 N=2048 path=w8a8_m1
ROCKNPU GGML TRACE qkv_triple layer=12 K=2048 N=2048+256+256 kinds=4/6/4
ROCKNPU GGML TRACE qkv_stash layer=12 first=blk.12.attn_v.weight second=blk.12.attn_k.weight
ROCKNPU GGML TRACE mul_mat weight=blk.12.attn_output.weight type=q4_K M=1 K=2048 N=2048 path=w8a8_m1
ROCKNPU GGML TRACE ffn_pair first=blk.12.ffn_gate.weight second=blk.12.ffn_up.weight M=1 K=2048 N=5632+5632 kinds=4/4 path=m1_pair
ROCKNPU GGML TRACE mul_mat weight=blk.12.ffn_down.weight type=q6_K M=1 K=5632 N=2048 path=w8a8_m1
ROCKNPU GGML TRACE qkv_triple layer=13 K=2048 N=2048+256+256 kinds=4/4/4
ROCKNPU GGML TRACE qkv_stash layer=13 first=blk.13.attn_v.weight second=blk.13.attn_k.weight
ROCKNPU GGML TRACE mul_mat weight=blk.13.attn_output.weight type=q4_K M=1 K=2048 N=2048 path=w8a8_m1
ROCKNPU GGML TRACE ffn_pair first=blk.13.ffn_gate.weight second=blk.13.ffn_up.weight M=1 K=2048 N=5632+5632 kinds=4/4 path=m1_pair
ROCKNPU GGML TRACE mul_mat weight=blk.13.ffn_down.weight type=q4_K M=1 K=5632 N=2048 path=w8a8_m1
ROCKNPU GGML TRACE qkv_triple layer=14 K=2048 N=2048+256+256 kinds=4/4/4
ROCKNPU GGML TRACE qkv_stash layer=14 first=blk.14.attn_v.weight second=blk.14.attn_k.weight
ROCKNPU GGML TRACE mul_mat weight=blk.14.attn_output.weight type=q4_K M=1 K=2048 N=2048 path=w8a8_m1
ROCKNPU GGML TRACE ffn_pair first=blk.14.ffn_gate.weight second=blk.14.ffn_up.weight M=1 K=2048 N=5632+5632 kinds=4/4 path=m1_pair
ROCKNPU GGML TRACE mul_mat weight=blk.14.ffn_down.weight type=q4_K M=1 K=5632 N=2048 path=w8a8_m1
ROCKNPU GGML TRACE qkv_triple layer=15 K=2048 N=2048+256+256 kinds=4/6/4
ROCKNPU GGML TRACE qkv_stash layer=15 first=blk.15.attn_v.weight second=blk.15.attn_k.weight
ROCKNPU GGML TRACE mul_mat weight=blk.15.attn_output.weight type=q4_K M=1 K=2048 N=2048 path=w8a8_m1
ROCKNPU GGML TRACE ffn_pair first=blk.15.ffn_gate.weight second=blk.15.ffn_up.weight M=1 K=2048 N=5632+5632 kinds=4/4 path=m1_pair
ROCKNPU GGML TRACE mul_mat weight=blk.15.ffn_down.weight type=q6_K M=1 K=5632 N=2048 path=w8a8_m1
ROCKNPU GGML TRACE qkv_triple layer=16 K=2048 N=2048+256+256 kinds=4/4/4
ROCKNPU GGML TRACE qkv_stash layer=16 first=blk.16.attn_v.weight second=blk.16.attn_k.weight
ROCKNPU GGML TRACE mul_mat weight=blk.16.attn_output.weight type=q4_K M=1 K=2048 N=2048 path=w8a8_m1
ROCKNPU GGML TRACE ffn_pair first=blk.16.ffn_gate.weight second=blk.16.ffn_up.weight M=1 K=2048 N=5632+5632 kinds=4/4 path=m1_pair
ROCKNPU GGML TRACE mul_mat weight=blk.16.ffn_down.weight type=q4_K M=1 K=5632 N=2048 path=w8a8_m1
ROCKNPU GGML TRACE qkv_triple layer=17 K=2048 N=2048+256+256 kinds=4/4/4
ROCKNPU GGML TRACE qkv_stash layer=17 first=blk.17.attn_v.weight second=blk.17.attn_k.weight
ROCKNPU GGML TRACE mul_mat weight=blk.17.attn_output.weight type=q4_K M=1 K=2048 N=2048 path=w8a8_m1
ROCKNPU GGML TRACE ffn_pair first=blk.17.ffn_gate.weight second=blk.17.ffn_up.weight M=1 K=2048 N=5632+5632 kinds=4/4 path=m1_pair
ROCKNPU GGML TRACE mul_mat weight=blk.17.ffn_down.weight type=q4_K M=1 K=5632 N=2048 path=w8a8_m1
ROCKNPU GGML TRACE qkv_triple layer=18 K=2048 N=2048+256+256 kinds=4/6/4
ROCKNPU GGML TRACE qkv_stash layer=18 first=blk.18.attn_v.weight second=blk.18.attn_k.weight
ROCKNPU GGML TRACE mul_mat weight=blk.18.attn_output.weight type=q4_K M=1 K=2048 N=2048 path=w8a8_m1
ROCKNPU GGML TRACE ffn_pair first=blk.18.ffn_gate.weight second=blk.18.ffn_up.weight M=1 K=2048 N=5632+5632 kinds=4/4 path=m1_pair
ROCKNPU GGML TRACE mul_mat weight=blk.18.ffn_down.weight type=q6_K M=1 K=5632 N=2048 path=w8a8_m1
ROCKNPU GGML TRACE qkv_triple layer=19 K=2048 N=2048+256+256 kinds=4/4/4
ROCKNPU GGML TRACE qkv_stash layer=19 first=blk.19.attn_v.weight second=blk.19.attn_k.weight
ROCKNPU GGML TRACE mul_mat weight=blk.19.attn_output.weight type=q4_K M=1 K=2048 N=2048 path=w8a8_m1
ROCKNPU GGML TRACE ffn_pair first=blk.19.ffn_gate.weight second=blk.19.ffn_up.weight M=1 K=2048 N=5632+5632 kinds=4/4 path=m1_pair
ROCKNPU GGML TRACE mul_mat weight=blk.19.ffn_down.weight type=q4_K M=1 K=5632 N=2048 path=w8a8_m1
ROCKNPU GGML TRACE qkv_triple layer=20 K=2048 N=2048+256+256 kinds=4/6/4
ROCKNPU GGML TRACE qkv_stash layer=20 first=blk.20.attn_v.weight second=blk.20.attn_k.weight
ROCKNPU GGML TRACE mul_mat weight=blk.20.attn_output.weight type=q4_K M=1 K=2048 N=2048 path=w8a8_m1
ROCKNPU GGML TRACE ffn_pair first=blk.20.ffn_gate.weight second=blk.20.ffn_up.weight M=1 K=2048 N=5632+5632 kinds=4/4 path=m1_pair
ROCKNPU GGML TRACE mul_mat weight=blk.20.ffn_down.weight type=q6_K M=1 K=5632 N=2048 path=w8a8_m1
ROCKNPU GGML TRACE qkv_triple layer=21 K=2048 N=2048+256+256 kinds=4/4/4
ROCKNPU GGML TRACE qkv_stash layer=21 first=blk.21.attn_v.weight second=blk.21.attn_k.weight
ROCKNPU GGML TRACE mul_mat weight=blk.21.attn_output.weight type=q4_K M=1 K=2048 N=2048 path=w8a8_m1
ROCKNPU GGML TRACE ffn_pair first=blk.21.ffn_gate.weight second=blk.21.ffn_up.weight M=1 K=2048 N=5632+5632 kinds=4/4 path=m1_pair
ROCKNPU GGML TRACE mul_mat weight=blk.21.ffn_down.weight type=q4_K M=1 K=5632 N=2048 path=w8a8_m1
slot print_timing: id  3 | task 36 | prompt eval time =      61.13 ms /     2 tokens (   30.57 ms per token,    32.72 tokens per second)
slot print_timing: id  3 | task 36 |        eval time =     412.03 ms /     8 tokens (   58.86 ms per token,    16.99 tokens per second)
slot print_timing: id  3 | task 36 |       total time =     473.16 ms /    10 tokens
slot print_timing: id  3 | task 36 |    graphs reused =         32
slot      release: id  3 | task 36 | stop processing: n_tokens = 9, truncated = 0
srv  update_slots: all slots are idle
srv  server_strea: conv_id= (empty=1)
slot get_availabl: id  0 | task -1 |  - skipping, slot is empty
slot get_availabl: id  1 | task -1 |  - skipping, slot is empty
slot get_availabl: id  2 | task -1 |  - skipping, slot is empty
slot get_availabl: id  3 | task -1 |  - checking sim = 1.000 (2/2) > 0.100
slot get_availabl: id  3 | task -1 | selected slot by LCP similarity, f_sim_best = 1.000 (> 0.100 thold), f_keep = 0.222
srv  get_availabl: updating prompt cache
srv   prompt_save:  - saving prompt with length 9, total state size = 0.194 MiB (draft: 0.000 MiB)
srv         alloc:  - prompt is already in the cache, skipping
srv          load:  - looking for better prompt, base f_keep = 0.222, f_sim = 1.000
srv          load:    - prompt with length       9, lcp =       2, f_keep = 0.222, f_sim = 1.000
srv        update:  - cache state: 1 prompts, 0.194 MiB (limits: 8192.000 MiB, 2048 tokens, 380063 est)
srv        update:    - prompt 0xaaab00d81cd0:       9 tokens, checkpoints:  0,     0.194 MiB
srv  get_availabl: prompt cache update took 0.05 ms
slot launch_slot_: id  3 | task -1 | sampler chain: logits -> ?penalties -> ?dry -> ?top-n-sigma -> top-k -> ?typical -> top-p -> min-p -> ?xtc -> temp-ext -> dist 
slot launch_slot_: id  3 | task -1 | sampler params: 
	repeat_last_n = 64, repeat_penalty = 1.000, frequency_penalty = 0.000, presence_penalty = 0.000
	dry_multiplier = 0.000, dry_base = 1.750, dry_allowed_length = 2, dry_penalty_last_n = 64
	top_k = 1, top_p = 0.950, min_p = 0.050, xtc_probability = 0.000, xtc_threshold = 0.100, typical_p = 1.000, top_n_sigma = -1.000, temp = 0.000
	mirostat = 0, mirostat_lr = 0.100, mirostat_ent = 5.000, adaptive_target = -1.000, adaptive_decay = 0.900
slot launch_slot_: id  3 | task 45 | processing task, is_child = 0
slot process_sing: id  0 | task -1 | saving idle slot to prompt cache
slot prompt_clear: id  0 | task -1 | clearing prompt with 0 tokens
slot process_sing: id  1 | task -1 | saving idle slot to prompt cache
slot prompt_clear: id  1 | task -1 | clearing prompt with 0 tokens
slot process_sing: id  2 | task -1 | saving idle slot to prompt cache
slot prompt_clear: id  2 | task -1 | clearing prompt with 0 tokens
slot   operator(): id  3 | task 45 | new prompt, n_ctx_slot = 2048, n_keep = 4, task.n_tokens = 2
slot   operator(): id  3 | task 45 | cached n_tokens = 0, memory_seq_rm [0, end)
slot init_sampler: id  3 | task 45 | init sampler, took 0.00 ms, tokens: text = 2, total = 2
ROCKNPU GGML TRACE ffn_pair first=blk.21.ffn_gate.weight second=blk.21.ffn_up.weight M=1 K=2048 N=5632+5632 kinds=4/4 path=m1_pair
ROCKNPU GGML TRACE mul_mat weight=blk.21.ffn_down.weight type=q4_K M=1 K=5632 N=2048 path=w8a8_m1
ROCKNPU GGML TRACE qkv_triple layer=0 K=2048 N=2048+256+256 kinds=4/6/4
ROCKNPU GGML TRACE qkv_stash layer=0 first=blk.0.attn_v.weight second=blk.0.attn_k.weight
ROCKNPU GGML TRACE mul_mat weight=blk.0.attn_output.weight type=q4_K M=1 K=2048 N=2048 path=w8a8_m1
ROCKNPU GGML TRACE ffn_pair first=blk.0.ffn_gate.weight second=blk.0.ffn_up.weight M=1 K=2048 N=5632+5632 kinds=4/4 path=m1_pair
ROCKNPU GGML TRACE mul_mat weight=blk.0.ffn_down.weight type=q6_K M=1 K=5632 N=2048 path=w8a8_m1
ROCKNPU GGML TRACE qkv_triple layer=1 K=2048 N=2048+256+256 kinds=4/6/4
ROCKNPU GGML TRACE qkv_stash layer=1 first=blk.1.attn_v.weight second=blk.1.attn_k.weight
ROCKNPU GGML TRACE mul_mat weight=blk.1.attn_output.weight type=q4_K M=1 K=2048 N=2048 path=w8a8_m1
ROCKNPU GGML TRACE ffn_pair first=blk.1.ffn_gate.weight second=blk.1.ffn_up.weight M=1 K=2048 N=5632+5632 kinds=4/4 path=m1_pair
ROCKNPU GGML TRACE mul_mat weight=blk.1.ffn_down.weight type=q6_K M=1 K=5632 N=2048 path=w8a8_m1
ROCKNPU GGML TRACE qkv_triple layer=2 K=2048 N=2048+256+256 kinds=4/4/4
ROCKNPU GGML TRACE qkv_stash layer=2 first=blk.2.attn_v.weight second=blk.2.attn_k.weight
ROCKNPU GGML TRACE mul_mat weight=blk.2.attn_output.weight type=q4_K M=1 K=2048 N=2048 path=w8a8_m1
ROCKNPU GGML TRACE ffn_pair first=blk.2.ffn_gate.weight second=blk.2.ffn_up.weight M=1 K=2048 N=5632+5632 kinds=4/4 path=m1_pair
ROCKNPU GGML TRACE mul_mat weight=blk.2.ffn_down.weight type=q4_K M=1 K=5632 N=2048 path=w8a8_m1
ROCKNPU GGML TRACE qkv_triple layer=3 K=2048 N=2048+256+256 kinds=4/4/4
ROCKNPU GGML TRACE qkv_stash layer=3 first=blk.3.attn_v.weight second=blk.3.attn_k.weight
ROCKNPU GGML TRACE mul_mat weight=blk.3.attn_output.weight type=q4_K M=1 K=2048 N=2048 path=w8a8_m1
ROCKNPU GGML TRACE ffn_pair first=blk.3.ffn_gate.weight second=blk.3.ffn_up.weight M=1 K=2048 N=5632+5632 kinds=4/4 path=m1_pair
ROCKNPU GGML TRACE mul_mat weight=blk.3.ffn_down.weight type=q4_K M=1 K=5632 N=2048 path=w8a8_m1
ROCKNPU GGML TRACE qkv_triple layer=4 K=2048 N=2048+256+256 kinds=4/6/4
ROCKNPU GGML TRACE qkv_stash layer=4 first=blk.4.attn_v.weight second=blk.4.attn_k.weight
ROCKNPU GGML TRACE mul_mat weight=blk.4.attn_output.weight type=q4_K M=1 K=2048 N=2048 path=w8a8_m1
ROCKNPU GGML TRACE ffn_pair first=blk.4.ffn_gate.weight second=blk.4.ffn_up.weight M=1 K=2048 N=5632+5632 kinds=4/4 path=m1_pair
ROCKNPU GGML TRACE mul_mat weight=blk.4.ffn_down.weight type=q6_K M=1 K=5632 N=2048 path=w8a8_m1
ROCKNPU GGML TRACE qkv_triple layer=5 K=2048 N=2048+256+256 kinds=4/4/4
ROCKNPU GGML TRACE qkv_stash layer=5 first=blk.5.attn_v.weight second=blk.5.attn_k.weight
ROCKNPU GGML TRACE mul_mat weight=blk.5.attn_output.weight type=q4_K M=1 K=2048 N=2048 path=w8a8_m1
ROCKNPU GGML TRACE ffn_pair first=blk.5.ffn_gate.weight second=blk.5.ffn_up.weight M=1 K=2048 N=5632+5632 kinds=4/4 path=m1_pair
ROCKNPU GGML TRACE mul_mat weight=blk.5.ffn_down.weight type=q4_K M=1 K=5632 N=2048 path=w8a8_m1
ROCKNPU GGML TRACE qkv_triple layer=6 K=2048 N=2048+256+256 kinds=4/4/4
ROCKNPU GGML TRACE qkv_stash layer=6 first=blk.6.attn_v.weight second=blk.6.attn_k.weight
ROCKNPU GGML TRACE mul_mat weight=blk.6.attn_output.weight type=q4_K M=1 K=2048 N=2048 path=w8a8_m1
ROCKNPU GGML TRACE ffn_pair first=blk.6.ffn_gate.weight second=blk.6.ffn_up.weight M=1 K=2048 N=5632+5632 kinds=4/4 path=m1_pair
ROCKNPU GGML TRACE mul_mat weight=blk.6.ffn_down.weight type=q4_K M=1 K=5632 N=2048 path=w8a8_m1
ROCKNPU GGML TRACE qkv_triple layer=7 K=2048 N=2048+256+256 kinds=4/6/4
ROCKNPU GGML TRACE qkv_stash layer=7 first=blk.7.attn_v.weight second=blk.7.attn_k.weight
ROCKNPU GGML TRACE mul_mat weight=blk.7.attn_output.weight type=q4_K M=1 K=2048 N=2048 path=w8a8_m1
ROCKNPU GGML TRACE ffn_pair first=blk.7.ffn_gate.weight second=blk.7.ffn_up.weight M=1 K=2048 N=5632+5632 kinds=4/4 path=m1_pair
ROCKNPU GGML TRACE mul_mat weight=blk.7.ffn_down.weight type=q6_K M=1 K=5632 N=2048 path=w8a8_m1
ROCKNPU GGML TRACE qkv_triple layer=8 K=2048 N=2048+256+256 kinds=4/6/4
ROCKNPU GGML TRACE qkv_stash layer=8 first=blk.8.attn_v.weight second=blk.8.attn_k.weight
ROCKNPU GGML TRACE mul_mat weight=blk.8.attn_output.weight type=q4_K M=1 K=2048 N=2048 path=w8a8_m1
ROCKNPU GGML TRACE ffn_pair first=blk.8.ffn_gate.weight second=blk.8.ffn_up.weight M=1 K=2048 N=5632+5632 kinds=4/4 path=m1_pair
ROCKNPU GGML TRACE mul_mat weight=blk.8.ffn_down.weight type=q6_K M=1 K=5632 N=2048 path=w8a8_m1
ROCKNPU GGML TRACE qkv_triple layer=9 K=2048 N=2048+256+256 kinds=4/6/4
ROCKNPU GGML TRACE qkv_stash layer=9 first=blk.9.attn_v.weight second=blk.9.attn_k.weight
ROCKNPU GGML TRACE mul_mat weight=blk.9.attn_output.weight type=q4_K M=1 K=2048 N=2048 path=w8a8_m1
ROCKNPU GGML TRACE ffn_pair first=blk.9.ffn_gate.weight second=blk.9.ffn_up.weight M=1 K=2048 N=5632+5632 kinds=4/4 path=m1_pair
ROCKNPU GGML TRACE mul_mat weight=blk.9.ffn_down.weight type=q6_K M=1 K=5632 N=2048 path=w8a8_m1
ROCKNPU GGML TRACE qkv_triple layer=10 K=2048 N=2048+256+256 kinds=4/4/4
ROCKNPU GGML TRACE qkv_stash layer=10 first=blk.10.attn_v.weight second=blk.10.attn_k.weight
ROCKNPU GGML TRACE mul_mat weight=blk.10.attn_output.weight type=q4_K M=1 K=2048 N=2048 path=w8a8_m1
ROCKNPU GGML TRACE ffn_pair first=blk.10.ffn_gate.weight second=blk.10.ffn_up.weight M=1 K=2048 N=5632+5632 kinds=4/4 path=m1_pair
ROCKNPU GGML TRACE mul_mat weight=blk.10.ffn_down.weight type=q4_K M=1 K=5632 N=2048 path=w8a8_m1
ROCKNPU GGML TRACE qkv_triple layer=11 K=2048 N=2048+256+256 kinds=4/4/4
ROCKNPU GGML TRACE qkv_stash layer=11 first=blk.11.attn_v.weight second=blk.11.attn_k.weight
ROCKNPU GGML TRACE mul_mat weight=blk.11.attn_output.weight type=q4_K M=1 K=2048 N=2048 path=w8a8_m1
ROCKNPU GGML TRACE ffn_pair first=blk.11.ffn_gate.weight second=blk.11.ffn_up.weight M=1 K=2048 N=5632+5632 kinds=4/4 path=m1_pair
ROCKNPU GGML TRACE mul_mat weight=blk.11.ffn_down.weight type=q4_K M=1 K=5632 N=2048 path=w8a8_m1
ROCKNPU GGML TRACE qkv_triple layer=12 K=2048 N=2048+256+256 kinds=4/6/4
ROCKNPU GGML TRACE qkv_stash layer=12 first=blk.12.attn_v.weight second=blk.12.attn_k.weight
ROCKNPU GGML TRACE mul_mat weight=blk.12.attn_output.weight type=q4_K M=1 K=2048 N=2048 path=w8a8_m1
ROCKNPU GGML TRACE ffn_pair first=blk.12.ffn_gate.weight second=blk.12.ffn_up.weight M=1 K=2048 N=5632+5632 kinds=4/4 path=m1_pair
ROCKNPU GGML TRACE mul_mat weight=blk.12.ffn_down.weight type=q6_K M=1 K=5632 N=2048 path=w8a8_m1
ROCKNPU GGML TRACE qkv_triple layer=13 K=2048 N=2048+256+256 kinds=4/4/4
ROCKNPU GGML TRACE qkv_stash layer=13 first=blk.13.attn_v.weight second=blk.13.attn_k.weight
ROCKNPU GGML TRACE mul_mat weight=blk.13.attn_output.weight type=q4_K M=1 K=2048 N=2048 path=w8a8_m1
ROCKNPU GGML TRACE ffn_pair first=blk.13.ffn_gate.weight second=blk.13.ffn_up.weight M=1 K=2048 N=5632+5632 kinds=4/4 path=m1_pair
ROCKNPU GGML TRACE mul_mat weight=blk.13.ffn_down.weight type=q4_K M=1 K=5632 N=2048 path=w8a8_m1
ROCKNPU GGML TRACE qkv_triple layer=14 K=2048 N=2048+256+256 kinds=4/4/4
ROCKNPU GGML TRACE qkv_stash layer=14 first=blk.14.attn_v.weight second=blk.14.attn_k.weight
ROCKNPU GGML TRACE mul_mat weight=blk.14.attn_output.weight type=q4_K M=1 K=2048 N=2048 path=w8a8_m1
ROCKNPU GGML TRACE ffn_pair first=blk.14.ffn_gate.weight second=blk.14.ffn_up.weight M=1 K=2048 N=5632+5632 kinds=4/4 path=m1_pair
ROCKNPU GGML TRACE mul_mat weight=blk.14.ffn_down.weight type=q4_K M=1 K=5632 N=2048 path=w8a8_m1
ROCKNPU GGML TRACE qkv_triple layer=15 K=2048 N=2048+256+256 kinds=4/6/4
ROCKNPU GGML TRACE qkv_stash layer=15 first=blk.15.attn_v.weight second=blk.15.attn_k.weight
ROCKNPU GGML TRACE mul_mat weight=blk.15.attn_output.weight type=q4_K M=1 K=2048 N=2048 path=w8a8_m1
ROCKNPU GGML TRACE ffn_pair first=blk.15.ffn_gate.weight second=blk.15.ffn_up.weight M=1 K=2048 N=5632+5632 kinds=4/4 path=m1_pair
ROCKNPU GGML TRACE mul_mat weight=blk.15.ffn_down.weight type=q6_K M=1 K=5632 N=2048 path=w8a8_m1
ROCKNPU GGML TRACE qkv_triple layer=16 K=2048 N=2048+256+256 kinds=4/4/4
ROCKNPU GGML TRACE qkv_stash layer=16 first=blk.16.attn_v.weight second=blk.16.attn_k.weight
ROCKNPU GGML TRACE mul_mat weight=blk.16.attn_output.weight type=q4_K M=1 K=2048 N=2048 path=w8a8_m1
ROCKNPU GGML TRACE ffn_pair first=blk.16.ffn_gate.weight second=blk.16.ffn_up.weight M=1 K=2048 N=5632+5632 kinds=4/4 path=m1_pair
ROCKNPU GGML TRACE mul_mat weight=blk.16.ffn_down.weight type=q4_K M=1 K=5632 N=2048 path=w8a8_m1
ROCKNPU GGML TRACE qkv_triple layer=17 K=2048 N=2048+256+256 kinds=4/4/4
ROCKNPU GGML TRACE qkv_stash layer=17 first=blk.17.attn_v.weight second=blk.17.attn_k.weight
ROCKNPU GGML TRACE mul_mat weight=blk.17.attn_output.weight type=q4_K M=1 K=2048 N=2048 path=w8a8_m1
ROCKNPU GGML TRACE ffn_pair first=blk.17.ffn_gate.weight second=blk.17.ffn_up.weight M=1 K=2048 N=5632+5632 kinds=4/4 path=m1_pair
ROCKNPU GGML TRACE mul_mat weight=blk.17.ffn_down.weight type=q4_K M=1 K=5632 N=2048 path=w8a8_m1
ROCKNPU GGML TRACE qkv_triple layer=18 K=2048 N=2048+256+256 kinds=4/6/4
ROCKNPU GGML TRACE qkv_stash layer=18 first=blk.18.attn_v.weight second=blk.18.attn_k.weight
ROCKNPU GGML TRACE mul_mat weight=blk.18.attn_output.weight type=q4_K M=1 K=2048 N=2048 path=w8a8_m1
ROCKNPU GGML TRACE ffn_pair first=blk.18.ffn_gate.weight second=blk.18.ffn_up.weight M=1 K=2048 N=5632+5632 kinds=4/4 path=m1_pair
ROCKNPU GGML TRACE mul_mat weight=blk.18.ffn_down.weight type=q6_K M=1 K=5632 N=2048 path=w8a8_m1
ROCKNPU GGML TRACE qkv_triple layer=19 K=2048 N=2048+256+256 kinds=4/4/4
ROCKNPU GGML TRACE qkv_stash layer=19 first=blk.19.attn_v.weight second=blk.19.attn_k.weight
ROCKNPU GGML TRACE mul_mat weight=blk.19.attn_output.weight type=q4_K M=1 K=2048 N=2048 path=w8a8_m1
ROCKNPU GGML TRACE ffn_pair first=blk.19.ffn_gate.weight second=blk.19.ffn_up.weight M=1 K=2048 N=5632+5632 kinds=4/4 path=m1_pair
ROCKNPU GGML TRACE mul_mat weight=blk.19.ffn_down.weight type=q4_K M=1 K=5632 N=2048 path=w8a8_m1
ROCKNPU GGML TRACE qkv_triple layer=20 K=2048 N=2048+256+256 kinds=4/6/4
ROCKNPU GGML TRACE qkv_stash layer=20 first=blk.20.attn_v.weight second=blk.20.attn_k.weight
ROCKNPU GGML TRACE mul_mat weight=blk.20.attn_output.weight type=q4_K M=1 K=2048 N=2048 path=w8a8_m1
ROCKNPU GGML TRACE ffn_pair first=blk.20.ffn_gate.weight second=blk.20.ffn_up.weight M=1 K=2048 N=5632+5632 kinds=4/4 path=m1_pair
ROCKNPU GGML TRACE mul_mat weight=blk.20.ffn_down.weight type=q6_K M=1 K=5632 N=2048 path=w8a8_m1
ROCKNPU GGML TRACE qkv_triple layer=21 K=2048 N=2048+256+256 kinds=4/4/4
ROCKNPU GGML TRACE qkv_stash layer=21 first=blk.21.attn_v.weight second=blk.21.attn_k.weight
ROCKNPU GGML TRACE mul_mat weight=blk.21.attn_output.weight type=q4_K M=1 K=2048 N=2048 path=w8a8_m1
ROCKNPU GGML TRACE ffn_pair first=blk.21.ffn_gate.weight second=blk.21.ffn_up.weight M=1 K=2048 N=5632+5632 kinds=4/4 path=m1_pair
ROCKNPU GGML TRACE mul_mat weight=blk.21.ffn_down.weight type=q4_K M=1 K=5632 N=2048 path=w8a8_m1
ROCKNPU GGML TRACE qkv_triple layer=0 K=2048 N=2048+256+256 kinds=4/6/4
ROCKNPU GGML TRACE qkv_stash layer=0 first=blk.0.attn_v.weight second=blk.0.attn_k.weight
ROCKNPU GGML TRACE mul_mat weight=blk.0.attn_output.weight type=q4_K M=1 K=2048 N=2048 path=w8a8_m1
ROCKNPU GGML TRACE ffn_pair first=blk.0.ffn_gate.weight second=blk.0.ffn_up.weight M=1 K=2048 N=5632+5632 kinds=4/4 path=m1_pair
ROCKNPU GGML TRACE mul_mat weight=blk.0.ffn_down.weight type=q6_K M=1 K=5632 N=2048 path=w8a8_m1
ROCKNPU GGML TRACE qkv_triple layer=1 K=2048 N=2048+256+256 kinds=4/6/4
ROCKNPU GGML TRACE qkv_stash layer=1 first=blk.1.attn_v.weight second=blk.1.attn_k.weight
ROCKNPU GGML TRACE mul_mat weight=blk.1.attn_output.weight type=q4_K M=1 K=2048 N=2048 path=w8a8_m1
ROCKNPU GGML TRACE ffn_pair first=blk.1.ffn_gate.weight second=blk.1.ffn_up.weight M=1 K=2048 N=5632+5632 kinds=4/4 path=m1_pair
ROCKNPU GGML TRACE mul_mat weight=blk.1.ffn_down.weight type=q6_K M=1 K=5632 N=2048 path=w8a8_m1
ROCKNPU GGML TRACE qkv_triple layer=2 K=2048 N=2048+256+256 kinds=4/4/4
ROCKNPU GGML TRACE qkv_stash layer=2 first=blk.2.attn_v.weight second=blk.2.attn_k.weight
ROCKNPU GGML TRACE mul_mat weight=blk.2.attn_output.weight type=q4_K M=1 K=2048 N=2048 path=w8a8_m1
ROCKNPU GGML TRACE ffn_pair first=blk.2.ffn_gate.weight second=blk.2.ffn_up.weight M=1 K=2048 N=5632+5632 kinds=4/4 path=m1_pair
ROCKNPU GGML TRACE mul_mat weight=blk.2.ffn_down.weight type=q4_K M=1 K=5632 N=2048 path=w8a8_m1
ROCKNPU GGML TRACE qkv_triple layer=3 K=2048 N=2048+256+256 kinds=4/4/4
ROCKNPU GGML TRACE qkv_stash layer=3 first=blk.3.attn_v.weight second=blk.3.attn_k.weight
ROCKNPU GGML TRACE mul_mat weight=blk.3.attn_output.weight type=q4_K M=1 K=2048 N=2048 path=w8a8_m1
ROCKNPU GGML TRACE ffn_pair first=blk.3.ffn_gate.weight second=blk.3.ffn_up.weight M=1 K=2048 N=5632+5632 kinds=4/4 path=m1_pair
ROCKNPU GGML TRACE mul_mat weight=blk.3.ffn_down.weight type=q4_K M=1 K=5632 N=2048 path=w8a8_m1
ROCKNPU GGML TRACE qkv_triple layer=4 K=2048 N=2048+256+256 kinds=4/6/4
ROCKNPU GGML TRACE qkv_stash layer=4 first=blk.4.attn_v.weight second=blk.4.attn_k.weight
ROCKNPU GGML TRACE mul_mat weight=blk.4.attn_output.weight type=q4_K M=1 K=2048 N=2048 path=w8a8_m1
ROCKNPU GGML TRACE ffn_pair first=blk.4.ffn_gate.weight second=blk.4.ffn_up.weight M=1 K=2048 N=5632+5632 kinds=4/4 path=m1_pair
ROCKNPU GGML TRACE mul_mat weight=blk.4.ffn_down.weight type=q6_K M=1 K=5632 N=2048 path=w8a8_m1
ROCKNPU GGML TRACE qkv_triple layer=5 K=2048 N=2048+256+256 kinds=4/4/4
ROCKNPU GGML TRACE qkv_stash layer=5 first=blk.5.attn_v.weight second=blk.5.attn_k.weight
ROCKNPU GGML TRACE mul_mat weight=blk.5.attn_output.weight type=q4_K M=1 K=2048 N=2048 path=w8a8_m1
ROCKNPU GGML TRACE ffn_pair first=blk.5.ffn_gate.weight second=blk.5.ffn_up.weight M=1 K=2048 N=5632+5632 kinds=4/4 path=m1_pair
ROCKNPU GGML TRACE mul_mat weight=blk.5.ffn_down.weight type=q4_K M=1 K=5632 N=2048 path=w8a8_m1
ROCKNPU GGML TRACE qkv_triple layer=6 K=2048 N=2048+256+256 kinds=4/4/4
ROCKNPU GGML TRACE qkv_stash layer=6 first=blk.6.attn_v.weight second=blk.6.attn_k.weight
ROCKNPU GGML TRACE mul_mat weight=blk.6.attn_output.weight type=q4_K M=1 K=2048 N=2048 path=w8a8_m1
ROCKNPU GGML TRACE ffn_pair first=blk.6.ffn_gate.weight second=blk.6.ffn_up.weight M=1 K=2048 N=5632+5632 kinds=4/4 path=m1_pair
ROCKNPU GGML TRACE mul_mat weight=blk.6.ffn_down.weight type=q4_K M=1 K=5632 N=2048 path=w8a8_m1
ROCKNPU GGML TRACE qkv_triple layer=7 K=2048 N=2048+256+256 kinds=4/6/4
ROCKNPU GGML TRACE qkv_stash layer=7 first=blk.7.attn_v.weight second=blk.7.attn_k.weight
ROCKNPU GGML TRACE mul_mat weight=blk.7.attn_output.weight type=q4_K M=1 K=2048 N=2048 path=w8a8_m1
ROCKNPU GGML TRACE ffn_pair first=blk.7.ffn_gate.weight second=blk.7.ffn_up.weight M=1 K=2048 N=5632+5632 kinds=4/4 path=m1_pair
ROCKNPU GGML TRACE mul_mat weight=blk.7.ffn_down.weight type=q6_K M=1 K=5632 N=2048 path=w8a8_m1
ROCKNPU GGML TRACE qkv_triple layer=8 K=2048 N=2048+256+256 kinds=4/6/4
ROCKNPU GGML TRACE qkv_stash layer=8 first=blk.8.attn_v.weight second=blk.8.attn_k.weight
ROCKNPU GGML TRACE mul_mat weight=blk.8.attn_output.weight type=q4_K M=1 K=2048 N=2048 path=w8a8_m1
ROCKNPU GGML TRACE ffn_pair first=blk.8.ffn_gate.weight second=blk.8.ffn_up.weight M=1 K=2048 N=5632+5632 kinds=4/4 path=m1_pair
ROCKNPU GGML TRACE mul_mat weight=blk.8.ffn_down.weight type=q6_K M=1 K=5632 N=2048 path=w8a8_m1
ROCKNPU GGML TRACE qkv_triple layer=9 K=2048 N=2048+256+256 kinds=4/6/4
ROCKNPU GGML TRACE qkv_stash layer=9 first=blk.9.attn_v.weight second=blk.9.attn_k.weight
ROCKNPU GGML TRACE mul_mat weight=blk.9.attn_output.weight type=q4_K M=1 K=2048 N=2048 path=w8a8_m1
ROCKNPU GGML TRACE ffn_pair first=blk.9.ffn_gate.weight second=blk.9.ffn_up.weight M=1 K=2048 N=5632+5632 kinds=4/4 path=m1_pair
ROCKNPU GGML TRACE mul_mat weight=blk.9.ffn_down.weight type=q6_K M=1 K=5632 N=2048 path=w8a8_m1
ROCKNPU GGML TRACE qkv_triple layer=10 K=2048 N=2048+256+256 kinds=4/4/4
ROCKNPU GGML TRACE qkv_stash layer=10 first=blk.10.attn_v.weight second=blk.10.attn_k.weight
ROCKNPU GGML TRACE mul_mat weight=blk.10.attn_output.weight type=q4_K M=1 K=2048 N=2048 path=w8a8_m1
ROCKNPU GGML TRACE ffn_pair first=blk.10.ffn_gate.weight second=blk.10.ffn_up.weight M=1 K=2048 N=5632+5632 kinds=4/4 path=m1_pair
ROCKNPU GGML TRACE mul_mat weight=blk.10.ffn_down.weight type=q4_K M=1 K=5632 N=2048 path=w8a8_m1
ROCKNPU GGML TRACE qkv_triple layer=11 K=2048 N=2048+256+256 kinds=4/4/4
ROCKNPU GGML TRACE qkv_stash layer=11 first=blk.11.attn_v.weight second=blk.11.attn_k.weight
ROCKNPU GGML TRACE mul_mat weight=blk.11.attn_output.weight type=q4_K M=1 K=2048 N=2048 path=w8a8_m1
ROCKNPU GGML TRACE ffn_pair first=blk.11.ffn_gate.weight second=blk.11.ffn_up.weight M=1 K=2048 N=5632+5632 kinds=4/4 path=m1_pair
ROCKNPU GGML TRACE mul_mat weight=blk.11.ffn_down.weight type=q4_K M=1 K=5632 N=2048 path=w8a8_m1
ROCKNPU GGML TRACE qkv_triple layer=12 K=2048 N=2048+256+256 kinds=4/6/4
ROCKNPU GGML TRACE qkv_stash layer=12 first=blk.12.attn_v.weight second=blk.12.attn_k.weight
ROCKNPU GGML TRACE mul_mat weight=blk.12.attn_output.weight type=q4_K M=1 K=2048 N=2048 path=w8a8_m1
ROCKNPU GGML TRACE ffn_pair first=blk.12.ffn_gate.weight second=blk.12.ffn_up.weight M=1 K=2048 N=5632+5632 kinds=4/4 path=m1_pair
ROCKNPU GGML TRACE mul_mat weight=blk.12.ffn_down.weight type=q6_K M=1 K=5632 N=2048 path=w8a8_m1
ROCKNPU GGML TRACE qkv_triple layer=13 K=2048 N=2048+256+256 kinds=4/4/4
ROCKNPU GGML TRACE qkv_stash layer=13 first=blk.13.attn_v.weight second=blk.13.attn_k.weight
ROCKNPU GGML TRACE mul_mat weight=blk.13.attn_output.weight type=q4_K M=1 K=2048 N=2048 path=w8a8_m1
ROCKNPU GGML TRACE ffn_pair first=blk.13.ffn_gate.weight second=blk.13.ffn_up.weight M=1 K=2048 N=5632+5632 kinds=4/4 path=m1_pair
ROCKNPU GGML TRACE mul_mat weight=blk.13.ffn_down.weight type=q4_K M=1 K=5632 N=2048 path=w8a8_m1
ROCKNPU GGML TRACE qkv_triple layer=14 K=2048 N=2048+256+256 kinds=4/4/4
ROCKNPU GGML TRACE qkv_stash layer=14 first=blk.14.attn_v.weight second=blk.14.attn_k.weight
ROCKNPU GGML TRACE mul_mat weight=blk.14.attn_output.weight type=q4_K M=1 K=2048 N=2048 path=w8a8_m1
ROCKNPU GGML TRACE ffn_pair first=blk.14.ffn_gate.weight second=blk.14.ffn_up.weight M=1 K=2048 N=5632+5632 kinds=4/4 path=m1_pair
ROCKNPU GGML TRACE mul_mat weight=blk.14.ffn_down.weight type=q4_K M=1 K=5632 N=2048 path=w8a8_m1
ROCKNPU GGML TRACE qkv_triple layer=15 K=2048 N=2048+256+256 kinds=4/6/4
ROCKNPU GGML TRACE qkv_stash layer=15 first=blk.15.attn_v.weight second=blk.15.attn_k.weight
ROCKNPU GGML TRACE mul_mat weight=blk.15.attn_output.weight type=q4_K M=1 K=2048 N=2048 path=w8a8_m1
ROCKNPU GGML TRACE ffn_pair first=blk.15.ffn_gate.weight second=blk.15.ffn_up.weight M=1 K=2048 N=5632+5632 kinds=4/4 path=m1_pair
ROCKNPU GGML TRACE mul_mat weight=blk.15.ffn_down.weight type=q6_K M=1 K=5632 N=2048 path=w8a8_m1
ROCKNPU GGML TRACE qkv_triple layer=16 K=2048 N=2048+256+256 kinds=4/4/4
ROCKNPU GGML TRACE qkv_stash layer=16 first=blk.16.attn_v.weight second=blk.16.attn_k.weight
ROCKNPU GGML TRACE mul_mat weight=blk.16.attn_output.weight type=q4_K M=1 K=2048 N=2048 path=w8a8_m1
ROCKNPU GGML TRACE ffn_pair first=blk.16.ffn_gate.weight second=blk.16.ffn_up.weight M=1 K=2048 N=5632+5632 kinds=4/4 path=m1_pair
ROCKNPU GGML TRACE mul_mat weight=blk.16.ffn_down.weight type=q4_K M=1 K=5632 N=2048 path=w8a8_m1
ROCKNPU GGML TRACE qkv_triple layer=17 K=2048 N=2048+256+256 kinds=4/4/4
ROCKNPU GGML TRACE qkv_stash layer=17 first=blk.17.attn_v.weight second=blk.17.attn_k.weight
ROCKNPU GGML TRACE mul_mat weight=blk.17.attn_output.weight type=q4_K M=1 K=2048 N=2048 path=w8a8_m1
ROCKNPU GGML TRACE ffn_pair first=blk.17.ffn_gate.weight second=blk.17.ffn_up.weight M=1 K=2048 N=5632+5632 kinds=4/4 path=m1_pair
ROCKNPU GGML TRACE mul_mat weight=blk.17.ffn_down.weight type=q4_K M=1 K=5632 N=2048 path=w8a8_m1
ROCKNPU GGML TRACE qkv_triple layer=18 K=2048 N=2048+256+256 kinds=4/6/4
ROCKNPU GGML TRACE qkv_stash layer=18 first=blk.18.attn_v.weight second=blk.18.attn_k.weight
ROCKNPU GGML TRACE mul_mat weight=blk.18.attn_output.weight type=q4_K M=1 K=2048 N=2048 path=w8a8_m1
ROCKNPU GGML TRACE ffn_pair first=blk.18.ffn_gate.weight second=blk.18.ffn_up.weight M=1 K=2048 N=5632+5632 kinds=4/4 path=m1_pair
ROCKNPU GGML TRACE mul_mat weight=blk.18.ffn_down.weight type=q6_K M=1 K=5632 N=2048 path=w8a8_m1
ROCKNPU GGML TRACE qkv_triple layer=19 K=2048 N=2048+256+256 kinds=4/4/4
ROCKNPU GGML TRACE qkv_stash layer=19 first=blk.19.attn_v.weight second=blk.19.attn_k.weight
ROCKNPU GGML TRACE mul_mat weight=blk.19.attn_output.weight type=q4_K M=1 K=2048 N=2048 path=w8a8_m1
ROCKNPU GGML TRACE ffn_pair first=blk.19.ffn_gate.weight second=blk.19.ffn_up.weight M=1 K=2048 N=5632+5632 kinds=4/4 path=m1_pair
ROCKNPU GGML TRACE mul_mat weight=blk.19.ffn_down.weight type=q4_K M=1 K=5632 N=2048 path=w8a8_m1
ROCKNPU GGML TRACE qkv_triple layer=20 K=2048 N=2048+256+256 kinds=4/6/4
ROCKNPU GGML TRACE qkv_stash layer=20 first=blk.20.attn_v.weight second=blk.20.attn_k.weight
ROCKNPU GGML TRACE mul_mat weight=blk.20.attn_output.weight type=q4_K M=1 K=2048 N=2048 path=w8a8_m1
ROCKNPU GGML TRACE ffn_pair first=blk.20.ffn_gate.weight second=blk.20.ffn_up.weight M=1 K=2048 N=5632+5632 kinds=4/4 path=m1_pair
ROCKNPU GGML TRACE mul_mat weight=blk.20.ffn_down.weight type=q6_K M=1 K=5632 N=2048 path=w8a8_m1
ROCKNPU GGML TRACE qkv_triple layer=21 K=2048 N=2048+256+256 kinds=4/4/4
ROCKNPU GGML TRACE qkv_stash layer=21 first=blk.21.attn_v.weight second=blk.21.attn_k.weight
ROCKNPU GGML TRACE mul_mat weight=blk.21.attn_output.weight type=q4_K M=1 K=2048 N=2048 path=w8a8_m1
ROCKNPU GGML TRACE ffn_pair first=blk.21.ffn_gate.weight second=blk.21.ffn_up.weight M=1 K=2048 N=5632+5632 kinds=4/4 path=m1_pair
ROCKNPU GGML TRACE mul_mat weight=blk.21.ffn_down.weight type=q4_K M=1 K=5632 N=2048 path=w8a8_m1
ROCKNPU GGML TRACE qkv_triple layer=0 K=2048 N=2048+256+256 kinds=4/6/4
ROCKNPU GGML TRACE qkv_stash layer=0 first=blk.0.attn_v.weight second=blk.0.attn_k.weight
ROCKNPU GGML TRACE mul_mat weight=blk.0.attn_output.weight type=q4_K M=1 K=2048 N=2048 path=w8a8_m1
ROCKNPU GGML TRACE ffn_pair first=blk.0.ffn_gate.weight second=blk.0.ffn_up.weight M=1 K=2048 N=5632+5632 kinds=4/4 path=m1_pair
ROCKNPU GGML TRACE mul_mat weight=blk.0.ffn_down.weight type=q6_K M=1 K=5632 N=2048 path=w8a8_m1
ROCKNPU GGML TRACE qkv_triple layer=1 K=2048 N=2048+256+256 kinds=4/6/4
ROCKNPU GGML TRACE qkv_stash layer=1 first=blk.1.attn_v.weight second=blk.1.attn_k.weight
ROCKNPU GGML TRACE mul_mat weight=blk.1.attn_output.weight type=q4_K M=1 K=2048 N=2048 path=w8a8_m1
ROCKNPU GGML TRACE ffn_pair first=blk.1.ffn_gate.weight second=blk.1.ffn_up.weight M=1 K=2048 N=5632+5632 kinds=4/4 path=m1_pair
ROCKNPU GGML TRACE mul_mat weight=blk.1.ffn_down.weight type=q6_K M=1 K=5632 N=2048 path=w8a8_m1
ROCKNPU GGML TRACE qkv_triple layer=2 K=2048 N=2048+256+256 kinds=4/4/4
ROCKNPU GGML TRACE qkv_stash layer=2 first=blk.2.attn_v.weight second=blk.2.attn_k.weight
ROCKNPU GGML TRACE mul_mat weight=blk.2.attn_output.weight type=q4_K M=1 K=2048 N=2048 path=w8a8_m1
ROCKNPU GGML TRACE ffn_pair first=blk.2.ffn_gate.weight second=blk.2.ffn_up.weight M=1 K=2048 N=5632+5632 kinds=4/4 path=m1_pair
ROCKNPU GGML TRACE mul_mat weight=blk.2.ffn_down.weight type=q4_K M=1 K=5632 N=2048 path=w8a8_m1
ROCKNPU GGML TRACE qkv_triple layer=3 K=2048 N=2048+256+256 kinds=4/4/4
ROCKNPU GGML TRACE qkv_stash layer=3 first=blk.3.attn_v.weight second=blk.3.attn_k.weight
ROCKNPU GGML TRACE mul_mat weight=blk.3.attn_output.weight type=q4_K M=1 K=2048 N=2048 path=w8a8_m1
ROCKNPU GGML TRACE ffn_pair first=blk.3.ffn_gate.weight second=blk.3.ffn_up.weight M=1 K=2048 N=5632+5632 kinds=4/4 path=m1_pair
ROCKNPU GGML TRACE mul_mat weight=blk.3.ffn_down.weight type=q4_K M=1 K=5632 N=2048 path=w8a8_m1
ROCKNPU GGML TRACE qkv_triple layer=4 K=2048 N=2048+256+256 kinds=4/6/4
ROCKNPU GGML TRACE qkv_stash layer=4 first=blk.4.attn_v.weight second=blk.4.attn_k.weight
ROCKNPU GGML TRACE mul_mat weight=blk.4.attn_output.weight type=q4_K M=1 K=2048 N=2048 path=w8a8_m1
ROCKNPU GGML TRACE ffn_pair first=blk.4.ffn_gate.weight second=blk.4.ffn_up.weight M=1 K=2048 N=5632+5632 kinds=4/4 path=m1_pair
ROCKNPU GGML TRACE mul_mat weight=blk.4.ffn_down.weight type=q6_K M=1 K=5632 N=2048 path=w8a8_m1
ROCKNPU GGML TRACE qkv_triple layer=5 K=2048 N=2048+256+256 kinds=4/4/4
ROCKNPU GGML TRACE qkv_stash layer=5 first=blk.5.attn_v.weight second=blk.5.attn_k.weight
ROCKNPU GGML TRACE mul_mat weight=blk.5.attn_output.weight type=q4_K M=1 K=2048 N=2048 path=w8a8_m1
ROCKNPU GGML TRACE ffn_pair first=blk.5.ffn_gate.weight second=blk.5.ffn_up.weight M=1 K=2048 N=5632+5632 kinds=4/4 path=m1_pair
ROCKNPU GGML TRACE mul_mat weight=blk.5.ffn_down.weight type=q4_K M=1 K=5632 N=2048 path=w8a8_m1
ROCKNPU GGML TRACE qkv_triple layer=6 K=2048 N=2048+256+256 kinds=4/4/4
ROCKNPU GGML TRACE qkv_stash layer=6 first=blk.6.attn_v.weight second=blk.6.attn_k.weight
ROCKNPU GGML TRACE mul_mat weight=blk.6.attn_output.weight type=q4_K M=1 K=2048 N=2048 path=w8a8_m1
ROCKNPU GGML TRACE ffn_pair first=blk.6.ffn_gate.weight second=blk.6.ffn_up.weight M=1 K=2048 N=5632+5632 kinds=4/4 path=m1_pair
ROCKNPU GGML TRACE mul_mat weight=blk.6.ffn_down.weight type=q4_K M=1 K=5632 N=2048 path=w8a8_m1
ROCKNPU GGML TRACE qkv_triple layer=7 K=2048 N=2048+256+256 kinds=4/6/4
ROCKNPU GGML TRACE qkv_stash layer=7 first=blk.7.attn_v.weight second=blk.7.attn_k.weight
ROCKNPU GGML TRACE mul_mat weight=blk.7.attn_output.weight type=q4_K M=1 K=2048 N=2048 path=w8a8_m1
ROCKNPU GGML TRACE ffn_pair first=blk.7.ffn_gate.weight second=blk.7.ffn_up.weight M=1 K=2048 N=5632+5632 kinds=4/4 path=m1_pair
ROCKNPU GGML TRACE mul_mat weight=blk.7.ffn_down.weight type=q6_K M=1 K=5632 N=2048 path=w8a8_m1
ROCKNPU GGML TRACE qkv_triple layer=8 K=2048 N=2048+256+256 kinds=4/6/4
ROCKNPU GGML TRACE qkv_stash layer=8 first=blk.8.attn_v.weight second=blk.8.attn_k.weight
ROCKNPU GGML TRACE mul_mat weight=blk.8.attn_output.weight type=q4_K M=1 K=2048 N=2048 path=w8a8_m1
ROCKNPU GGML TRACE ffn_pair first=blk.8.ffn_gate.weight second=blk.8.ffn_up.weight M=1 K=2048 N=5632+5632 kinds=4/4 path=m1_pair
ROCKNPU GGML TRACE mul_mat weight=blk.8.ffn_down.weight type=q6_K M=1 K=5632 N=2048 path=w8a8_m1
ROCKNPU GGML TRACE qkv_triple layer=9 K=2048 N=2048+256+256 kinds=4/6/4
ROCKNPU GGML TRACE qkv_stash layer=9 first=blk.9.attn_v.weight second=blk.9.attn_k.weight
ROCKNPU GGML TRACE mul_mat weight=blk.9.attn_output.weight type=q4_K M=1 K=2048 N=2048 path=w8a8_m1
ROCKNPU GGML TRACE ffn_pair first=blk.9.ffn_gate.weight second=blk.9.ffn_up.weight M=1 K=2048 N=5632+5632 kinds=4/4 path=m1_pair
ROCKNPU GGML TRACE mul_mat weight=blk.9.ffn_down.weight type=q6_K M=1 K=5632 N=2048 path=w8a8_m1
ROCKNPU GGML TRACE qkv_triple layer=10 K=2048 N=2048+256+256 kinds=4/4/4
ROCKNPU GGML TRACE qkv_stash layer=10 first=blk.10.attn_v.weight second=blk.10.attn_k.weight
ROCKNPU GGML TRACE mul_mat weight=blk.10.attn_output.weight type=q4_K M=1 K=2048 N=2048 path=w8a8_m1
ROCKNPU GGML TRACE ffn_pair first=blk.10.ffn_gate.weight second=blk.10.ffn_up.weight M=1 K=2048 N=5632+5632 kinds=4/4 path=m1_pair
ROCKNPU GGML TRACE mul_mat weight=blk.10.ffn_down.weight type=q4_K M=1 K=5632 N=2048 path=w8a8_m1
ROCKNPU GGML TRACE qkv_triple layer=11 K=2048 N=2048+256+256 kinds=4/4/4
ROCKNPU GGML TRACE qkv_stash layer=11 first=blk.11.attn_v.weight second=blk.11.attn_k.weight
ROCKNPU GGML TRACE mul_mat weight=blk.11.attn_output.weight type=q4_K M=1 K=2048 N=2048 path=w8a8_m1
ROCKNPU GGML TRACE ffn_pair first=blk.11.ffn_gate.weight second=blk.11.ffn_up.weight M=1 K=2048 N=5632+5632 kinds=4/4 path=m1_pair
ROCKNPU GGML TRACE mul_mat weight=blk.11.ffn_down.weight type=q4_K M=1 K=5632 N=2048 path=w8a8_m1
ROCKNPU GGML TRACE qkv_triple layer=12 K=2048 N=2048+256+256 kinds=4/6/4
ROCKNPU GGML TRACE qkv_stash layer=12 first=blk.12.attn_v.weight second=blk.12.attn_k.weight
ROCKNPU GGML TRACE mul_mat weight=blk.12.attn_output.weight type=q4_K M=1 K=2048 N=2048 path=w8a8_m1
ROCKNPU GGML TRACE ffn_pair first=blk.12.ffn_gate.weight second=blk.12.ffn_up.weight M=1 K=2048 N=5632+5632 kinds=4/4 path=m1_pair
ROCKNPU GGML TRACE mul_mat weight=blk.12.ffn_down.weight type=q6_K M=1 K=5632 N=2048 path=w8a8_m1
ROCKNPU GGML TRACE qkv_triple layer=13 K=2048 N=2048+256+256 kinds=4/4/4
ROCKNPU GGML TRACE qkv_stash layer=13 first=blk.13.attn_v.weight second=blk.13.attn_k.weight
ROCKNPU GGML TRACE mul_mat weight=blk.13.attn_output.weight type=q4_K M=1 K=2048 N=2048 path=w8a8_m1
ROCKNPU GGML TRACE ffn_pair first=blk.13.ffn_gate.weight second=blk.13.ffn_up.weight M=1 K=2048 N=5632+5632 kinds=4/4 path=m1_pair
ROCKNPU GGML TRACE mul_mat weight=blk.13.ffn_down.weight type=q4_K M=1 K=5632 N=2048 path=w8a8_m1
ROCKNPU GGML TRACE qkv_triple layer=14 K=2048 N=2048+256+256 kinds=4/4/4
ROCKNPU GGML TRACE qkv_stash layer=14 first=blk.14.attn_v.weight second=blk.14.attn_k.weight
ROCKNPU GGML TRACE mul_mat weight=blk.14.attn_output.weight type=q4_K M=1 K=2048 N=2048 path=w8a8_m1
ROCKNPU GGML TRACE ffn_pair first=blk.14.ffn_gate.weight second=blk.14.ffn_up.weight M=1 K=2048 N=5632+5632 kinds=4/4 path=m1_pair
ROCKNPU GGML TRACE mul_mat weight=blk.14.ffn_down.weight type=q4_K M=1 K=5632 N=2048 path=w8a8_m1
ROCKNPU GGML TRACE qkv_triple layer=15 K=2048 N=2048+256+256 kinds=4/6/4
ROCKNPU GGML TRACE qkv_stash layer=15 first=blk.15.attn_v.weight second=blk.15.attn_k.weight
ROCKNPU GGML TRACE mul_mat weight=blk.15.attn_output.weight type=q4_K M=1 K=2048 N=2048 path=w8a8_m1
ROCKNPU GGML TRACE ffn_pair first=blk.15.ffn_gate.weight second=blk.15.ffn_up.weight M=1 K=2048 N=5632+5632 kinds=4/4 path=m1_pair
ROCKNPU GGML TRACE mul_mat weight=blk.15.ffn_down.weight type=q6_K M=1 K=5632 N=2048 path=w8a8_m1
ROCKNPU GGML TRACE qkv_triple layer=16 K=2048 N=2048+256+256 kinds=4/4/4
ROCKNPU GGML TRACE qkv_stash layer=16 first=blk.16.attn_v.weight second=blk.16.attn_k.weight
ROCKNPU GGML TRACE mul_mat weight=blk.16.attn_output.weight type=q4_K M=1 K=2048 N=2048 path=w8a8_m1
ROCKNPU GGML TRACE ffn_pair first=blk.16.ffn_gate.weight second=blk.16.ffn_up.weight M=1 K=2048 N=5632+5632 kinds=4/4 path=m1_pair
ROCKNPU GGML TRACE mul_mat weight=blk.16.ffn_down.weight type=q4_K M=1 K=5632 N=2048 path=w8a8_m1
ROCKNPU GGML TRACE qkv_triple layer=17 K=2048 N=2048+256+256 kinds=4/4/4
ROCKNPU GGML TRACE qkv_stash layer=17 first=blk.17.attn_v.weight second=blk.17.attn_k.weight
ROCKNPU GGML TRACE mul_mat weight=blk.17.attn_output.weight type=q4_K M=1 K=2048 N=2048 path=w8a8_m1
ROCKNPU GGML TRACE ffn_pair first=blk.17.ffn_gate.weight second=blk.17.ffn_up.weight M=1 K=2048 N=5632+5632 kinds=4/4 path=m1_pair
ROCKNPU GGML TRACE mul_mat weight=blk.17.ffn_down.weight type=q4_K M=1 K=5632 N=2048 path=w8a8_m1
ROCKNPU GGML TRACE qkv_triple layer=18 K=2048 N=2048+256+256 kinds=4/6/4
ROCKNPU GGML TRACE qkv_stash layer=18 first=blk.18.attn_v.weight second=blk.18.attn_k.weight
ROCKNPU GGML TRACE mul_mat weight=blk.18.attn_output.weight type=q4_K M=1 K=2048 N=2048 path=w8a8_m1
ROCKNPU GGML TRACE ffn_pair first=blk.18.ffn_gate.weight second=blk.18.ffn_up.weight M=1 K=2048 N=5632+5632 kinds=4/4 path=m1_pair
ROCKNPU GGML TRACE mul_mat weight=blk.18.ffn_down.weight type=q6_K M=1 K=5632 N=2048 path=w8a8_m1
ROCKNPU GGML TRACE qkv_triple layer=19 K=2048 N=2048+256+256 kinds=4/4/4
ROCKNPU GGML TRACE qkv_stash layer=19 first=blk.19.attn_v.weight second=blk.19.attn_k.weight
ROCKNPU GGML TRACE mul_mat weight=blk.19.attn_output.weight type=q4_K M=1 K=2048 N=2048 path=w8a8_m1
ROCKNPU GGML TRACE ffn_pair first=blk.19.ffn_gate.weight second=blk.19.ffn_up.weight M=1 K=2048 N=5632+5632 kinds=4/4 path=m1_pair
ROCKNPU GGML TRACE mul_mat weight=blk.19.ffn_down.weight type=q4_K M=1 K=5632 N=2048 path=w8a8_m1
ROCKNPU GGML TRACE qkv_triple layer=20 K=2048 N=2048+256+256 kinds=4/6/4
ROCKNPU GGML TRACE qkv_stash layer=20 first=blk.20.attn_v.weight second=blk.20.attn_k.weight
ROCKNPU GGML TRACE mul_mat weight=blk.20.attn_output.weight type=q4_K M=1 K=2048 N=2048 path=w8a8_m1
ROCKNPU GGML TRACE ffn_pair first=blk.20.ffn_gate.weight second=blk.20.ffn_up.weight M=1 K=2048 N=5632+5632 kinds=4/4 path=m1_pair
ROCKNPU GGML TRACE mul_mat weight=blk.20.ffn_down.weight type=q6_K M=1 K=5632 N=2048 path=w8a8_m1
ROCKNPU GGML TRACE qkv_triple layer=21 K=2048 N=2048+256+256 kinds=4/4/4
ROCKNPU GGML TRACE qkv_stash layer=21 first=blk.21.attn_v.weight second=blk.21.attn_k.weight
ROCKNPU GGML TRACE mul_mat weight=blk.21.attn_output.weight type=q4_K M=1 K=2048 N=2048 path=w8a8_m1
ROCKNPU GGML TRACE ffn_pair first=blk.21.ffn_gate.weight second=blk.21.ffn_up.weight M=1 K=2048 N=5632+5632 kinds=4/4 path=m1_pair
ROCKNPU GGML TRACE mul_mat weight=blk.21.ffn_down.weight type=q4_K M=1 K=5632 N=2048 path=w8a8_m1
ROCKNPU GGML TRACE qkv_triple layer=0 K=2048 N=2048+256+256 kinds=4/6/4
ROCKNPU GGML TRACE qkv_stash layer=0 first=blk.0.attn_v.weight second=blk.0.attn_k.weight
ROCKNPU GGML TRACE mul_mat weight=blk.0.attn_output.weight type=q4_K M=1 K=2048 N=2048 path=w8a8_m1
ROCKNPU GGML TRACE ffn_pair first=blk.0.ffn_gate.weight second=blk.0.ffn_up.weight M=1 K=2048 N=5632+5632 kinds=4/4 path=m1_pair
ROCKNPU GGML TRACE mul_mat weight=blk.0.ffn_down.weight type=q6_K M=1 K=5632 N=2048 path=w8a8_m1
ROCKNPU GGML TRACE qkv_triple layer=1 K=2048 N=2048+256+256 kinds=4/6/4
ROCKNPU GGML TRACE qkv_stash layer=1 first=blk.1.attn_v.weight second=blk.1.attn_k.weight
ROCKNPU GGML TRACE mul_mat weight=blk.1.attn_output.weight type=q4_K M=1 K=2048 N=2048 path=w8a8_m1
ROCKNPU GGML TRACE ffn_pair first=blk.1.ffn_gate.weight second=blk.1.ffn_up.weight M=1 K=2048 N=5632+5632 kinds=4/4 path=m1_pair
ROCKNPU GGML TRACE mul_mat weight=blk.1.ffn_down.weight type=q6_K M=1 K=5632 N=2048 path=w8a8_m1
ROCKNPU GGML TRACE qkv_triple layer=2 K=2048 N=2048+256+256 kinds=4/4/4
ROCKNPU GGML TRACE qkv_stash layer=2 first=blk.2.attn_v.weight second=blk.2.attn_k.weight
ROCKNPU GGML TRACE mul_mat weight=blk.2.attn_output.weight type=q4_K M=1 K=2048 N=2048 path=w8a8_m1
ROCKNPU GGML TRACE ffn_pair first=blk.2.ffn_gate.weight second=blk.2.ffn_up.weight M=1 K=2048 N=5632+5632 kinds=4/4 path=m1_pair
ROCKNPU GGML TRACE mul_mat weight=blk.2.ffn_down.weight type=q4_K M=1 K=5632 N=2048 path=w8a8_m1
ROCKNPU GGML TRACE qkv_triple layer=3 K=2048 N=2048+256+256 kinds=4/4/4
ROCKNPU GGML TRACE qkv_stash layer=3 first=blk.3.attn_v.weight second=blk.3.attn_k.weight
ROCKNPU GGML TRACE mul_mat weight=blk.3.attn_output.weight type=q4_K M=1 K=2048 N=2048 path=w8a8_m1
ROCKNPU GGML TRACE ffn_pair first=blk.3.ffn_gate.weight second=blk.3.ffn_up.weight M=1 K=2048 N=5632+5632 kinds=4/4 path=m1_pair
ROCKNPU GGML TRACE mul_mat weight=blk.3.ffn_down.weight type=q4_K M=1 K=5632 N=2048 path=w8a8_m1
ROCKNPU GGML TRACE qkv_triple layer=4 K=2048 N=2048+256+256 kinds=4/6/4
ROCKNPU GGML TRACE qkv_stash layer=4 first=blk.4.attn_v.weight second=blk.4.attn_k.weight
ROCKNPU GGML TRACE mul_mat weight=blk.4.attn_output.weight type=q4_K M=1 K=2048 N=2048 path=w8a8_m1
ROCKNPU GGML TRACE ffn_pair first=blk.4.ffn_gate.weight second=blk.4.ffn_up.weight M=1 K=2048 N=5632+5632 kinds=4/4 path=m1_pair
ROCKNPU GGML TRACE mul_mat weight=blk.4.ffn_down.weight type=q6_K M=1 K=5632 N=2048 path=w8a8_m1
ROCKNPU GGML TRACE qkv_triple layer=5 K=2048 N=2048+256+256 kinds=4/4/4
ROCKNPU GGML TRACE qkv_stash layer=5 first=blk.5.attn_v.weight second=blk.5.attn_k.weight
ROCKNPU GGML TRACE mul_mat weight=blk.5.attn_output.weight type=q4_K M=1 K=2048 N=2048 path=w8a8_m1
ROCKNPU GGML TRACE ffn_pair first=blk.5.ffn_gate.weight second=blk.5.ffn_up.weight M=1 K=2048 N=5632+5632 kinds=4/4 path=m1_pair
ROCKNPU GGML TRACE mul_mat weight=blk.5.ffn_down.weight type=q4_K M=1 K=5632 N=2048 path=w8a8_m1
ROCKNPU GGML TRACE qkv_triple layer=6 K=2048 N=2048+256+256 kinds=4/4/4
ROCKNPU GGML TRACE qkv_stash layer=6 first=blk.6.attn_v.weight second=blk.6.attn_k.weight
ROCKNPU GGML TRACE mul_mat weight=blk.6.attn_output.weight type=q4_K M=1 K=2048 N=2048 path=w8a8_m1
ROCKNPU GGML TRACE ffn_pair first=blk.6.ffn_gate.weight second=blk.6.ffn_up.weight M=1 K=2048 N=5632+5632 kinds=4/4 path=m1_pair
ROCKNPU GGML TRACE mul_mat weight=blk.6.ffn_down.weight type=q4_K M=1 K=5632 N=2048 path=w8a8_m1
ROCKNPU GGML TRACE qkv_triple layer=7 K=2048 N=2048+256+256 kinds=4/6/4
ROCKNPU GGML TRACE qkv_stash layer=7 first=blk.7.attn_v.weight second=blk.7.attn_k.weight
ROCKNPU GGML TRACE mul_mat weight=blk.7.attn_output.weight type=q4_K M=1 K=2048 N=2048 path=w8a8_m1
ROCKNPU GGML TRACE ffn_pair first=blk.7.ffn_gate.weight second=blk.7.ffn_up.weight M=1 K=2048 N=5632+5632 kinds=4/4 path=m1_pair
ROCKNPU GGML TRACE mul_mat weight=blk.7.ffn_down.weight type=q6_K M=1 K=5632 N=2048 path=w8a8_m1
ROCKNPU GGML TRACE qkv_triple layer=8 K=2048 N=2048+256+256 kinds=4/6/4
ROCKNPU GGML TRACE qkv_stash layer=8 first=blk.8.attn_v.weight second=blk.8.attn_k.weight
ROCKNPU GGML TRACE mul_mat weight=blk.8.attn_output.weight type=q4_K M=1 K=2048 N=2048 path=w8a8_m1
ROCKNPU GGML TRACE ffn_pair first=blk.8.ffn_gate.weight second=blk.8.ffn_up.weight M=1 K=2048 N=5632+5632 kinds=4/4 path=m1_pair
ROCKNPU GGML TRACE mul_mat weight=blk.8.ffn_down.weight type=q6_K M=1 K=5632 N=2048 path=w8a8_m1
ROCKNPU GGML TRACE qkv_triple layer=9 K=2048 N=2048+256+256 kinds=4/6/4
ROCKNPU GGML TRACE qkv_stash layer=9 first=blk.9.attn_v.weight second=blk.9.attn_k.weight
ROCKNPU GGML TRACE mul_mat weight=blk.9.attn_output.weight type=q4_K M=1 K=2048 N=2048 path=w8a8_m1
ROCKNPU GGML TRACE ffn_pair first=blk.9.ffn_gate.weight second=blk.9.ffn_up.weight M=1 K=2048 N=5632+5632 kinds=4/4 path=m1_pair
ROCKNPU GGML TRACE mul_mat weight=blk.9.ffn_down.weight type=q6_K M=1 K=5632 N=2048 path=w8a8_m1
ROCKNPU GGML TRACE qkv_triple layer=10 K=2048 N=2048+256+256 kinds=4/4/4
ROCKNPU GGML TRACE qkv_stash layer=10 first=blk.10.attn_v.weight second=blk.10.attn_k.weight
ROCKNPU GGML TRACE mul_mat weight=blk.10.attn_output.weight type=q4_K M=1 K=2048 N=2048 path=w8a8_m1
ROCKNPU GGML TRACE ffn_pair first=blk.10.ffn_gate.weight second=blk.10.ffn_up.weight M=1 K=2048 N=5632+5632 kinds=4/4 path=m1_pair
ROCKNPU GGML TRACE mul_mat weight=blk.10.ffn_down.weight type=q4_K M=1 K=5632 N=2048 path=w8a8_m1
ROCKNPU GGML TRACE qkv_triple layer=11 K=2048 N=2048+256+256 kinds=4/4/4
ROCKNPU GGML TRACE qkv_stash layer=11 first=blk.11.attn_v.weight second=blk.11.attn_k.weight
ROCKNPU GGML TRACE mul_mat weight=blk.11.attn_output.weight type=q4_K M=1 K=2048 N=2048 path=w8a8_m1
ROCKNPU GGML TRACE ffn_pair first=blk.11.ffn_gate.weight second=blk.11.ffn_up.weight M=1 K=2048 N=5632+5632 kinds=4/4 path=m1_pair
ROCKNPU GGML TRACE mul_mat weight=blk.11.ffn_down.weight type=q4_K M=1 K=5632 N=2048 path=w8a8_m1
ROCKNPU GGML TRACE qkv_triple layer=12 K=2048 N=2048+256+256 kinds=4/6/4
ROCKNPU GGML TRACE qkv_stash layer=12 first=blk.12.attn_v.weight second=blk.12.attn_k.weight
ROCKNPU GGML TRACE mul_mat weight=blk.12.attn_output.weight type=q4_K M=1 K=2048 N=2048 path=w8a8_m1
ROCKNPU GGML TRACE ffn_pair first=blk.12.ffn_gate.weight second=blk.12.ffn_up.weight M=1 K=2048 N=5632+5632 kinds=4/4 path=m1_pair
ROCKNPU GGML TRACE mul_mat weight=blk.12.ffn_down.weight type=q6_K M=1 K=5632 N=2048 path=w8a8_m1
ROCKNPU GGML TRACE qkv_triple layer=13 K=2048 N=2048+256+256 kinds=4/4/4
ROCKNPU GGML TRACE qkv_stash layer=13 first=blk.13.attn_v.weight second=blk.13.attn_k.weight
ROCKNPU GGML TRACE mul_mat weight=blk.13.attn_output.weight type=q4_K M=1 K=2048 N=2048 path=w8a8_m1
ROCKNPU GGML TRACE ffn_pair first=blk.13.ffn_gate.weight second=blk.13.ffn_up.weight M=1 K=2048 N=5632+5632 kinds=4/4 path=m1_pair
ROCKNPU GGML TRACE mul_mat weight=blk.13.ffn_down.weight type=q4_K M=1 K=5632 N=2048 path=w8a8_m1
ROCKNPU GGML TRACE qkv_triple layer=14 K=2048 N=2048+256+256 kinds=4/4/4
ROCKNPU GGML TRACE qkv_stash layer=14 first=blk.14.attn_v.weight second=blk.14.attn_k.weight
ROCKNPU GGML TRACE mul_mat weight=blk.14.attn_output.weight type=q4_K M=1 K=2048 N=2048 path=w8a8_m1
ROCKNPU GGML TRACE ffn_pair first=blk.14.ffn_gate.weight second=blk.14.ffn_up.weight M=1 K=2048 N=5632+5632 kinds=4/4 path=m1_pair
ROCKNPU GGML TRACE mul_mat weight=blk.14.ffn_down.weight type=q4_K M=1 K=5632 N=2048 path=w8a8_m1
ROCKNPU GGML TRACE qkv_triple layer=15 K=2048 N=2048+256+256 kinds=4/6/4
ROCKNPU GGML TRACE qkv_stash layer=15 first=blk.15.attn_v.weight second=blk.15.attn_k.weight
ROCKNPU GGML TRACE mul_mat weight=blk.15.attn_output.weight type=q4_K M=1 K=2048 N=2048 path=w8a8_m1
ROCKNPU GGML TRACE ffn_pair first=blk.15.ffn_gate.weight second=blk.15.ffn_up.weight M=1 K=2048 N=5632+5632 kinds=4/4 path=m1_pair
ROCKNPU GGML TRACE mul_mat weight=blk.15.ffn_down.weight type=q6_K M=1 K=5632 N=2048 path=w8a8_m1
ROCKNPU GGML TRACE qkv_triple layer=16 K=2048 N=2048+256+256 kinds=4/4/4
ROCKNPU GGML TRACE qkv_stash layer=16 first=blk.16.attn_v.weight second=blk.16.attn_k.weight
ROCKNPU GGML TRACE mul_mat weight=blk.16.attn_output.weight type=q4_K M=1 K=2048 N=2048 path=w8a8_m1
ROCKNPU GGML TRACE ffn_pair first=blk.16.ffn_gate.weight second=blk.16.ffn_up.weight M=1 K=2048 N=5632+5632 kinds=4/4 path=m1_pair
ROCKNPU GGML TRACE mul_mat weight=blk.16.ffn_down.weight type=q4_K M=1 K=5632 N=2048 path=w8a8_m1
ROCKNPU GGML TRACE qkv_triple layer=17 K=2048 N=2048+256+256 kinds=4/4/4
ROCKNPU GGML TRACE qkv_stash layer=17 first=blk.17.attn_v.weight second=blk.17.attn_k.weight
ROCKNPU GGML TRACE mul_mat weight=blk.17.attn_output.weight type=q4_K M=1 K=2048 N=2048 path=w8a8_m1
ROCKNPU GGML TRACE ffn_pair first=blk.17.ffn_gate.weight second=blk.17.ffn_up.weight M=1 K=2048 N=5632+5632 kinds=4/4 path=m1_pair
ROCKNPU GGML TRACE mul_mat weight=blk.17.ffn_down.weight type=q4_K M=1 K=5632 N=2048 path=w8a8_m1
ROCKNPU GGML TRACE qkv_triple layer=18 K=2048 N=2048+256+256 kinds=4/6/4
ROCKNPU GGML TRACE qkv_stash layer=18 first=blk.18.attn_v.weight second=blk.18.attn_k.weight
ROCKNPU GGML TRACE mul_mat weight=blk.18.attn_output.weight type=q4_K M=1 K=2048 N=2048 path=w8a8_m1
ROCKNPU GGML TRACE ffn_pair first=blk.18.ffn_gate.weight second=blk.18.ffn_up.weight M=1 K=2048 N=5632+5632 kinds=4/4 path=m1_pair
ROCKNPU GGML TRACE mul_mat weight=blk.18.ffn_down.weight type=q6_K M=1 K=5632 N=2048 path=w8a8_m1
ROCKNPU GGML TRACE qkv_triple layer=19 K=2048 N=2048+256+256 kinds=4/4/4
ROCKNPU GGML TRACE qkv_stash layer=19 first=blk.19.attn_v.weight second=blk.19.attn_k.weight
ROCKNPU GGML TRACE mul_mat weight=blk.19.attn_output.weight type=q4_K M=1 K=2048 N=2048 path=w8a8_m1
ROCKNPU GGML TRACE ffn_pair first=blk.19.ffn_gate.weight second=blk.19.ffn_up.weight M=1 K=2048 N=5632+5632 kinds=4/4 path=m1_pair
ROCKNPU GGML TRACE mul_mat weight=blk.19.ffn_down.weight type=q4_K M=1 K=5632 N=2048 path=w8a8_m1
ROCKNPU GGML TRACE qkv_triple layer=20 K=2048 N=2048+256+256 kinds=4/6/4
ROCKNPU GGML TRACE qkv_stash layer=20 first=blk.20.attn_v.weight second=blk.20.attn_k.weight
ROCKNPU GGML TRACE mul_mat weight=blk.20.attn_output.weight type=q4_K M=1 K=2048 N=2048 path=w8a8_m1
ROCKNPU GGML TRACE ffn_pair first=blk.20.ffn_gate.weight second=blk.20.ffn_up.weight M=1 K=2048 N=5632+5632 kinds=4/4 path=m1_pair
ROCKNPU GGML TRACE mul_mat weight=blk.20.ffn_down.weight type=q6_K M=1 K=5632 N=2048 path=w8a8_m1
ROCKNPU GGML TRACE qkv_triple layer=21 K=2048 N=2048+256+256 kinds=4/4/4
ROCKNPU GGML TRACE qkv_stash layer=21 first=blk.21.attn_v.weight second=blk.21.attn_k.weight
ROCKNPU GGML TRACE mul_mat weight=blk.21.attn_output.weight type=q4_K M=1 K=2048 N=2048 path=w8a8_m1
ROCKNPU GGML TRACE ffn_pair first=blk.21.ffn_gate.weight second=blk.21.ffn_up.weight M=1 K=2048 N=5632+5632 kinds=4/4 path=m1_pair
ROCKNPU GGML TRACE mul_mat weight=blk.21.ffn_down.weight type=q4_K M=1 K=5632 N=2048 path=w8a8_m1
ROCKNPU GGML TRACE qkv_triple layer=0 K=2048 N=2048+256+256 kinds=4/6/4
ROCKNPU GGML TRACE qkv_stash layer=0 first=blk.0.attn_v.weight second=blk.0.attn_k.weight
ROCKNPU GGML TRACE mul_mat weight=blk.0.attn_output.weight type=q4_K M=1 K=2048 N=2048 path=w8a8_m1
ROCKNPU GGML TRACE ffn_pair first=blk.0.ffn_gate.weight second=blk.0.ffn_up.weight M=1 K=2048 N=5632+5632 kinds=4/4 path=m1_pair
ROCKNPU GGML TRACE mul_mat weight=blk.0.ffn_down.weight type=q6_K M=1 K=5632 N=2048 path=w8a8_m1
ROCKNPU GGML TRACE qkv_triple layer=1 K=2048 N=2048+256+256 kinds=4/6/4
ROCKNPU GGML TRACE qkv_stash layer=1 first=blk.1.attn_v.weight second=blk.1.attn_k.weight
ROCKNPU GGML TRACE mul_mat weight=blk.1.attn_output.weight type=q4_K M=1 K=2048 N=2048 path=w8a8_m1
ROCKNPU GGML TRACE ffn_pair first=blk.1.ffn_gate.weight second=blk.1.ffn_up.weight M=1 K=2048 N=5632+5632 kinds=4/4 path=m1_pair
ROCKNPU GGML TRACE mul_mat weight=blk.1.ffn_down.weight type=q6_K M=1 K=5632 N=2048 path=w8a8_m1
ROCKNPU GGML TRACE qkv_triple layer=2 K=2048 N=2048+256+256 kinds=4/4/4
ROCKNPU GGML TRACE qkv_stash layer=2 first=blk.2.attn_v.weight second=blk.2.attn_k.weight
ROCKNPU GGML TRACE mul_mat weight=blk.2.attn_output.weight type=q4_K M=1 K=2048 N=2048 path=w8a8_m1
ROCKNPU GGML TRACE ffn_pair first=blk.2.ffn_gate.weight second=blk.2.ffn_up.weight M=1 K=2048 N=5632+5632 kinds=4/4 path=m1_pair
ROCKNPU GGML TRACE mul_mat weight=blk.2.ffn_down.weight type=q4_K M=1 K=5632 N=2048 path=w8a8_m1
ROCKNPU GGML TRACE qkv_triple layer=3 K=2048 N=2048+256+256 kinds=4/4/4
ROCKNPU GGML TRACE qkv_stash layer=3 first=blk.3.attn_v.weight second=blk.3.attn_k.weight
ROCKNPU GGML TRACE mul_mat weight=blk.3.attn_output.weight type=q4_K M=1 K=2048 N=2048 path=w8a8_m1
ROCKNPU GGML TRACE ffn_pair first=blk.3.ffn_gate.weight second=blk.3.ffn_up.weight M=1 K=2048 N=5632+5632 kinds=4/4 path=m1_pair
ROCKNPU GGML TRACE mul_mat weight=blk.3.ffn_down.weight type=q4_K M=1 K=5632 N=2048 path=w8a8_m1
ROCKNPU GGML TRACE qkv_triple layer=4 K=2048 N=2048+256+256 kinds=4/6/4
ROCKNPU GGML TRACE qkv_stash layer=4 first=blk.4.attn_v.weight second=blk.4.attn_k.weight
ROCKNPU GGML TRACE mul_mat weight=blk.4.attn_output.weight type=q4_K M=1 K=2048 N=2048 path=w8a8_m1
ROCKNPU GGML TRACE ffn_pair first=blk.4.ffn_gate.weight second=blk.4.ffn_up.weight M=1 K=2048 N=5632+5632 kinds=4/4 path=m1_pair
ROCKNPU GGML TRACE mul_mat weight=blk.4.ffn_down.weight type=q6_K M=1 K=5632 N=2048 path=w8a8_m1
ROCKNPU GGML TRACE qkv_triple layer=5 K=2048 N=2048+256+256 kinds=4/4/4
ROCKNPU GGML TRACE qkv_stash layer=5 first=blk.5.attn_v.weight second=blk.5.attn_k.weight
ROCKNPU GGML TRACE mul_mat weight=blk.5.attn_output.weight type=q4_K M=1 K=2048 N=2048 path=w8a8_m1
ROCKNPU GGML TRACE ffn_pair first=blk.5.ffn_gate.weight second=blk.5.ffn_up.weight M=1 K=2048 N=5632+5632 kinds=4/4 path=m1_pair
ROCKNPU GGML TRACE mul_mat weight=blk.5.ffn_down.weight type=q4_K M=1 K=5632 N=2048 path=w8a8_m1
ROCKNPU GGML TRACE qkv_triple layer=6 K=2048 N=2048+256+256 kinds=4/4/4
ROCKNPU GGML TRACE qkv_stash layer=6 first=blk.6.attn_v.weight second=blk.6.attn_k.weight
ROCKNPU GGML TRACE mul_mat weight=blk.6.attn_output.weight type=q4_K M=1 K=2048 N=2048 path=w8a8_m1
ROCKNPU GGML TRACE ffn_pair first=blk.6.ffn_gate.weight second=blk.6.ffn_up.weight M=1 K=2048 N=5632+5632 kinds=4/4 path=m1_pair
ROCKNPU GGML TRACE mul_mat weight=blk.6.ffn_down.weight type=q4_K M=1 K=5632 N=2048 path=w8a8_m1
ROCKNPU GGML TRACE qkv_triple layer=7 K=2048 N=2048+256+256 kinds=4/6/4
ROCKNPU GGML TRACE qkv_stash layer=7 first=blk.7.attn_v.weight second=blk.7.attn_k.weight
ROCKNPU GGML TRACE mul_mat weight=blk.7.attn_output.weight type=q4_K M=1 K=2048 N=2048 path=w8a8_m1
ROCKNPU GGML TRACE ffn_pair first=blk.7.ffn_gate.weight second=blk.7.ffn_up.weight M=1 K=2048 N=5632+5632 kinds=4/4 path=m1_pair
ROCKNPU GGML TRACE mul_mat weight=blk.7.ffn_down.weight type=q6_K M=1 K=5632 N=2048 path=w8a8_m1
ROCKNPU GGML TRACE qkv_triple layer=8 K=2048 N=2048+256+256 kinds=4/6/4
ROCKNPU GGML TRACE qkv_stash layer=8 first=blk.8.attn_v.weight second=blk.8.attn_k.weight
ROCKNPU GGML TRACE mul_mat weight=blk.8.attn_output.weight type=q4_K M=1 K=2048 N=2048 path=w8a8_m1
ROCKNPU GGML TRACE ffn_pair first=blk.8.ffn_gate.weight second=blk.8.ffn_up.weight M=1 K=2048 N=5632+5632 kinds=4/4 path=m1_pair
ROCKNPU GGML TRACE mul_mat weight=blk.8.ffn_down.weight type=q6_K M=1 K=5632 N=2048 path=w8a8_m1
ROCKNPU GGML TRACE qkv_triple layer=9 K=2048 N=2048+256+256 kinds=4/6/4
ROCKNPU GGML TRACE qkv_stash layer=9 first=blk.9.attn_v.weight second=blk.9.attn_k.weight
ROCKNPU GGML TRACE mul_mat weight=blk.9.attn_output.weight type=q4_K M=1 K=2048 N=2048 path=w8a8_m1
ROCKNPU GGML TRACE ffn_pair first=blk.9.ffn_gate.weight second=blk.9.ffn_up.weight M=1 K=2048 N=5632+5632 kinds=4/4 path=m1_pair
ROCKNPU GGML TRACE mul_mat weight=blk.9.ffn_down.weight type=q6_K M=1 K=5632 N=2048 path=w8a8_m1
ROCKNPU GGML TRACE qkv_triple layer=10 K=2048 N=2048+256+256 kinds=4/4/4
ROCKNPU GGML TRACE qkv_stash layer=10 first=blk.10.attn_v.weight second=blk.10.attn_k.weight
ROCKNPU GGML TRACE mul_mat weight=blk.10.attn_output.weight type=q4_K M=1 K=2048 N=2048 path=w8a8_m1
ROCKNPU GGML TRACE ffn_pair first=blk.10.ffn_gate.weight second=blk.10.ffn_up.weight M=1 K=2048 N=5632+5632 kinds=4/4 path=m1_pair
ROCKNPU GGML TRACE mul_mat weight=blk.10.ffn_down.weight type=q4_K M=1 K=5632 N=2048 path=w8a8_m1
ROCKNPU GGML TRACE qkv_triple layer=11 K=2048 N=2048+256+256 kinds=4/4/4
ROCKNPU GGML TRACE qkv_stash layer=11 first=blk.11.attn_v.weight second=blk.11.attn_k.weight
ROCKNPU GGML TRACE mul_mat weight=blk.11.attn_output.weight type=q4_K M=1 K=2048 N=2048 path=w8a8_m1
ROCKNPU GGML TRACE ffn_pair first=blk.11.ffn_gate.weight second=blk.11.ffn_up.weight M=1 K=2048 N=5632+5632 kinds=4/4 path=m1_pair
ROCKNPU GGML TRACE mul_mat weight=blk.11.ffn_down.weight type=q4_K M=1 K=5632 N=2048 path=w8a8_m1
ROCKNPU GGML TRACE qkv_triple layer=12 K=2048 N=2048+256+256 kinds=4/6/4
ROCKNPU GGML TRACE qkv_stash layer=12 first=blk.12.attn_v.weight second=blk.12.attn_k.weight
ROCKNPU GGML TRACE mul_mat weight=blk.12.attn_output.weight type=q4_K M=1 K=2048 N=2048 path=w8a8_m1
ROCKNPU GGML TRACE ffn_pair first=blk.12.ffn_gate.weight second=blk.12.ffn_up.weight M=1 K=2048 N=5632+5632 kinds=4/4 path=m1_pair
ROCKNPU GGML TRACE mul_mat weight=blk.12.ffn_down.weight type=q6_K M=1 K=5632 N=2048 path=w8a8_m1
ROCKNPU GGML TRACE qkv_triple layer=13 K=2048 N=2048+256+256 kinds=4/4/4
ROCKNPU GGML TRACE qkv_stash layer=13 first=blk.13.attn_v.weight second=blk.13.attn_k.weight
ROCKNPU GGML TRACE mul_mat weight=blk.13.attn_output.weight type=q4_K M=1 K=2048 N=2048 path=w8a8_m1
ROCKNPU GGML TRACE ffn_pair first=blk.13.ffn_gate.weight second=blk.13.ffn_up.weight M=1 K=2048 N=5632+5632 kinds=4/4 path=m1_pair
ROCKNPU GGML TRACE mul_mat weight=blk.13.ffn_down.weight type=q4_K M=1 K=5632 N=2048 path=w8a8_m1
ROCKNPU GGML TRACE qkv_triple layer=14 K=2048 N=2048+256+256 kinds=4/4/4
ROCKNPU GGML TRACE qkv_stash layer=14 first=blk.14.attn_v.weight second=blk.14.attn_k.weight
ROCKNPU GGML TRACE mul_mat weight=blk.14.attn_output.weight type=q4_K M=1 K=2048 N=2048 path=w8a8_m1
ROCKNPU GGML TRACE ffn_pair first=blk.14.ffn_gate.weight second=blk.14.ffn_up.weight M=1 K=2048 N=5632+5632 kinds=4/4 path=m1_pair
ROCKNPU GGML TRACE mul_mat weight=blk.14.ffn_down.weight type=q4_K M=1 K=5632 N=2048 path=w8a8_m1
ROCKNPU GGML TRACE qkv_triple layer=15 K=2048 N=2048+256+256 kinds=4/6/4
ROCKNPU GGML TRACE qkv_stash layer=15 first=blk.15.attn_v.weight second=blk.15.attn_k.weight
ROCKNPU GGML TRACE mul_mat weight=blk.15.attn_output.weight type=q4_K M=1 K=2048 N=2048 path=w8a8_m1
ROCKNPU GGML TRACE ffn_pair first=blk.15.ffn_gate.weight second=blk.15.ffn_up.weight M=1 K=2048 N=5632+5632 kinds=4/4 path=m1_pair
ROCKNPU GGML TRACE mul_mat weight=blk.15.ffn_down.weight type=q6_K M=1 K=5632 N=2048 path=w8a8_m1
ROCKNPU GGML TRACE qkv_triple layer=16 K=2048 N=2048+256+256 kinds=4/4/4
ROCKNPU GGML TRACE qkv_stash layer=16 first=blk.16.attn_v.weight second=blk.16.attn_k.weight
ROCKNPU GGML TRACE mul_mat weight=blk.16.attn_output.weight type=q4_K M=1 K=2048 N=2048 path=w8a8_m1
ROCKNPU GGML TRACE ffn_pair first=blk.16.ffn_gate.weight second=blk.16.ffn_up.weight M=1 K=2048 N=5632+5632 kinds=4/4 path=m1_pair
ROCKNPU GGML TRACE mul_mat weight=blk.16.ffn_down.weight type=q4_K M=1 K=5632 N=2048 path=w8a8_m1
ROCKNPU GGML TRACE qkv_triple layer=17 K=2048 N=2048+256+256 kinds=4/4/4
ROCKNPU GGML TRACE qkv_stash layer=17 first=blk.17.attn_v.weight second=blk.17.attn_k.weight
ROCKNPU GGML TRACE mul_mat weight=blk.17.attn_output.weight type=q4_K M=1 K=2048 N=2048 path=w8a8_m1
ROCKNPU GGML TRACE ffn_pair first=blk.17.ffn_gate.weight second=blk.17.ffn_up.weight M=1 K=2048 N=5632+5632 kinds=4/4 path=m1_pair
ROCKNPU GGML TRACE mul_mat weight=blk.17.ffn_down.weight type=q4_K M=1 K=5632 N=2048 path=w8a8_m1
ROCKNPU GGML TRACE qkv_triple layer=18 K=2048 N=2048+256+256 kinds=4/6/4
ROCKNPU GGML TRACE qkv_stash layer=18 first=blk.18.attn_v.weight second=blk.18.attn_k.weight
ROCKNPU GGML TRACE mul_mat weight=blk.18.attn_output.weight type=q4_K M=1 K=2048 N=2048 path=w8a8_m1
ROCKNPU GGML TRACE ffn_pair first=blk.18.ffn_gate.weight second=blk.18.ffn_up.weight M=1 K=2048 N=5632+5632 kinds=4/4 path=m1_pair
ROCKNPU GGML TRACE mul_mat weight=blk.18.ffn_down.weight type=q6_K M=1 K=5632 N=2048 path=w8a8_m1
ROCKNPU GGML TRACE qkv_triple layer=19 K=2048 N=2048+256+256 kinds=4/4/4
ROCKNPU GGML TRACE qkv_stash layer=19 first=blk.19.attn_v.weight second=blk.19.attn_k.weight
ROCKNPU GGML TRACE mul_mat weight=blk.19.attn_output.weight type=q4_K M=1 K=2048 N=2048 path=w8a8_m1
ROCKNPU GGML TRACE ffn_pair first=blk.19.ffn_gate.weight second=blk.19.ffn_up.weight M=1 K=2048 N=5632+5632 kinds=4/4 path=m1_pair
ROCKNPU GGML TRACE mul_mat weight=blk.19.ffn_down.weight type=q4_K M=1 K=5632 N=2048 path=w8a8_m1
ROCKNPU GGML TRACE qkv_triple layer=20 K=2048 N=2048+256+256 kinds=4/6/4
ROCKNPU GGML TRACE qkv_stash layer=20 first=blk.20.attn_v.weight second=blk.20.attn_k.weight
ROCKNPU GGML TRACE mul_mat weight=blk.20.attn_output.weight type=q4_K M=1 K=2048 N=2048 path=w8a8_m1
ROCKNPU GGML TRACE ffn_pair first=blk.20.ffn_gate.weight second=blk.20.ffn_up.weight M=1 K=2048 N=5632+5632 kinds=4/4 path=m1_pair
ROCKNPU GGML TRACE mul_mat weight=blk.20.ffn_down.weight type=q6_K M=1 K=5632 N=2048 path=w8a8_m1
ROCKNPU GGML TRACE qkv_triple layer=21 K=2048 N=2048+256+256 kinds=4/4/4
ROCKNPU GGML TRACE qkv_stash layer=21 first=blk.21.attn_v.weight second=blk.21.attn_k.weight
ROCKNPU GGML TRACE mul_mat weight=blk.21.attn_output.weight type=q4_K M=1 K=2048 N=2048 path=w8a8_m1
ROCKNPU GGML TRACE ffn_pair first=blk.21.ffn_gate.weight second=blk.21.ffn_up.weight M=1 K=2048 N=5632+5632 kinds=4/4 path=m1_pair
ROCKNPU GGML TRACE mul_mat weight=blk.21.ffn_down.weight type=q4_K M=1 K=5632 N=2048 path=w8a8_m1
ROCKNPU GGML TRACE qkv_triple layer=0 K=2048 N=2048+256+256 kinds=4/6/4
ROCKNPU GGML TRACE qkv_stash layer=0 first=blk.0.attn_v.weight second=blk.0.attn_k.weight
ROCKNPU GGML TRACE mul_mat weight=blk.0.attn_output.weight type=q4_K M=1 K=2048 N=2048 path=w8a8_m1
ROCKNPU GGML TRACE ffn_pair first=blk.0.ffn_gate.weight second=blk.0.ffn_up.weight M=1 K=2048 N=5632+5632 kinds=4/4 path=m1_pair
ROCKNPU GGML TRACE mul_mat weight=blk.0.ffn_down.weight type=q6_K M=1 K=5632 N=2048 path=w8a8_m1
ROCKNPU GGML TRACE qkv_triple layer=1 K=2048 N=2048+256+256 kinds=4/6/4
ROCKNPU GGML TRACE qkv_stash layer=1 first=blk.1.attn_v.weight second=blk.1.attn_k.weight
ROCKNPU GGML TRACE mul_mat weight=blk.1.attn_output.weight type=q4_K M=1 K=2048 N=2048 path=w8a8_m1
ROCKNPU GGML TRACE ffn_pair first=blk.1.ffn_gate.weight second=blk.1.ffn_up.weight M=1 K=2048 N=5632+5632 kinds=4/4 path=m1_pair
ROCKNPU GGML TRACE mul_mat weight=blk.1.ffn_down.weight type=q6_K M=1 K=5632 N=2048 path=w8a8_m1
ROCKNPU GGML TRACE qkv_triple layer=2 K=2048 N=2048+256+256 kinds=4/4/4
ROCKNPU GGML TRACE qkv_stash layer=2 first=blk.2.attn_v.weight second=blk.2.attn_k.weight
ROCKNPU GGML TRACE mul_mat weight=blk.2.attn_output.weight type=q4_K M=1 K=2048 N=2048 path=w8a8_m1
ROCKNPU GGML TRACE ffn_pair first=blk.2.ffn_gate.weight second=blk.2.ffn_up.weight M=1 K=2048 N=5632+5632 kinds=4/4 path=m1_pair
ROCKNPU GGML TRACE mul_mat weight=blk.2.ffn_down.weight type=q4_K M=1 K=5632 N=2048 path=w8a8_m1
ROCKNPU GGML TRACE qkv_triple layer=3 K=2048 N=2048+256+256 kinds=4/4/4
ROCKNPU GGML TRACE qkv_stash layer=3 first=blk.3.attn_v.weight second=blk.3.attn_k.weight
ROCKNPU GGML TRACE mul_mat weight=blk.3.attn_output.weight type=q4_K M=1 K=2048 N=2048 path=w8a8_m1
ROCKNPU GGML TRACE ffn_pair first=blk.3.ffn_gate.weight second=blk.3.ffn_up.weight M=1 K=2048 N=5632+5632 kinds=4/4 path=m1_pair
ROCKNPU GGML TRACE mul_mat weight=blk.3.ffn_down.weight type=q4_K M=1 K=5632 N=2048 path=w8a8_m1
ROCKNPU GGML TRACE qkv_triple layer=4 K=2048 N=2048+256+256 kinds=4/6/4
ROCKNPU GGML TRACE qkv_stash layer=4 first=blk.4.attn_v.weight second=blk.4.attn_k.weight
ROCKNPU GGML TRACE mul_mat weight=blk.4.attn_output.weight type=q4_K M=1 K=2048 N=2048 path=w8a8_m1
ROCKNPU GGML TRACE ffn_pair first=blk.4.ffn_gate.weight second=blk.4.ffn_up.weight M=1 K=2048 N=5632+5632 kinds=4/4 path=m1_pair
ROCKNPU GGML TRACE mul_mat weight=blk.4.ffn_down.weight type=q6_K M=1 K=5632 N=2048 path=w8a8_m1
ROCKNPU GGML TRACE qkv_triple layer=5 K=2048 N=2048+256+256 kinds=4/4/4
ROCKNPU GGML TRACE qkv_stash layer=5 first=blk.5.attn_v.weight second=blk.5.attn_k.weight
ROCKNPU GGML TRACE mul_mat weight=blk.5.attn_output.weight type=q4_K M=1 K=2048 N=2048 path=w8a8_m1
ROCKNPU GGML TRACE ffn_pair first=blk.5.ffn_gate.weight second=blk.5.ffn_up.weight M=1 K=2048 N=5632+5632 kinds=4/4 path=m1_pair
ROCKNPU GGML TRACE mul_mat weight=blk.5.ffn_down.weight type=q4_K M=1 K=5632 N=2048 path=w8a8_m1
ROCKNPU GGML TRACE qkv_triple layer=6 K=2048 N=2048+256+256 kinds=4/4/4
ROCKNPU GGML TRACE qkv_stash layer=6 first=blk.6.attn_v.weight second=blk.6.attn_k.weight
ROCKNPU GGML TRACE mul_mat weight=blk.6.attn_output.weight type=q4_K M=1 K=2048 N=2048 path=w8a8_m1
ROCKNPU GGML TRACE ffn_pair first=blk.6.ffn_gate.weight second=blk.6.ffn_up.weight M=1 K=2048 N=5632+5632 kinds=4/4 path=m1_pair
ROCKNPU GGML TRACE mul_mat weight=blk.6.ffn_down.weight type=q4_K M=1 K=5632 N=2048 path=w8a8_m1
ROCKNPU GGML TRACE qkv_triple layer=7 K=2048 N=2048+256+256 kinds=4/6/4
ROCKNPU GGML TRACE qkv_stash layer=7 first=blk.7.attn_v.weight second=blk.7.attn_k.weight
ROCKNPU GGML TRACE mul_mat weight=blk.7.attn_output.weight type=q4_K M=1 K=2048 N=2048 path=w8a8_m1
ROCKNPU GGML TRACE ffn_pair first=blk.7.ffn_gate.weight second=blk.7.ffn_up.weight M=1 K=2048 N=5632+5632 kinds=4/4 path=m1_pair
ROCKNPU GGML TRACE mul_mat weight=blk.7.ffn_down.weight type=q6_K M=1 K=5632 N=2048 path=w8a8_m1
ROCKNPU GGML TRACE qkv_triple layer=8 K=2048 N=2048+256+256 kinds=4/6/4
ROCKNPU GGML TRACE qkv_stash layer=8 first=blk.8.attn_v.weight second=blk.8.attn_k.weight
ROCKNPU GGML TRACE mul_mat weight=blk.8.attn_output.weight type=q4_K M=1 K=2048 N=2048 path=w8a8_m1
ROCKNPU GGML TRACE ffn_pair first=blk.8.ffn_gate.weight second=blk.8.ffn_up.weight M=1 K=2048 N=5632+5632 kinds=4/4 path=m1_pair
ROCKNPU GGML TRACE mul_mat weight=blk.8.ffn_down.weight type=q6_K M=1 K=5632 N=2048 path=w8a8_m1
ROCKNPU GGML TRACE qkv_triple layer=9 K=2048 N=2048+256+256 kinds=4/6/4
ROCKNPU GGML TRACE qkv_stash layer=9 first=blk.9.attn_v.weight second=blk.9.attn_k.weight
ROCKNPU GGML TRACE mul_mat weight=blk.9.attn_output.weight type=q4_K M=1 K=2048 N=2048 path=w8a8_m1
ROCKNPU GGML TRACE ffn_pair first=blk.9.ffn_gate.weight second=blk.9.ffn_up.weight M=1 K=2048 N=5632+5632 kinds=4/4 path=m1_pair
ROCKNPU GGML TRACE mul_mat weight=blk.9.ffn_down.weight type=q6_K M=1 K=5632 N=2048 path=w8a8_m1
ROCKNPU GGML TRACE qkv_triple layer=10 K=2048 N=2048+256+256 kinds=4/4/4
ROCKNPU GGML TRACE qkv_stash layer=10 first=blk.10.attn_v.weight second=blk.10.attn_k.weight
ROCKNPU GGML TRACE mul_mat weight=blk.10.attn_output.weight type=q4_K M=1 K=2048 N=2048 path=w8a8_m1
ROCKNPU GGML TRACE ffn_pair first=blk.10.ffn_gate.weight second=blk.10.ffn_up.weight M=1 K=2048 N=5632+5632 kinds=4/4 path=m1_pair
ROCKNPU GGML TRACE mul_mat weight=blk.10.ffn_down.weight type=q4_K M=1 K=5632 N=2048 path=w8a8_m1
ROCKNPU GGML TRACE qkv_triple layer=11 K=2048 N=2048+256+256 kinds=4/4/4
ROCKNPU GGML TRACE qkv_stash layer=11 first=blk.11.attn_v.weight second=blk.11.attn_k.weight
ROCKNPU GGML TRACE mul_mat weight=blk.11.attn_output.weight type=q4_K M=1 K=2048 N=2048 path=w8a8_m1
ROCKNPU GGML TRACE ffn_pair first=blk.11.ffn_gate.weight second=blk.11.ffn_up.weight M=1 K=2048 N=5632+5632 kinds=4/4 path=m1_pair
ROCKNPU GGML TRACE mul_mat weight=blk.11.ffn_down.weight type=q4_K M=1 K=5632 N=2048 path=w8a8_m1
ROCKNPU GGML TRACE qkv_triple layer=12 K=2048 N=2048+256+256 kinds=4/6/4
ROCKNPU GGML TRACE qkv_stash layer=12 first=blk.12.attn_v.weight second=blk.12.attn_k.weight
ROCKNPU GGML TRACE mul_mat weight=blk.12.attn_output.weight type=q4_K M=1 K=2048 N=2048 path=w8a8_m1
ROCKNPU GGML TRACE ffn_pair first=blk.12.ffn_gate.weight second=blk.12.ffn_up.weight M=1 K=2048 N=5632+5632 kinds=4/4 path=m1_pair
ROCKNPU GGML TRACE mul_mat weight=blk.12.ffn_down.weight type=q6_K M=1 K=5632 N=2048 path=w8a8_m1
ROCKNPU GGML TRACE qkv_triple layer=13 K=2048 N=2048+256+256 kinds=4/4/4
ROCKNPU GGML TRACE qkv_stash layer=13 first=blk.13.attn_v.weight second=blk.13.attn_k.weight
ROCKNPU GGML TRACE mul_mat weight=blk.13.attn_output.weight type=q4_K M=1 K=2048 N=2048 path=w8a8_m1
ROCKNPU GGML TRACE ffn_pair first=blk.13.ffn_gate.weight second=blk.13.ffn_up.weight M=1 K=2048 N=5632+5632 kinds=4/4 path=m1_pair
ROCKNPU GGML TRACE mul_mat weight=blk.13.ffn_down.weight type=q4_K M=1 K=5632 N=2048 path=w8a8_m1
ROCKNPU GGML TRACE qkv_triple layer=14 K=2048 N=2048+256+256 kinds=4/4/4
ROCKNPU GGML TRACE qkv_stash layer=14 first=blk.14.attn_v.weight second=blk.14.attn_k.weight
ROCKNPU GGML TRACE mul_mat weight=blk.14.attn_output.weight type=q4_K M=1 K=2048 N=2048 path=w8a8_m1
ROCKNPU GGML TRACE ffn_pair first=blk.14.ffn_gate.weight second=blk.14.ffn_up.weight M=1 K=2048 N=5632+5632 kinds=4/4 path=m1_pair
ROCKNPU GGML TRACE mul_mat weight=blk.14.ffn_down.weight type=q4_K M=1 K=5632 N=2048 path=w8a8_m1
ROCKNPU GGML TRACE qkv_triple layer=15 K=2048 N=2048+256+256 kinds=4/6/4
ROCKNPU GGML TRACE qkv_stash layer=15 first=blk.15.attn_v.weight second=blk.15.attn_k.weight
ROCKNPU GGML TRACE mul_mat weight=blk.15.attn_output.weight type=q4_K M=1 K=2048 N=2048 path=w8a8_m1
ROCKNPU GGML TRACE ffn_pair first=blk.15.ffn_gate.weight second=blk.15.ffn_up.weight M=1 K=2048 N=5632+5632 kinds=4/4 path=m1_pair
ROCKNPU GGML TRACE mul_mat weight=blk.15.ffn_down.weight type=q6_K M=1 K=5632 N=2048 path=w8a8_m1
ROCKNPU GGML TRACE qkv_triple layer=16 K=2048 N=2048+256+256 kinds=4/4/4
ROCKNPU GGML TRACE qkv_stash layer=16 first=blk.16.attn_v.weight second=blk.16.attn_k.weight
ROCKNPU GGML TRACE mul_mat weight=blk.16.attn_output.weight type=q4_K M=1 K=2048 N=2048 path=w8a8_m1
ROCKNPU GGML TRACE ffn_pair first=blk.16.ffn_gate.weight second=blk.16.ffn_up.weight M=1 K=2048 N=5632+5632 kinds=4/4 path=m1_pair
ROCKNPU GGML TRACE mul_mat weight=blk.16.ffn_down.weight type=q4_K M=1 K=5632 N=2048 path=w8a8_m1
ROCKNPU GGML TRACE qkv_triple layer=17 K=2048 N=2048+256+256 kinds=4/4/4
ROCKNPU GGML TRACE qkv_stash layer=17 first=blk.17.attn_v.weight second=blk.17.attn_k.weight
ROCKNPU GGML TRACE mul_mat weight=blk.17.attn_output.weight type=q4_K M=1 K=2048 N=2048 path=w8a8_m1
ROCKNPU GGML TRACE ffn_pair first=blk.17.ffn_gate.weight second=blk.17.ffn_up.weight M=1 K=2048 N=5632+5632 kinds=4/4 path=m1_pair
ROCKNPU GGML TRACE mul_mat weight=blk.17.ffn_down.weight type=q4_K M=1 K=5632 N=2048 path=w8a8_m1
ROCKNPU GGML TRACE qkv_triple layer=18 K=2048 N=2048+256+256 kinds=4/6/4
ROCKNPU GGML TRACE qkv_stash layer=18 first=blk.18.attn_v.weight second=blk.18.attn_k.weight
ROCKNPU GGML TRACE mul_mat weight=blk.18.attn_output.weight type=q4_K M=1 K=2048 N=2048 path=w8a8_m1
ROCKNPU GGML TRACE ffn_pair first=blk.18.ffn_gate.weight second=blk.18.ffn_up.weight M=1 K=2048 N=5632+5632 kinds=4/4 path=m1_pair
ROCKNPU GGML TRACE mul_mat weight=blk.18.ffn_down.weight type=q6_K M=1 K=5632 N=2048 path=w8a8_m1
ROCKNPU GGML TRACE qkv_triple layer=19 K=2048 N=2048+256+256 kinds=4/4/4
ROCKNPU GGML TRACE qkv_stash layer=19 first=blk.19.attn_v.weight second=blk.19.attn_k.weight
ROCKNPU GGML TRACE mul_mat weight=blk.19.attn_output.weight type=q4_K M=1 K=2048 N=2048 path=w8a8_m1
ROCKNPU GGML TRACE ffn_pair first=blk.19.ffn_gate.weight second=blk.19.ffn_up.weight M=1 K=2048 N=5632+5632 kinds=4/4 path=m1_pair
ROCKNPU GGML TRACE mul_mat weight=blk.19.ffn_down.weight type=q4_K M=1 K=5632 N=2048 path=w8a8_m1
ROCKNPU GGML TRACE qkv_triple layer=20 K=2048 N=2048+256+256 kinds=4/6/4
ROCKNPU GGML TRACE qkv_stash layer=20 first=blk.20.attn_v.weight second=blk.20.attn_k.weight
ROCKNPU GGML TRACE mul_mat weight=blk.20.attn_output.weight type=q4_K M=1 K=2048 N=2048 path=w8a8_m1
ROCKNPU GGML TRACE ffn_pair first=blk.20.ffn_gate.weight second=blk.20.ffn_up.weight M=1 K=2048 N=5632+5632 kinds=4/4 path=m1_pair
ROCKNPU GGML TRACE mul_mat weight=blk.20.ffn_down.weight type=q6_K M=1 K=5632 N=2048 path=w8a8_m1
ROCKNPU GGML TRACE qkv_triple layer=21 K=2048 N=2048+256+256 kinds=4/4/4
ROCKNPU GGML TRACE qkv_stash layer=21 first=blk.21.attn_v.weight second=blk.21.attn_k.weight
ROCKNPU GGML TRACE mul_mat weight=blk.21.attn_output.weight type=q4_K M=1 K=2048 N=2048 path=w8a8_m1
ROCKNPU GGML TRACE ffn_pair first=blk.21.ffn_gate.weight second=blk.21.ffn_up.weight M=1 K=2048 N=5632+5632 kinds=4/4 path=m1_pair
ROCKNPU GGML TRACE mul_mat weight=blk.21.ffn_down.weight type=q4_K M=1 K=5632 N=2048 path=w8a8_m1
ROCKNPU GGML TRACE qkv_triple layer=0 K=2048 N=2048+256+256 kinds=4/6/4
ROCKNPU GGML TRACE qkv_stash layer=0 first=blk.0.attn_v.weight second=blk.0.attn_k.weight
ROCKNPU GGML TRACE mul_mat weight=blk.0.attn_output.weight type=q4_K M=1 K=2048 N=2048 path=w8a8_m1
ROCKNPU GGML TRACE ffn_pair first=blk.0.ffn_gate.weight second=blk.0.ffn_up.weight M=1 K=2048 N=5632+5632 kinds=4/4 path=m1_pair
ROCKNPU GGML TRACE mul_mat weight=blk.0.ffn_down.weight type=q6_K M=1 K=5632 N=2048 path=w8a8_m1
ROCKNPU GGML TRACE qkv_triple layer=1 K=2048 N=2048+256+256 kinds=4/6/4
ROCKNPU GGML TRACE qkv_stash layer=1 first=blk.1.attn_v.weight second=blk.1.attn_k.weight
ROCKNPU GGML TRACE mul_mat weight=blk.1.attn_output.weight type=q4_K M=1 K=2048 N=2048 path=w8a8_m1
ROCKNPU GGML TRACE ffn_pair first=blk.1.ffn_gate.weight second=blk.1.ffn_up.weight M=1 K=2048 N=5632+5632 kinds=4/4 path=m1_pair
ROCKNPU GGML TRACE mul_mat weight=blk.1.ffn_down.weight type=q6_K M=1 K=5632 N=2048 path=w8a8_m1
ROCKNPU GGML TRACE qkv_triple layer=2 K=2048 N=2048+256+256 kinds=4/4/4
ROCKNPU GGML TRACE qkv_stash layer=2 first=blk.2.attn_v.weight second=blk.2.attn_k.weight
ROCKNPU GGML TRACE mul_mat weight=blk.2.attn_output.weight type=q4_K M=1 K=2048 N=2048 path=w8a8_m1
ROCKNPU GGML TRACE ffn_pair first=blk.2.ffn_gate.weight second=blk.2.ffn_up.weight M=1 K=2048 N=5632+5632 kinds=4/4 path=m1_pair
ROCKNPU GGML TRACE mul_mat weight=blk.2.ffn_down.weight type=q4_K M=1 K=5632 N=2048 path=w8a8_m1
ROCKNPU GGML TRACE qkv_triple layer=3 K=2048 N=2048+256+256 kinds=4/4/4
ROCKNPU GGML TRACE qkv_stash layer=3 first=blk.3.attn_v.weight second=blk.3.attn_k.weight
ROCKNPU GGML TRACE mul_mat weight=blk.3.attn_output.weight type=q4_K M=1 K=2048 N=2048 path=w8a8_m1
ROCKNPU GGML TRACE ffn_pair first=blk.3.ffn_gate.weight second=blk.3.ffn_up.weight M=1 K=2048 N=5632+5632 kinds=4/4 path=m1_pair
ROCKNPU GGML TRACE mul_mat weight=blk.3.ffn_down.weight type=q4_K M=1 K=5632 N=2048 path=w8a8_m1
ROCKNPU GGML TRACE qkv_triple layer=4 K=2048 N=2048+256+256 kinds=4/6/4
ROCKNPU GGML TRACE qkv_stash layer=4 first=blk.4.attn_v.weight second=blk.4.attn_k.weight
ROCKNPU GGML TRACE mul_mat weight=blk.4.attn_output.weight type=q4_K M=1 K=2048 N=2048 path=w8a8_m1
ROCKNPU GGML TRACE ffn_pair first=blk.4.ffn_gate.weight second=blk.4.ffn_up.weight M=1 K=2048 N=5632+5632 kinds=4/4 path=m1_pair
ROCKNPU GGML TRACE mul_mat weight=blk.4.ffn_down.weight type=q6_K M=1 K=5632 N=2048 path=w8a8_m1
ROCKNPU GGML TRACE qkv_triple layer=5 K=2048 N=2048+256+256 kinds=4/4/4
ROCKNPU GGML TRACE qkv_stash layer=5 first=blk.5.attn_v.weight second=blk.5.attn_k.weight
ROCKNPU GGML TRACE mul_mat weight=blk.5.attn_output.weight type=q4_K M=1 K=2048 N=2048 path=w8a8_m1
ROCKNPU GGML TRACE ffn_pair first=blk.5.ffn_gate.weight second=blk.5.ffn_up.weight M=1 K=2048 N=5632+5632 kinds=4/4 path=m1_pair
ROCKNPU GGML TRACE mul_mat weight=blk.5.ffn_down.weight type=q4_K M=1 K=5632 N=2048 path=w8a8_m1
ROCKNPU GGML TRACE qkv_triple layer=6 K=2048 N=2048+256+256 kinds=4/4/4
ROCKNPU GGML TRACE qkv_stash layer=6 first=blk.6.attn_v.weight second=blk.6.attn_k.weight
ROCKNPU GGML TRACE mul_mat weight=blk.6.attn_output.weight type=q4_K M=1 K=2048 N=2048 path=w8a8_m1
ROCKNPU GGML TRACE ffn_pair first=blk.6.ffn_gate.weight second=blk.6.ffn_up.weight M=1 K=2048 N=5632+5632 kinds=4/4 path=m1_pair
ROCKNPU GGML TRACE mul_mat weight=blk.6.ffn_down.weight type=q4_K M=1 K=5632 N=2048 path=w8a8_m1
ROCKNPU GGML TRACE qkv_triple layer=7 K=2048 N=2048+256+256 kinds=4/6/4
ROCKNPU GGML TRACE qkv_stash layer=7 first=blk.7.attn_v.weight second=blk.7.attn_k.weight
ROCKNPU GGML TRACE mul_mat weight=blk.7.attn_output.weight type=q4_K M=1 K=2048 N=2048 path=w8a8_m1
ROCKNPU GGML TRACE ffn_pair first=blk.7.ffn_gate.weight second=blk.7.ffn_up.weight M=1 K=2048 N=5632+5632 kinds=4/4 path=m1_pair
ROCKNPU GGML TRACE mul_mat weight=blk.7.ffn_down.weight type=q6_K M=1 K=5632 N=2048 path=w8a8_m1
ROCKNPU GGML TRACE qkv_triple layer=8 K=2048 N=2048+256+256 kinds=4/6/4
ROCKNPU GGML TRACE qkv_stash layer=8 first=blk.8.attn_v.weight second=blk.8.attn_k.weight
ROCKNPU GGML TRACE mul_mat weight=blk.8.attn_output.weight type=q4_K M=1 K=2048 N=2048 path=w8a8_m1
ROCKNPU GGML TRACE ffn_pair first=blk.8.ffn_gate.weight second=blk.8.ffn_up.weight M=1 K=2048 N=5632+5632 kinds=4/4 path=m1_pair
ROCKNPU GGML TRACE mul_mat weight=blk.8.ffn_down.weight type=q6_K M=1 K=5632 N=2048 path=w8a8_m1
ROCKNPU GGML TRACE qkv_triple layer=9 K=2048 N=2048+256+256 kinds=4/6/4
ROCKNPU GGML TRACE qkv_stash layer=9 first=blk.9.attn_v.weight second=blk.9.attn_k.weight
ROCKNPU GGML TRACE mul_mat weight=blk.9.attn_output.weight type=q4_K M=1 K=2048 N=2048 path=w8a8_m1
ROCKNPU GGML TRACE ffn_pair first=blk.9.ffn_gate.weight second=blk.9.ffn_up.weight M=1 K=2048 N=5632+5632 kinds=4/4 path=m1_pair
ROCKNPU GGML TRACE mul_mat weight=blk.9.ffn_down.weight type=q6_K M=1 K=5632 N=2048 path=w8a8_m1
ROCKNPU GGML TRACE qkv_triple layer=10 K=2048 N=2048+256+256 kinds=4/4/4
ROCKNPU GGML TRACE qkv_stash layer=10 first=blk.10.attn_v.weight second=blk.10.attn_k.weight
ROCKNPU GGML TRACE mul_mat weight=blk.10.attn_output.weight type=q4_K M=1 K=2048 N=2048 path=w8a8_m1
ROCKNPU GGML TRACE ffn_pair first=blk.10.ffn_gate.weight second=blk.10.ffn_up.weight M=1 K=2048 N=5632+5632 kinds=4/4 path=m1_pair
ROCKNPU GGML TRACE mul_mat weight=blk.10.ffn_down.weight type=q4_K M=1 K=5632 N=2048 path=w8a8_m1
ROCKNPU GGML TRACE qkv_triple layer=11 K=2048 N=2048+256+256 kinds=4/4/4
ROCKNPU GGML TRACE qkv_stash layer=11 first=blk.11.attn_v.weight second=blk.11.attn_k.weight
ROCKNPU GGML TRACE mul_mat weight=blk.11.attn_output.weight type=q4_K M=1 K=2048 N=2048 path=w8a8_m1
ROCKNPU GGML TRACE ffn_pair first=blk.11.ffn_gate.weight second=blk.11.ffn_up.weight M=1 K=2048 N=5632+5632 kinds=4/4 path=m1_pair
ROCKNPU GGML TRACE mul_mat weight=blk.11.ffn_down.weight type=q4_K M=1 K=5632 N=2048 path=w8a8_m1
ROCKNPU GGML TRACE qkv_triple layer=12 K=2048 N=2048+256+256 kinds=4/6/4
ROCKNPU GGML TRACE qkv_stash layer=12 first=blk.12.attn_v.weight second=blk.12.attn_k.weight
ROCKNPU GGML TRACE mul_mat weight=blk.12.attn_output.weight type=q4_K M=1 K=2048 N=2048 path=w8a8_m1
ROCKNPU GGML TRACE ffn_pair first=blk.12.ffn_gate.weight second=blk.12.ffn_up.weight M=1 K=2048 N=5632+5632 kinds=4/4 path=m1_pair
ROCKNPU GGML TRACE mul_mat weight=blk.12.ffn_down.weight type=q6_K M=1 K=5632 N=2048 path=w8a8_m1
ROCKNPU GGML TRACE qkv_triple layer=13 K=2048 N=2048+256+256 kinds=4/4/4
ROCKNPU GGML TRACE qkv_stash layer=13 first=blk.13.attn_v.weight second=blk.13.attn_k.weight
ROCKNPU GGML TRACE mul_mat weight=blk.13.attn_output.weight type=q4_K M=1 K=2048 N=2048 path=w8a8_m1
ROCKNPU GGML TRACE ffn_pair first=blk.13.ffn_gate.weight second=blk.13.ffn_up.weight M=1 K=2048 N=5632+5632 kinds=4/4 path=m1_pair
ROCKNPU GGML TRACE mul_mat weight=blk.13.ffn_down.weight type=q4_K M=1 K=5632 N=2048 path=w8a8_m1
ROCKNPU GGML TRACE qkv_triple layer=14 K=2048 N=2048+256+256 kinds=4/4/4
ROCKNPU GGML TRACE qkv_stash layer=14 first=blk.14.attn_v.weight second=blk.14.attn_k.weight
ROCKNPU GGML TRACE mul_mat weight=blk.14.attn_output.weight type=q4_K M=1 K=2048 N=2048 path=w8a8_m1
ROCKNPU GGML TRACE ffn_pair first=blk.14.ffn_gate.weight second=blk.14.ffn_up.weight M=1 K=2048 N=5632+5632 kinds=4/4 path=m1_pair
ROCKNPU GGML TRACE mul_mat weight=blk.14.ffn_down.weight type=q4_K M=1 K=5632 N=2048 path=w8a8_m1
ROCKNPU GGML TRACE qkv_triple layer=15 K=2048 N=2048+256+256 kinds=4/6/4
ROCKNPU GGML TRACE qkv_stash layer=15 first=blk.15.attn_v.weight second=blk.15.attn_k.weight
ROCKNPU GGML TRACE mul_mat weight=blk.15.attn_output.weight type=q4_K M=1 K=2048 N=2048 path=w8a8_m1
ROCKNPU GGML TRACE ffn_pair first=blk.15.ffn_gate.weight second=blk.15.ffn_up.weight M=1 K=2048 N=5632+5632 kinds=4/4 path=m1_pair
ROCKNPU GGML TRACE mul_mat weight=blk.15.ffn_down.weight type=q6_K M=1 K=5632 N=2048 path=w8a8_m1
ROCKNPU GGML TRACE qkv_triple layer=16 K=2048 N=2048+256+256 kinds=4/4/4
ROCKNPU GGML TRACE qkv_stash layer=16 first=blk.16.attn_v.weight second=blk.16.attn_k.weight
ROCKNPU GGML TRACE mul_mat weight=blk.16.attn_output.weight type=q4_K M=1 K=2048 N=2048 path=w8a8_m1
ROCKNPU GGML TRACE ffn_pair first=blk.16.ffn_gate.weight second=blk.16.ffn_up.weight M=1 K=2048 N=5632+5632 kinds=4/4 path=m1_pair
ROCKNPU GGML TRACE mul_mat weight=blk.16.ffn_down.weight type=q4_K M=1 K=5632 N=2048 path=w8a8_m1
ROCKNPU GGML TRACE qkv_triple layer=17 K=2048 N=2048+256+256 kinds=4/4/4
ROCKNPU GGML TRACE qkv_stash layer=17 first=blk.17.attn_v.weight second=blk.17.attn_k.weight
ROCKNPU GGML TRACE mul_mat weight=blk.17.attn_output.weight type=q4_K M=1 K=2048 N=2048 path=w8a8_m1
ROCKNPU GGML TRACE ffn_pair first=blk.17.ffn_gate.weight second=blk.17.ffn_up.weight M=1 K=2048 N=5632+5632 kinds=4/4 path=m1_pair
ROCKNPU GGML TRACE mul_mat weight=blk.17.ffn_down.weight type=q4_K M=1 K=5632 N=2048 path=w8a8_m1
ROCKNPU GGML TRACE qkv_triple layer=18 K=2048 N=2048+256+256 kinds=4/6/4
ROCKNPU GGML TRACE qkv_stash layer=18 first=blk.18.attn_v.weight second=blk.18.attn_k.weight
ROCKNPU GGML TRACE mul_mat weight=blk.18.attn_output.weight type=q4_K M=1 K=2048 N=2048 path=w8a8_m1
ROCKNPU GGML TRACE ffn_pair first=blk.18.ffn_gate.weight second=blk.18.ffn_up.weight M=1 K=2048 N=5632+5632 kinds=4/4 path=m1_pair
ROCKNPU GGML TRACE mul_mat weight=blk.18.ffn_down.weight type=q6_K M=1 K=5632 N=2048 path=w8a8_m1
ROCKNPU GGML TRACE qkv_triple layer=19 K=2048 N=2048+256+256 kinds=4/4/4
ROCKNPU GGML TRACE qkv_stash layer=19 first=blk.19.attn_v.weight second=blk.19.attn_k.weight
ROCKNPU GGML TRACE mul_mat weight=blk.19.attn_output.weight type=q4_K M=1 K=2048 N=2048 path=w8a8_m1
ROCKNPU GGML TRACE ffn_pair first=blk.19.ffn_gate.weight second=blk.19.ffn_up.weight M=1 K=2048 N=5632+5632 kinds=4/4 path=m1_pair
ROCKNPU GGML TRACE mul_mat weight=blk.19.ffn_down.weight type=q4_K M=1 K=5632 N=2048 path=w8a8_m1
ROCKNPU GGML TRACE qkv_triple layer=20 K=2048 N=2048+256+256 kinds=4/6/4
ROCKNPU GGML TRACE qkv_stash layer=20 first=blk.20.attn_v.weight second=blk.20.attn_k.weight
ROCKNPU GGML TRACE mul_mat weight=blk.20.attn_output.weight type=q4_K M=1 K=2048 N=2048 path=w8a8_m1
ROCKNPU GGML TRACE ffn_pair first=blk.20.ffn_gate.weight second=blk.20.ffn_up.weight M=1 K=2048 N=5632+5632 kinds=4/4 path=m1_pair
ROCKNPU GGML TRACE mul_mat weight=blk.20.ffn_down.weight type=q6_K M=1 K=5632 N=2048 path=w8a8_m1
ROCKNPU GGML TRACE qkv_triple layer=21 K=2048 N=2048+256+256 kinds=4/4/4
ROCKNPU GGML TRACE qkv_stash layer=21 first=blk.21.attn_v.weight second=blk.21.attn_k.weight
ROCKNPU GGML TRACE mul_mat weight=blk.21.attn_output.weight type=q4_K M=1 K=2048 N=2048 path=w8a8_m1
ROCKNPU GGML TRACE ffn_pair first=blk.21.ffn_gate.weight second=blk.21.ffn_up.weight M=1 K=2048 N=5632+5632 kinds=4/4 path=m1_pair
ROCKNPU GGML TRACE mul_mat weight=blk.21.ffn_down.weight type=q4_K M=1 K=5632 N=2048 path=w8a8_m1
slot print_timing: id  3 | task 45 | prompt eval time =      61.28 ms /     2 tokens (   30.64 ms per token,    32.64 tokens per second)
slot print_timing: id  3 | task 45 |        eval time =     417.63 ms /     8 tokens (   59.66 ms per token,    16.76 tokens per second)
slot print_timing: id  3 | task 45 |       total time =     478.91 ms /    10 tokens
slot print_timing: id  3 | task 45 |    graphs reused =         38
slot      release: id  3 | task 45 | stop processing: n_tokens = 9, truncated = 0
srv  update_slots: all slots are idle
srv  server_strea: conv_id= (empty=1)
slot get_availabl: id  0 | task -1 |  - skipping, slot is empty
slot get_availabl: id  1 | task -1 |  - skipping, slot is empty
slot get_availabl: id  2 | task -1 |  - skipping, slot is empty
slot get_availabl: id  3 | task -1 |  - checking sim = 1.000 (2/2) > 0.100
slot get_availabl: id  3 | task -1 | selected slot by LCP similarity, f_sim_best = 1.000 (> 0.100 thold), f_keep = 0.222
srv  get_availabl: updating prompt cache
srv   prompt_save:  - saving prompt with length 9, total state size = 0.194 MiB (draft: 0.000 MiB)
srv         alloc:  - prompt is already in the cache, skipping
srv          load:  - looking for better prompt, base f_keep = 0.222, f_sim = 1.000
srv          load:    - prompt with length       9, lcp =       2, f_keep = 0.222, f_sim = 1.000
srv        update:  - cache state: 1 prompts, 0.194 MiB (limits: 8192.000 MiB, 2048 tokens, 380063 est)
srv        update:    - prompt 0xaaab00d81cd0:       9 tokens, checkpoints:  0,     0.194 MiB
srv  get_availabl: prompt cache update took 0.05 ms
slot launch_slot_: id  3 | task -1 | sampler chain: logits -> ?penalties -> ?dry -> ?top-n-sigma -> top-k -> ?typical -> top-p -> min-p -> ?xtc -> temp-ext -> dist 
slot launch_slot_: id  3 | task -1 | sampler params: 
	repeat_last_n = 64, repeat_penalty = 1.000, frequency_penalty = 0.000, presence_penalty = 0.000
	dry_multiplier = 0.000, dry_base = 1.750, dry_allowed_length = 2, dry_penalty_last_n = 64
	top_k = 1, top_p = 0.950, min_p = 0.050, xtc_probability = 0.000, xtc_threshold = 0.100, typical_p = 1.000, top_n_sigma = -1.000, temp = 0.000
	mirostat = 0, mirostat_lr = 0.100, mirostat_ent = 5.000, adaptive_target = -1.000, adaptive_decay = 0.900
slot launch_slot_: id  3 | task 54 | processing task, is_child = 0
slot process_sing: id  0 | task -1 | saving idle slot to prompt cache
slot prompt_clear: id  0 | task -1 | clearing prompt with 0 tokens
slot process_sing: id  1 | task -1 | saving idle slot to prompt cache
slot prompt_clear: id  1 | task -1 | clearing prompt with 0 tokens
slot process_sing: id  2 | task -1 | saving idle slot to prompt cache
slot prompt_clear: id  2 | task -1 | clearing prompt with 0 tokens
slot   operator(): id  3 | task 54 | new prompt, n_ctx_slot = 2048, n_keep = 4, task.n_tokens = 2
slot   operator(): id  3 | task 54 | cached n_tokens = 0, memory_seq_rm [0, end)
slot init_sampler: id  3 | task 54 | init sampler, took 0.00 ms, tokens: text = 2, total = 2
ROCKNPU GGML TRACE ffn_pair first=blk.21.ffn_gate.weight second=blk.21.ffn_up.weight M=1 K=2048 N=5632+5632 kinds=4/4 path=m1_pair
ROCKNPU GGML TRACE mul_mat weight=blk.21.ffn_down.weight type=q4_K M=1 K=5632 N=2048 path=w8a8_m1
ROCKNPU GGML TRACE qkv_triple layer=0 K=2048 N=2048+256+256 kinds=4/6/4
ROCKNPU GGML TRACE qkv_stash layer=0 first=blk.0.attn_v.weight second=blk.0.attn_k.weight
ROCKNPU GGML TRACE mul_mat weight=blk.0.attn_output.weight type=q4_K M=1 K=2048 N=2048 path=w8a8_m1
ROCKNPU GGML TRACE ffn_pair first=blk.0.ffn_gate.weight second=blk.0.ffn_up.weight M=1 K=2048 N=5632+5632 kinds=4/4 path=m1_pair
ROCKNPU GGML TRACE mul_mat weight=blk.0.ffn_down.weight type=q6_K M=1 K=5632 N=2048 path=w8a8_m1
ROCKNPU GGML TRACE qkv_triple layer=1 K=2048 N=2048+256+256 kinds=4/6/4
ROCKNPU GGML TRACE qkv_stash layer=1 first=blk.1.attn_v.weight second=blk.1.attn_k.weight
ROCKNPU GGML TRACE mul_mat weight=blk.1.attn_output.weight type=q4_K M=1 K=2048 N=2048 path=w8a8_m1
ROCKNPU GGML TRACE ffn_pair first=blk.1.ffn_gate.weight second=blk.1.ffn_up.weight M=1 K=2048 N=5632+5632 kinds=4/4 path=m1_pair
ROCKNPU GGML TRACE mul_mat weight=blk.1.ffn_down.weight type=q6_K M=1 K=5632 N=2048 path=w8a8_m1
ROCKNPU GGML TRACE qkv_triple layer=2 K=2048 N=2048+256+256 kinds=4/4/4
ROCKNPU GGML TRACE qkv_stash layer=2 first=blk.2.attn_v.weight second=blk.2.attn_k.weight
ROCKNPU GGML TRACE mul_mat weight=blk.2.attn_output.weight type=q4_K M=1 K=2048 N=2048 path=w8a8_m1
ROCKNPU GGML TRACE ffn_pair first=blk.2.ffn_gate.weight second=blk.2.ffn_up.weight M=1 K=2048 N=5632+5632 kinds=4/4 path=m1_pair
ROCKNPU GGML TRACE mul_mat weight=blk.2.ffn_down.weight type=q4_K M=1 K=5632 N=2048 path=w8a8_m1
ROCKNPU GGML TRACE qkv_triple layer=3 K=2048 N=2048+256+256 kinds=4/4/4
ROCKNPU GGML TRACE qkv_stash layer=3 first=blk.3.attn_v.weight second=blk.3.attn_k.weight
ROCKNPU GGML TRACE mul_mat weight=blk.3.attn_output.weight type=q4_K M=1 K=2048 N=2048 path=w8a8_m1
ROCKNPU GGML TRACE ffn_pair first=blk.3.ffn_gate.weight second=blk.3.ffn_up.weight M=1 K=2048 N=5632+5632 kinds=4/4 path=m1_pair
ROCKNPU GGML TRACE mul_mat weight=blk.3.ffn_down.weight type=q4_K M=1 K=5632 N=2048 path=w8a8_m1
ROCKNPU GGML TRACE qkv_triple layer=4 K=2048 N=2048+256+256 kinds=4/6/4
ROCKNPU GGML TRACE qkv_stash layer=4 first=blk.4.attn_v.weight second=blk.4.attn_k.weight
ROCKNPU GGML TRACE mul_mat weight=blk.4.attn_output.weight type=q4_K M=1 K=2048 N=2048 path=w8a8_m1
ROCKNPU GGML TRACE ffn_pair first=blk.4.ffn_gate.weight second=blk.4.ffn_up.weight M=1 K=2048 N=5632+5632 kinds=4/4 path=m1_pair
ROCKNPU GGML TRACE mul_mat weight=blk.4.ffn_down.weight type=q6_K M=1 K=5632 N=2048 path=w8a8_m1
ROCKNPU GGML TRACE qkv_triple layer=5 K=2048 N=2048+256+256 kinds=4/4/4
ROCKNPU GGML TRACE qkv_stash layer=5 first=blk.5.attn_v.weight second=blk.5.attn_k.weight
ROCKNPU GGML TRACE mul_mat weight=blk.5.attn_output.weight type=q4_K M=1 K=2048 N=2048 path=w8a8_m1
ROCKNPU GGML TRACE ffn_pair first=blk.5.ffn_gate.weight second=blk.5.ffn_up.weight M=1 K=2048 N=5632+5632 kinds=4/4 path=m1_pair
ROCKNPU GGML TRACE mul_mat weight=blk.5.ffn_down.weight type=q4_K M=1 K=5632 N=2048 path=w8a8_m1
ROCKNPU GGML TRACE qkv_triple layer=6 K=2048 N=2048+256+256 kinds=4/4/4
ROCKNPU GGML TRACE qkv_stash layer=6 first=blk.6.attn_v.weight second=blk.6.attn_k.weight
ROCKNPU GGML TRACE mul_mat weight=blk.6.attn_output.weight type=q4_K M=1 K=2048 N=2048 path=w8a8_m1
ROCKNPU GGML TRACE ffn_pair first=blk.6.ffn_gate.weight second=blk.6.ffn_up.weight M=1 K=2048 N=5632+5632 kinds=4/4 path=m1_pair
ROCKNPU GGML TRACE mul_mat weight=blk.6.ffn_down.weight type=q4_K M=1 K=5632 N=2048 path=w8a8_m1
ROCKNPU GGML TRACE qkv_triple layer=7 K=2048 N=2048+256+256 kinds=4/6/4
ROCKNPU GGML TRACE qkv_stash layer=7 first=blk.7.attn_v.weight second=blk.7.attn_k.weight
ROCKNPU GGML TRACE mul_mat weight=blk.7.attn_output.weight type=q4_K M=1 K=2048 N=2048 path=w8a8_m1
ROCKNPU GGML TRACE ffn_pair first=blk.7.ffn_gate.weight second=blk.7.ffn_up.weight M=1 K=2048 N=5632+5632 kinds=4/4 path=m1_pair
ROCKNPU GGML TRACE mul_mat weight=blk.7.ffn_down.weight type=q6_K M=1 K=5632 N=2048 path=w8a8_m1
ROCKNPU GGML TRACE qkv_triple layer=8 K=2048 N=2048+256+256 kinds=4/6/4
ROCKNPU GGML TRACE qkv_stash layer=8 first=blk.8.attn_v.weight second=blk.8.attn_k.weight
ROCKNPU GGML TRACE mul_mat weight=blk.8.attn_output.weight type=q4_K M=1 K=2048 N=2048 path=w8a8_m1
ROCKNPU GGML TRACE ffn_pair first=blk.8.ffn_gate.weight second=blk.8.ffn_up.weight M=1 K=2048 N=5632+5632 kinds=4/4 path=m1_pair
ROCKNPU GGML TRACE mul_mat weight=blk.8.ffn_down.weight type=q6_K M=1 K=5632 N=2048 path=w8a8_m1
ROCKNPU GGML TRACE qkv_triple layer=9 K=2048 N=2048+256+256 kinds=4/6/4
ROCKNPU GGML TRACE qkv_stash layer=9 first=blk.9.attn_v.weight second=blk.9.attn_k.weight
ROCKNPU GGML TRACE mul_mat weight=blk.9.attn_output.weight type=q4_K M=1 K=2048 N=2048 path=w8a8_m1
ROCKNPU GGML TRACE ffn_pair first=blk.9.ffn_gate.weight second=blk.9.ffn_up.weight M=1 K=2048 N=5632+5632 kinds=4/4 path=m1_pair
ROCKNPU GGML TRACE mul_mat weight=blk.9.ffn_down.weight type=q6_K M=1 K=5632 N=2048 path=w8a8_m1
ROCKNPU GGML TRACE qkv_triple layer=10 K=2048 N=2048+256+256 kinds=4/4/4
ROCKNPU GGML TRACE qkv_stash layer=10 first=blk.10.attn_v.weight second=blk.10.attn_k.weight
ROCKNPU GGML TRACE mul_mat weight=blk.10.attn_output.weight type=q4_K M=1 K=2048 N=2048 path=w8a8_m1
ROCKNPU GGML TRACE ffn_pair first=blk.10.ffn_gate.weight second=blk.10.ffn_up.weight M=1 K=2048 N=5632+5632 kinds=4/4 path=m1_pair
ROCKNPU GGML TRACE mul_mat weight=blk.10.ffn_down.weight type=q4_K M=1 K=5632 N=2048 path=w8a8_m1
ROCKNPU GGML TRACE qkv_triple layer=11 K=2048 N=2048+256+256 kinds=4/4/4
ROCKNPU GGML TRACE qkv_stash layer=11 first=blk.11.attn_v.weight second=blk.11.attn_k.weight
ROCKNPU GGML TRACE mul_mat weight=blk.11.attn_output.weight type=q4_K M=1 K=2048 N=2048 path=w8a8_m1
ROCKNPU GGML TRACE ffn_pair first=blk.11.ffn_gate.weight second=blk.11.ffn_up.weight M=1 K=2048 N=5632+5632 kinds=4/4 path=m1_pair
ROCKNPU GGML TRACE mul_mat weight=blk.11.ffn_down.weight type=q4_K M=1 K=5632 N=2048 path=w8a8_m1
ROCKNPU GGML TRACE qkv_triple layer=12 K=2048 N=2048+256+256 kinds=4/6/4
ROCKNPU GGML TRACE qkv_stash layer=12 first=blk.12.attn_v.weight second=blk.12.attn_k.weight
ROCKNPU GGML TRACE mul_mat weight=blk.12.attn_output.weight type=q4_K M=1 K=2048 N=2048 path=w8a8_m1
ROCKNPU GGML TRACE ffn_pair first=blk.12.ffn_gate.weight second=blk.12.ffn_up.weight M=1 K=2048 N=5632+5632 kinds=4/4 path=m1_pair
ROCKNPU GGML TRACE mul_mat weight=blk.12.ffn_down.weight type=q6_K M=1 K=5632 N=2048 path=w8a8_m1
ROCKNPU GGML TRACE qkv_triple layer=13 K=2048 N=2048+256+256 kinds=4/4/4
ROCKNPU GGML TRACE qkv_stash layer=13 first=blk.13.attn_v.weight second=blk.13.attn_k.weight
ROCKNPU GGML TRACE mul_mat weight=blk.13.attn_output.weight type=q4_K M=1 K=2048 N=2048 path=w8a8_m1
ROCKNPU GGML TRACE ffn_pair first=blk.13.ffn_gate.weight second=blk.13.ffn_up.weight M=1 K=2048 N=5632+5632 kinds=4/4 path=m1_pair
ROCKNPU GGML TRACE mul_mat weight=blk.13.ffn_down.weight type=q4_K M=1 K=5632 N=2048 path=w8a8_m1
ROCKNPU GGML TRACE qkv_triple layer=14 K=2048 N=2048+256+256 kinds=4/4/4
ROCKNPU GGML TRACE qkv_stash layer=14 first=blk.14.attn_v.weight second=blk.14.attn_k.weight
ROCKNPU GGML TRACE mul_mat weight=blk.14.attn_output.weight type=q4_K M=1 K=2048 N=2048 path=w8a8_m1
ROCKNPU GGML TRACE ffn_pair first=blk.14.ffn_gate.weight second=blk.14.ffn_up.weight M=1 K=2048 N=5632+5632 kinds=4/4 path=m1_pair
ROCKNPU GGML TRACE mul_mat weight=blk.14.ffn_down.weight type=q4_K M=1 K=5632 N=2048 path=w8a8_m1
ROCKNPU GGML TRACE qkv_triple layer=15 K=2048 N=2048+256+256 kinds=4/6/4
ROCKNPU GGML TRACE qkv_stash layer=15 first=blk.15.attn_v.weight second=blk.15.attn_k.weight
ROCKNPU GGML TRACE mul_mat weight=blk.15.attn_output.weight type=q4_K M=1 K=2048 N=2048 path=w8a8_m1
ROCKNPU GGML TRACE ffn_pair first=blk.15.ffn_gate.weight second=blk.15.ffn_up.weight M=1 K=2048 N=5632+5632 kinds=4/4 path=m1_pair
ROCKNPU GGML TRACE mul_mat weight=blk.15.ffn_down.weight type=q6_K M=1 K=5632 N=2048 path=w8a8_m1
ROCKNPU GGML TRACE qkv_triple layer=16 K=2048 N=2048+256+256 kinds=4/4/4
ROCKNPU GGML TRACE qkv_stash layer=16 first=blk.16.attn_v.weight second=blk.16.attn_k.weight
ROCKNPU GGML TRACE mul_mat weight=blk.16.attn_output.weight type=q4_K M=1 K=2048 N=2048 path=w8a8_m1
ROCKNPU GGML TRACE ffn_pair first=blk.16.ffn_gate.weight second=blk.16.ffn_up.weight M=1 K=2048 N=5632+5632 kinds=4/4 path=m1_pair
ROCKNPU GGML TRACE mul_mat weight=blk.16.ffn_down.weight type=q4_K M=1 K=5632 N=2048 path=w8a8_m1
ROCKNPU GGML TRACE qkv_triple layer=17 K=2048 N=2048+256+256 kinds=4/4/4
ROCKNPU GGML TRACE qkv_stash layer=17 first=blk.17.attn_v.weight second=blk.17.attn_k.weight
ROCKNPU GGML TRACE mul_mat weight=blk.17.attn_output.weight type=q4_K M=1 K=2048 N=2048 path=w8a8_m1
ROCKNPU GGML TRACE ffn_pair first=blk.17.ffn_gate.weight second=blk.17.ffn_up.weight M=1 K=2048 N=5632+5632 kinds=4/4 path=m1_pair
ROCKNPU GGML TRACE mul_mat weight=blk.17.ffn_down.weight type=q4_K M=1 K=5632 N=2048 path=w8a8_m1
ROCKNPU GGML TRACE qkv_triple layer=18 K=2048 N=2048+256+256 kinds=4/6/4
ROCKNPU GGML TRACE qkv_stash layer=18 first=blk.18.attn_v.weight second=blk.18.attn_k.weight
ROCKNPU GGML TRACE mul_mat weight=blk.18.attn_output.weight type=q4_K M=1 K=2048 N=2048 path=w8a8_m1
ROCKNPU GGML TRACE ffn_pair first=blk.18.ffn_gate.weight second=blk.18.ffn_up.weight M=1 K=2048 N=5632+5632 kinds=4/4 path=m1_pair
ROCKNPU GGML TRACE mul_mat weight=blk.18.ffn_down.weight type=q6_K M=1 K=5632 N=2048 path=w8a8_m1
ROCKNPU GGML TRACE qkv_triple layer=19 K=2048 N=2048+256+256 kinds=4/4/4
ROCKNPU GGML TRACE qkv_stash layer=19 first=blk.19.attn_v.weight second=blk.19.attn_k.weight
ROCKNPU GGML TRACE mul_mat weight=blk.19.attn_output.weight type=q4_K M=1 K=2048 N=2048 path=w8a8_m1
ROCKNPU GGML TRACE ffn_pair first=blk.19.ffn_gate.weight second=blk.19.ffn_up.weight M=1 K=2048 N=5632+5632 kinds=4/4 path=m1_pair
ROCKNPU GGML TRACE mul_mat weight=blk.19.ffn_down.weight type=q4_K M=1 K=5632 N=2048 path=w8a8_m1
ROCKNPU GGML TRACE qkv_triple layer=20 K=2048 N=2048+256+256 kinds=4/6/4
ROCKNPU GGML TRACE qkv_stash layer=20 first=blk.20.attn_v.weight second=blk.20.attn_k.weight
ROCKNPU GGML TRACE mul_mat weight=blk.20.attn_output.weight type=q4_K M=1 K=2048 N=2048 path=w8a8_m1
ROCKNPU GGML TRACE ffn_pair first=blk.20.ffn_gate.weight second=blk.20.ffn_up.weight M=1 K=2048 N=5632+5632 kinds=4/4 path=m1_pair
ROCKNPU GGML TRACE mul_mat weight=blk.20.ffn_down.weight type=q6_K M=1 K=5632 N=2048 path=w8a8_m1
ROCKNPU GGML TRACE qkv_triple layer=21 K=2048 N=2048+256+256 kinds=4/4/4
ROCKNPU GGML TRACE qkv_stash layer=21 first=blk.21.attn_v.weight second=blk.21.attn_k.weight
ROCKNPU GGML TRACE mul_mat weight=blk.21.attn_output.weight type=q4_K M=1 K=2048 N=2048 path=w8a8_m1
ROCKNPU GGML TRACE ffn_pair first=blk.21.ffn_gate.weight second=blk.21.ffn_up.weight M=1 K=2048 N=5632+5632 kinds=4/4 path=m1_pair
ROCKNPU GGML TRACE mul_mat weight=blk.21.ffn_down.weight type=q4_K M=1 K=5632 N=2048 path=w8a8_m1
ROCKNPU GGML TRACE qkv_triple layer=0 K=2048 N=2048+256+256 kinds=4/6/4
ROCKNPU GGML TRACE qkv_stash layer=0 first=blk.0.attn_v.weight second=blk.0.attn_k.weight
ROCKNPU GGML TRACE mul_mat weight=blk.0.attn_output.weight type=q4_K M=1 K=2048 N=2048 path=w8a8_m1
ROCKNPU GGML TRACE ffn_pair first=blk.0.ffn_gate.weight second=blk.0.ffn_up.weight M=1 K=2048 N=5632+5632 kinds=4/4 path=m1_pair
ROCKNPU GGML TRACE mul_mat weight=blk.0.ffn_down.weight type=q6_K M=1 K=5632 N=2048 path=w8a8_m1
ROCKNPU GGML TRACE qkv_triple layer=1 K=2048 N=2048+256+256 kinds=4/6/4
ROCKNPU GGML TRACE qkv_stash layer=1 first=blk.1.attn_v.weight second=blk.1.attn_k.weight
ROCKNPU GGML TRACE mul_mat weight=blk.1.attn_output.weight type=q4_K M=1 K=2048 N=2048 path=w8a8_m1
ROCKNPU GGML TRACE ffn_pair first=blk.1.ffn_gate.weight second=blk.1.ffn_up.weight M=1 K=2048 N=5632+5632 kinds=4/4 path=m1_pair
ROCKNPU GGML TRACE mul_mat weight=blk.1.ffn_down.weight type=q6_K M=1 K=5632 N=2048 path=w8a8_m1
ROCKNPU GGML TRACE qkv_triple layer=2 K=2048 N=2048+256+256 kinds=4/4/4
ROCKNPU GGML TRACE qkv_stash layer=2 first=blk.2.attn_v.weight second=blk.2.attn_k.weight
ROCKNPU GGML TRACE mul_mat weight=blk.2.attn_output.weight type=q4_K M=1 K=2048 N=2048 path=w8a8_m1
ROCKNPU GGML TRACE ffn_pair first=blk.2.ffn_gate.weight second=blk.2.ffn_up.weight M=1 K=2048 N=5632+5632 kinds=4/4 path=m1_pair
ROCKNPU GGML TRACE mul_mat weight=blk.2.ffn_down.weight type=q4_K M=1 K=5632 N=2048 path=w8a8_m1
ROCKNPU GGML TRACE qkv_triple layer=3 K=2048 N=2048+256+256 kinds=4/4/4
ROCKNPU GGML TRACE qkv_stash layer=3 first=blk.3.attn_v.weight second=blk.3.attn_k.weight
ROCKNPU GGML TRACE mul_mat weight=blk.3.attn_output.weight type=q4_K M=1 K=2048 N=2048 path=w8a8_m1
ROCKNPU GGML TRACE ffn_pair first=blk.3.ffn_gate.weight second=blk.3.ffn_up.weight M=1 K=2048 N=5632+5632 kinds=4/4 path=m1_pair
ROCKNPU GGML TRACE mul_mat weight=blk.3.ffn_down.weight type=q4_K M=1 K=5632 N=2048 path=w8a8_m1
ROCKNPU GGML TRACE qkv_triple layer=4 K=2048 N=2048+256+256 kinds=4/6/4
ROCKNPU GGML TRACE qkv_stash layer=4 first=blk.4.attn_v.weight second=blk.4.attn_k.weight
ROCKNPU GGML TRACE mul_mat weight=blk.4.attn_output.weight type=q4_K M=1 K=2048 N=2048 path=w8a8_m1
ROCKNPU GGML TRACE ffn_pair first=blk.4.ffn_gate.weight second=blk.4.ffn_up.weight M=1 K=2048 N=5632+5632 kinds=4/4 path=m1_pair
ROCKNPU GGML TRACE mul_mat weight=blk.4.ffn_down.weight type=q6_K M=1 K=5632 N=2048 path=w8a8_m1
ROCKNPU GGML TRACE qkv_triple layer=5 K=2048 N=2048+256+256 kinds=4/4/4
ROCKNPU GGML TRACE qkv_stash layer=5 first=blk.5.attn_v.weight second=blk.5.attn_k.weight
ROCKNPU GGML TRACE mul_mat weight=blk.5.attn_output.weight type=q4_K M=1 K=2048 N=2048 path=w8a8_m1
ROCKNPU GGML TRACE ffn_pair first=blk.5.ffn_gate.weight second=blk.5.ffn_up.weight M=1 K=2048 N=5632+5632 kinds=4/4 path=m1_pair
ROCKNPU GGML TRACE mul_mat weight=blk.5.ffn_down.weight type=q4_K M=1 K=5632 N=2048 path=w8a8_m1
ROCKNPU GGML TRACE qkv_triple layer=6 K=2048 N=2048+256+256 kinds=4/4/4
ROCKNPU GGML TRACE qkv_stash layer=6 first=blk.6.attn_v.weight second=blk.6.attn_k.weight
ROCKNPU GGML TRACE mul_mat weight=blk.6.attn_output.weight type=q4_K M=1 K=2048 N=2048 path=w8a8_m1
ROCKNPU GGML TRACE ffn_pair first=blk.6.ffn_gate.weight second=blk.6.ffn_up.weight M=1 K=2048 N=5632+5632 kinds=4/4 path=m1_pair
ROCKNPU GGML TRACE mul_mat weight=blk.6.ffn_down.weight type=q4_K M=1 K=5632 N=2048 path=w8a8_m1
ROCKNPU GGML TRACE qkv_triple layer=7 K=2048 N=2048+256+256 kinds=4/6/4
ROCKNPU GGML TRACE qkv_stash layer=7 first=blk.7.attn_v.weight second=blk.7.attn_k.weight
ROCKNPU GGML TRACE mul_mat weight=blk.7.attn_output.weight type=q4_K M=1 K=2048 N=2048 path=w8a8_m1
ROCKNPU GGML TRACE ffn_pair first=blk.7.ffn_gate.weight second=blk.7.ffn_up.weight M=1 K=2048 N=5632+5632 kinds=4/4 path=m1_pair
ROCKNPU GGML TRACE mul_mat weight=blk.7.ffn_down.weight type=q6_K M=1 K=5632 N=2048 path=w8a8_m1
ROCKNPU GGML TRACE qkv_triple layer=8 K=2048 N=2048+256+256 kinds=4/6/4
ROCKNPU GGML TRACE qkv_stash layer=8 first=blk.8.attn_v.weight second=blk.8.attn_k.weight
ROCKNPU GGML TRACE mul_mat weight=blk.8.attn_output.weight type=q4_K M=1 K=2048 N=2048 path=w8a8_m1
ROCKNPU GGML TRACE ffn_pair first=blk.8.ffn_gate.weight second=blk.8.ffn_up.weight M=1 K=2048 N=5632+5632 kinds=4/4 path=m1_pair
ROCKNPU GGML TRACE mul_mat weight=blk.8.ffn_down.weight type=q6_K M=1 K=5632 N=2048 path=w8a8_m1
ROCKNPU GGML TRACE qkv_triple layer=9 K=2048 N=2048+256+256 kinds=4/6/4
ROCKNPU GGML TRACE qkv_stash layer=9 first=blk.9.attn_v.weight second=blk.9.attn_k.weight
ROCKNPU GGML TRACE mul_mat weight=blk.9.attn_output.weight type=q4_K M=1 K=2048 N=2048 path=w8a8_m1
ROCKNPU GGML TRACE ffn_pair first=blk.9.ffn_gate.weight second=blk.9.ffn_up.weight M=1 K=2048 N=5632+5632 kinds=4/4 path=m1_pair
ROCKNPU GGML TRACE mul_mat weight=blk.9.ffn_down.weight type=q6_K M=1 K=5632 N=2048 path=w8a8_m1
ROCKNPU GGML TRACE qkv_triple layer=10 K=2048 N=2048+256+256 kinds=4/4/4
ROCKNPU GGML TRACE qkv_stash layer=10 first=blk.10.attn_v.weight second=blk.10.attn_k.weight
ROCKNPU GGML TRACE mul_mat weight=blk.10.attn_output.weight type=q4_K M=1 K=2048 N=2048 path=w8a8_m1
ROCKNPU GGML TRACE ffn_pair first=blk.10.ffn_gate.weight second=blk.10.ffn_up.weight M=1 K=2048 N=5632+5632 kinds=4/4 path=m1_pair
ROCKNPU GGML TRACE mul_mat weight=blk.10.ffn_down.weight type=q4_K M=1 K=5632 N=2048 path=w8a8_m1
ROCKNPU GGML TRACE qkv_triple layer=11 K=2048 N=2048+256+256 kinds=4/4/4
ROCKNPU GGML TRACE qkv_stash layer=11 first=blk.11.attn_v.weight second=blk.11.attn_k.weight
ROCKNPU GGML TRACE mul_mat weight=blk.11.attn_output.weight type=q4_K M=1 K=2048 N=2048 path=w8a8_m1
ROCKNPU GGML TRACE ffn_pair first=blk.11.ffn_gate.weight second=blk.11.ffn_up.weight M=1 K=2048 N=5632+5632 kinds=4/4 path=m1_pair
ROCKNPU GGML TRACE mul_mat weight=blk.11.ffn_down.weight type=q4_K M=1 K=5632 N=2048 path=w8a8_m1
ROCKNPU GGML TRACE qkv_triple layer=12 K=2048 N=2048+256+256 kinds=4/6/4
ROCKNPU GGML TRACE qkv_stash layer=12 first=blk.12.attn_v.weight second=blk.12.attn_k.weight
ROCKNPU GGML TRACE mul_mat weight=blk.12.attn_output.weight type=q4_K M=1 K=2048 N=2048 path=w8a8_m1
ROCKNPU GGML TRACE ffn_pair first=blk.12.ffn_gate.weight second=blk.12.ffn_up.weight M=1 K=2048 N=5632+5632 kinds=4/4 path=m1_pair
ROCKNPU GGML TRACE mul_mat weight=blk.12.ffn_down.weight type=q6_K M=1 K=5632 N=2048 path=w8a8_m1
ROCKNPU GGML TRACE qkv_triple layer=13 K=2048 N=2048+256+256 kinds=4/4/4
ROCKNPU GGML TRACE qkv_stash layer=13 first=blk.13.attn_v.weight second=blk.13.attn_k.weight
ROCKNPU GGML TRACE mul_mat weight=blk.13.attn_output.weight type=q4_K M=1 K=2048 N=2048 path=w8a8_m1
ROCKNPU GGML TRACE ffn_pair first=blk.13.ffn_gate.weight second=blk.13.ffn_up.weight M=1 K=2048 N=5632+5632 kinds=4/4 path=m1_pair
ROCKNPU GGML TRACE mul_mat weight=blk.13.ffn_down.weight type=q4_K M=1 K=5632 N=2048 path=w8a8_m1
ROCKNPU GGML TRACE qkv_triple layer=14 K=2048 N=2048+256+256 kinds=4/4/4
ROCKNPU GGML TRACE qkv_stash layer=14 first=blk.14.attn_v.weight second=blk.14.attn_k.weight
ROCKNPU GGML TRACE mul_mat weight=blk.14.attn_output.weight type=q4_K M=1 K=2048 N=2048 path=w8a8_m1
ROCKNPU GGML TRACE ffn_pair first=blk.14.ffn_gate.weight second=blk.14.ffn_up.weight M=1 K=2048 N=5632+5632 kinds=4/4 path=m1_pair
ROCKNPU GGML TRACE mul_mat weight=blk.14.ffn_down.weight type=q4_K M=1 K=5632 N=2048 path=w8a8_m1
ROCKNPU GGML TRACE qkv_triple layer=15 K=2048 N=2048+256+256 kinds=4/6/4
ROCKNPU GGML TRACE qkv_stash layer=15 first=blk.15.attn_v.weight second=blk.15.attn_k.weight
ROCKNPU GGML TRACE mul_mat weight=blk.15.attn_output.weight type=q4_K M=1 K=2048 N=2048 path=w8a8_m1
ROCKNPU GGML TRACE ffn_pair first=blk.15.ffn_gate.weight second=blk.15.ffn_up.weight M=1 K=2048 N=5632+5632 kinds=4/4 path=m1_pair
ROCKNPU GGML TRACE mul_mat weight=blk.15.ffn_down.weight type=q6_K M=1 K=5632 N=2048 path=w8a8_m1
ROCKNPU GGML TRACE qkv_triple layer=16 K=2048 N=2048+256+256 kinds=4/4/4
ROCKNPU GGML TRACE qkv_stash layer=16 first=blk.16.attn_v.weight second=blk.16.attn_k.weight
ROCKNPU GGML TRACE mul_mat weight=blk.16.attn_output.weight type=q4_K M=1 K=2048 N=2048 path=w8a8_m1
ROCKNPU GGML TRACE ffn_pair first=blk.16.ffn_gate.weight second=blk.16.ffn_up.weight M=1 K=2048 N=5632+5632 kinds=4/4 path=m1_pair
ROCKNPU GGML TRACE mul_mat weight=blk.16.ffn_down.weight type=q4_K M=1 K=5632 N=2048 path=w8a8_m1
ROCKNPU GGML TRACE qkv_triple layer=17 K=2048 N=2048+256+256 kinds=4/4/4
ROCKNPU GGML TRACE qkv_stash layer=17 first=blk.17.attn_v.weight second=blk.17.attn_k.weight
ROCKNPU GGML TRACE mul_mat weight=blk.17.attn_output.weight type=q4_K M=1 K=2048 N=2048 path=w8a8_m1
ROCKNPU GGML TRACE ffn_pair first=blk.17.ffn_gate.weight second=blk.17.ffn_up.weight M=1 K=2048 N=5632+5632 kinds=4/4 path=m1_pair
ROCKNPU GGML TRACE mul_mat weight=blk.17.ffn_down.weight type=q4_K M=1 K=5632 N=2048 path=w8a8_m1
ROCKNPU GGML TRACE qkv_triple layer=18 K=2048 N=2048+256+256 kinds=4/6/4
ROCKNPU GGML TRACE qkv_stash layer=18 first=blk.18.attn_v.weight second=blk.18.attn_k.weight
ROCKNPU GGML TRACE mul_mat weight=blk.18.attn_output.weight type=q4_K M=1 K=2048 N=2048 path=w8a8_m1
ROCKNPU GGML TRACE ffn_pair first=blk.18.ffn_gate.weight second=blk.18.ffn_up.weight M=1 K=2048 N=5632+5632 kinds=4/4 path=m1_pair
ROCKNPU GGML TRACE mul_mat weight=blk.18.ffn_down.weight type=q6_K M=1 K=5632 N=2048 path=w8a8_m1
ROCKNPU GGML TRACE qkv_triple layer=19 K=2048 N=2048+256+256 kinds=4/4/4
ROCKNPU GGML TRACE qkv_stash layer=19 first=blk.19.attn_v.weight second=blk.19.attn_k.weight
ROCKNPU GGML TRACE mul_mat weight=blk.19.attn_output.weight type=q4_K M=1 K=2048 N=2048 path=w8a8_m1
ROCKNPU GGML TRACE ffn_pair first=blk.19.ffn_gate.weight second=blk.19.ffn_up.weight M=1 K=2048 N=5632+5632 kinds=4/4 path=m1_pair
ROCKNPU GGML TRACE mul_mat weight=blk.19.ffn_down.weight type=q4_K M=1 K=5632 N=2048 path=w8a8_m1
ROCKNPU GGML TRACE qkv_triple layer=20 K=2048 N=2048+256+256 kinds=4/6/4
ROCKNPU GGML TRACE qkv_stash layer=20 first=blk.20.attn_v.weight second=blk.20.attn_k.weight
ROCKNPU GGML TRACE mul_mat weight=blk.20.attn_output.weight type=q4_K M=1 K=2048 N=2048 path=w8a8_m1
ROCKNPU GGML TRACE ffn_pair first=blk.20.ffn_gate.weight second=blk.20.ffn_up.weight M=1 K=2048 N=5632+5632 kinds=4/4 path=m1_pair
ROCKNPU GGML TRACE mul_mat weight=blk.20.ffn_down.weight type=q6_K M=1 K=5632 N=2048 path=w8a8_m1
ROCKNPU GGML TRACE qkv_triple layer=21 K=2048 N=2048+256+256 kinds=4/4/4
ROCKNPU GGML TRACE qkv_stash layer=21 first=blk.21.attn_v.weight second=blk.21.attn_k.weight
ROCKNPU GGML TRACE mul_mat weight=blk.21.attn_output.weight type=q4_K M=1 K=2048 N=2048 path=w8a8_m1
ROCKNPU GGML TRACE ffn_pair first=blk.21.ffn_gate.weight second=blk.21.ffn_up.weight M=1 K=2048 N=5632+5632 kinds=4/4 path=m1_pair
ROCKNPU GGML TRACE mul_mat weight=blk.21.ffn_down.weight type=q4_K M=1 K=5632 N=2048 path=w8a8_m1
ROCKNPU GGML TRACE qkv_triple layer=0 K=2048 N=2048+256+256 kinds=4/6/4
ROCKNPU GGML TRACE qkv_stash layer=0 first=blk.0.attn_v.weight second=blk.0.attn_k.weight
ROCKNPU GGML TRACE mul_mat weight=blk.0.attn_output.weight type=q4_K M=1 K=2048 N=2048 path=w8a8_m1
ROCKNPU GGML TRACE ffn_pair first=blk.0.ffn_gate.weight second=blk.0.ffn_up.weight M=1 K=2048 N=5632+5632 kinds=4/4 path=m1_pair
ROCKNPU GGML TRACE mul_mat weight=blk.0.ffn_down.weight type=q6_K M=1 K=5632 N=2048 path=w8a8_m1
ROCKNPU GGML TRACE qkv_triple layer=1 K=2048 N=2048+256+256 kinds=4/6/4
ROCKNPU GGML TRACE qkv_stash layer=1 first=blk.1.attn_v.weight second=blk.1.attn_k.weight
ROCKNPU GGML TRACE mul_mat weight=blk.1.attn_output.weight type=q4_K M=1 K=2048 N=2048 path=w8a8_m1
ROCKNPU GGML TRACE ffn_pair first=blk.1.ffn_gate.weight second=blk.1.ffn_up.weight M=1 K=2048 N=5632+5632 kinds=4/4 path=m1_pair
ROCKNPU GGML TRACE mul_mat weight=blk.1.ffn_down.weight type=q6_K M=1 K=5632 N=2048 path=w8a8_m1
ROCKNPU GGML TRACE qkv_triple layer=2 K=2048 N=2048+256+256 kinds=4/4/4
ROCKNPU GGML TRACE qkv_stash layer=2 first=blk.2.attn_v.weight second=blk.2.attn_k.weight
ROCKNPU GGML TRACE mul_mat weight=blk.2.attn_output.weight type=q4_K M=1 K=2048 N=2048 path=w8a8_m1
ROCKNPU GGML TRACE ffn_pair first=blk.2.ffn_gate.weight second=blk.2.ffn_up.weight M=1 K=2048 N=5632+5632 kinds=4/4 path=m1_pair
ROCKNPU GGML TRACE mul_mat weight=blk.2.ffn_down.weight type=q4_K M=1 K=5632 N=2048 path=w8a8_m1
ROCKNPU GGML TRACE qkv_triple layer=3 K=2048 N=2048+256+256 kinds=4/4/4
ROCKNPU GGML TRACE qkv_stash layer=3 first=blk.3.attn_v.weight second=blk.3.attn_k.weight
ROCKNPU GGML TRACE mul_mat weight=blk.3.attn_output.weight type=q4_K M=1 K=2048 N=2048 path=w8a8_m1
ROCKNPU GGML TRACE ffn_pair first=blk.3.ffn_gate.weight second=blk.3.ffn_up.weight M=1 K=2048 N=5632+5632 kinds=4/4 path=m1_pair
ROCKNPU GGML TRACE mul_mat weight=blk.3.ffn_down.weight type=q4_K M=1 K=5632 N=2048 path=w8a8_m1
ROCKNPU GGML TRACE qkv_triple layer=4 K=2048 N=2048+256+256 kinds=4/6/4
ROCKNPU GGML TRACE qkv_stash layer=4 first=blk.4.attn_v.weight second=blk.4.attn_k.weight
ROCKNPU GGML TRACE mul_mat weight=blk.4.attn_output.weight type=q4_K M=1 K=2048 N=2048 path=w8a8_m1
ROCKNPU GGML TRACE ffn_pair first=blk.4.ffn_gate.weight second=blk.4.ffn_up.weight M=1 K=2048 N=5632+5632 kinds=4/4 path=m1_pair
ROCKNPU GGML TRACE mul_mat weight=blk.4.ffn_down.weight type=q6_K M=1 K=5632 N=2048 path=w8a8_m1
ROCKNPU GGML TRACE qkv_triple layer=5 K=2048 N=2048+256+256 kinds=4/4/4
ROCKNPU GGML TRACE qkv_stash layer=5 first=blk.5.attn_v.weight second=blk.5.attn_k.weight
ROCKNPU GGML TRACE mul_mat weight=blk.5.attn_output.weight type=q4_K M=1 K=2048 N=2048 path=w8a8_m1
ROCKNPU GGML TRACE ffn_pair first=blk.5.ffn_gate.weight second=blk.5.ffn_up.weight M=1 K=2048 N=5632+5632 kinds=4/4 path=m1_pair
ROCKNPU GGML TRACE mul_mat weight=blk.5.ffn_down.weight type=q4_K M=1 K=5632 N=2048 path=w8a8_m1
ROCKNPU GGML TRACE qkv_triple layer=6 K=2048 N=2048+256+256 kinds=4/4/4
ROCKNPU GGML TRACE qkv_stash layer=6 first=blk.6.attn_v.weight second=blk.6.attn_k.weight
ROCKNPU GGML TRACE mul_mat weight=blk.6.attn_output.weight type=q4_K M=1 K=2048 N=2048 path=w8a8_m1
ROCKNPU GGML TRACE ffn_pair first=blk.6.ffn_gate.weight second=blk.6.ffn_up.weight M=1 K=2048 N=5632+5632 kinds=4/4 path=m1_pair
ROCKNPU GGML TRACE mul_mat weight=blk.6.ffn_down.weight type=q4_K M=1 K=5632 N=2048 path=w8a8_m1
ROCKNPU GGML TRACE qkv_triple layer=7 K=2048 N=2048+256+256 kinds=4/6/4
ROCKNPU GGML TRACE qkv_stash layer=7 first=blk.7.attn_v.weight second=blk.7.attn_k.weight
ROCKNPU GGML TRACE mul_mat weight=blk.7.attn_output.weight type=q4_K M=1 K=2048 N=2048 path=w8a8_m1
ROCKNPU GGML TRACE ffn_pair first=blk.7.ffn_gate.weight second=blk.7.ffn_up.weight M=1 K=2048 N=5632+5632 kinds=4/4 path=m1_pair
ROCKNPU GGML TRACE mul_mat weight=blk.7.ffn_down.weight type=q6_K M=1 K=5632 N=2048 path=w8a8_m1
ROCKNPU GGML TRACE qkv_triple layer=8 K=2048 N=2048+256+256 kinds=4/6/4
ROCKNPU GGML TRACE qkv_stash layer=8 first=blk.8.attn_v.weight second=blk.8.attn_k.weight
ROCKNPU GGML TRACE mul_mat weight=blk.8.attn_output.weight type=q4_K M=1 K=2048 N=2048 path=w8a8_m1
ROCKNPU GGML TRACE ffn_pair first=blk.8.ffn_gate.weight second=blk.8.ffn_up.weight M=1 K=2048 N=5632+5632 kinds=4/4 path=m1_pair
ROCKNPU GGML TRACE mul_mat weight=blk.8.ffn_down.weight type=q6_K M=1 K=5632 N=2048 path=w8a8_m1
ROCKNPU GGML TRACE qkv_triple layer=9 K=2048 N=2048+256+256 kinds=4/6/4
ROCKNPU GGML TRACE qkv_stash layer=9 first=blk.9.attn_v.weight second=blk.9.attn_k.weight
ROCKNPU GGML TRACE mul_mat weight=blk.9.attn_output.weight type=q4_K M=1 K=2048 N=2048 path=w8a8_m1
ROCKNPU GGML TRACE ffn_pair first=blk.9.ffn_gate.weight second=blk.9.ffn_up.weight M=1 K=2048 N=5632+5632 kinds=4/4 path=m1_pair
ROCKNPU GGML TRACE mul_mat weight=blk.9.ffn_down.weight type=q6_K M=1 K=5632 N=2048 path=w8a8_m1
ROCKNPU GGML TRACE qkv_triple layer=10 K=2048 N=2048+256+256 kinds=4/4/4
ROCKNPU GGML TRACE qkv_stash layer=10 first=blk.10.attn_v.weight second=blk.10.attn_k.weight
ROCKNPU GGML TRACE mul_mat weight=blk.10.attn_output.weight type=q4_K M=1 K=2048 N=2048 path=w8a8_m1
ROCKNPU GGML TRACE ffn_pair first=blk.10.ffn_gate.weight second=blk.10.ffn_up.weight M=1 K=2048 N=5632+5632 kinds=4/4 path=m1_pair
ROCKNPU GGML TRACE mul_mat weight=blk.10.ffn_down.weight type=q4_K M=1 K=5632 N=2048 path=w8a8_m1
ROCKNPU GGML TRACE qkv_triple layer=11 K=2048 N=2048+256+256 kinds=4/4/4
ROCKNPU GGML TRACE qkv_stash layer=11 first=blk.11.attn_v.weight second=blk.11.attn_k.weight
ROCKNPU GGML TRACE mul_mat weight=blk.11.attn_output.weight type=q4_K M=1 K=2048 N=2048 path=w8a8_m1
ROCKNPU GGML TRACE ffn_pair first=blk.11.ffn_gate.weight second=blk.11.ffn_up.weight M=1 K=2048 N=5632+5632 kinds=4/4 path=m1_pair
ROCKNPU GGML TRACE mul_mat weight=blk.11.ffn_down.weight type=q4_K M=1 K=5632 N=2048 path=w8a8_m1
ROCKNPU GGML TRACE qkv_triple layer=12 K=2048 N=2048+256+256 kinds=4/6/4
ROCKNPU GGML TRACE qkv_stash layer=12 first=blk.12.attn_v.weight second=blk.12.attn_k.weight
ROCKNPU GGML TRACE mul_mat weight=blk.12.attn_output.weight type=q4_K M=1 K=2048 N=2048 path=w8a8_m1
ROCKNPU GGML TRACE ffn_pair first=blk.12.ffn_gate.weight second=blk.12.ffn_up.weight M=1 K=2048 N=5632+5632 kinds=4/4 path=m1_pair
ROCKNPU GGML TRACE mul_mat weight=blk.12.ffn_down.weight type=q6_K M=1 K=5632 N=2048 path=w8a8_m1
ROCKNPU GGML TRACE qkv_triple layer=13 K=2048 N=2048+256+256 kinds=4/4/4
ROCKNPU GGML TRACE qkv_stash layer=13 first=blk.13.attn_v.weight second=blk.13.attn_k.weight
ROCKNPU GGML TRACE mul_mat weight=blk.13.attn_output.weight type=q4_K M=1 K=2048 N=2048 path=w8a8_m1
ROCKNPU GGML TRACE ffn_pair first=blk.13.ffn_gate.weight second=blk.13.ffn_up.weight M=1 K=2048 N=5632+5632 kinds=4/4 path=m1_pair
ROCKNPU GGML TRACE mul_mat weight=blk.13.ffn_down.weight type=q4_K M=1 K=5632 N=2048 path=w8a8_m1
ROCKNPU GGML TRACE qkv_triple layer=14 K=2048 N=2048+256+256 kinds=4/4/4
ROCKNPU GGML TRACE qkv_stash layer=14 first=blk.14.attn_v.weight second=blk.14.attn_k.weight
ROCKNPU GGML TRACE mul_mat weight=blk.14.attn_output.weight type=q4_K M=1 K=2048 N=2048 path=w8a8_m1
ROCKNPU GGML TRACE ffn_pair first=blk.14.ffn_gate.weight second=blk.14.ffn_up.weight M=1 K=2048 N=5632+5632 kinds=4/4 path=m1_pair
ROCKNPU GGML TRACE mul_mat weight=blk.14.ffn_down.weight type=q4_K M=1 K=5632 N=2048 path=w8a8_m1
ROCKNPU GGML TRACE qkv_triple layer=15 K=2048 N=2048+256+256 kinds=4/6/4
ROCKNPU GGML TRACE qkv_stash layer=15 first=blk.15.attn_v.weight second=blk.15.attn_k.weight
ROCKNPU GGML TRACE mul_mat weight=blk.15.attn_output.weight type=q4_K M=1 K=2048 N=2048 path=w8a8_m1
ROCKNPU GGML TRACE ffn_pair first=blk.15.ffn_gate.weight second=blk.15.ffn_up.weight M=1 K=2048 N=5632+5632 kinds=4/4 path=m1_pair
ROCKNPU GGML TRACE mul_mat weight=blk.15.ffn_down.weight type=q6_K M=1 K=5632 N=2048 path=w8a8_m1
ROCKNPU GGML TRACE qkv_triple layer=16 K=2048 N=2048+256+256 kinds=4/4/4
ROCKNPU GGML TRACE qkv_stash layer=16 first=blk.16.attn_v.weight second=blk.16.attn_k.weight
ROCKNPU GGML TRACE mul_mat weight=blk.16.attn_output.weight type=q4_K M=1 K=2048 N=2048 path=w8a8_m1
ROCKNPU GGML TRACE ffn_pair first=blk.16.ffn_gate.weight second=blk.16.ffn_up.weight M=1 K=2048 N=5632+5632 kinds=4/4 path=m1_pair
ROCKNPU GGML TRACE mul_mat weight=blk.16.ffn_down.weight type=q4_K M=1 K=5632 N=2048 path=w8a8_m1
ROCKNPU GGML TRACE qkv_triple layer=17 K=2048 N=2048+256+256 kinds=4/4/4
ROCKNPU GGML TRACE qkv_stash layer=17 first=blk.17.attn_v.weight second=blk.17.attn_k.weight
ROCKNPU GGML TRACE mul_mat weight=blk.17.attn_output.weight type=q4_K M=1 K=2048 N=2048 path=w8a8_m1
ROCKNPU GGML TRACE ffn_pair first=blk.17.ffn_gate.weight second=blk.17.ffn_up.weight M=1 K=2048 N=5632+5632 kinds=4/4 path=m1_pair
ROCKNPU GGML TRACE mul_mat weight=blk.17.ffn_down.weight type=q4_K M=1 K=5632 N=2048 path=w8a8_m1
ROCKNPU GGML TRACE qkv_triple layer=18 K=2048 N=2048+256+256 kinds=4/6/4
ROCKNPU GGML TRACE qkv_stash layer=18 first=blk.18.attn_v.weight second=blk.18.attn_k.weight
ROCKNPU GGML TRACE mul_mat weight=blk.18.attn_output.weight type=q4_K M=1 K=2048 N=2048 path=w8a8_m1
ROCKNPU GGML TRACE ffn_pair first=blk.18.ffn_gate.weight second=blk.18.ffn_up.weight M=1 K=2048 N=5632+5632 kinds=4/4 path=m1_pair
ROCKNPU GGML TRACE mul_mat weight=blk.18.ffn_down.weight type=q6_K M=1 K=5632 N=2048 path=w8a8_m1
ROCKNPU GGML TRACE qkv_triple layer=19 K=2048 N=2048+256+256 kinds=4/4/4
ROCKNPU GGML TRACE qkv_stash layer=19 first=blk.19.attn_v.weight second=blk.19.attn_k.weight
ROCKNPU GGML TRACE mul_mat weight=blk.19.attn_output.weight type=q4_K M=1 K=2048 N=2048 path=w8a8_m1
ROCKNPU GGML TRACE ffn_pair first=blk.19.ffn_gate.weight second=blk.19.ffn_up.weight M=1 K=2048 N=5632+5632 kinds=4/4 path=m1_pair
ROCKNPU GGML TRACE mul_mat weight=blk.19.ffn_down.weight type=q4_K M=1 K=5632 N=2048 path=w8a8_m1
ROCKNPU GGML TRACE qkv_triple layer=20 K=2048 N=2048+256+256 kinds=4/6/4
ROCKNPU GGML TRACE qkv_stash layer=20 first=blk.20.attn_v.weight second=blk.20.attn_k.weight
ROCKNPU GGML TRACE mul_mat weight=blk.20.attn_output.weight type=q4_K M=1 K=2048 N=2048 path=w8a8_m1
ROCKNPU GGML TRACE ffn_pair first=blk.20.ffn_gate.weight second=blk.20.ffn_up.weight M=1 K=2048 N=5632+5632 kinds=4/4 path=m1_pair
ROCKNPU GGML TRACE mul_mat weight=blk.20.ffn_down.weight type=q6_K M=1 K=5632 N=2048 path=w8a8_m1
ROCKNPU GGML TRACE qkv_triple layer=21 K=2048 N=2048+256+256 kinds=4/4/4
ROCKNPU GGML TRACE qkv_stash layer=21 first=blk.21.attn_v.weight second=blk.21.attn_k.weight
ROCKNPU GGML TRACE mul_mat weight=blk.21.attn_output.weight type=q4_K M=1 K=2048 N=2048 path=w8a8_m1
ROCKNPU GGML TRACE ffn_pair first=blk.21.ffn_gate.weight second=blk.21.ffn_up.weight M=1 K=2048 N=5632+5632 kinds=4/4 path=m1_pair
ROCKNPU GGML TRACE mul_mat weight=blk.21.ffn_down.weight type=q4_K M=1 K=5632 N=2048 path=w8a8_m1
ROCKNPU GGML TRACE qkv_triple layer=0 K=2048 N=2048+256+256 kinds=4/6/4
ROCKNPU GGML TRACE qkv_stash layer=0 first=blk.0.attn_v.weight second=blk.0.attn_k.weight
ROCKNPU GGML TRACE mul_mat weight=blk.0.attn_output.weight type=q4_K M=1 K=2048 N=2048 path=w8a8_m1
ROCKNPU GGML TRACE ffn_pair first=blk.0.ffn_gate.weight second=blk.0.ffn_up.weight M=1 K=2048 N=5632+5632 kinds=4/4 path=m1_pair
ROCKNPU GGML TRACE mul_mat weight=blk.0.ffn_down.weight type=q6_K M=1 K=5632 N=2048 path=w8a8_m1
ROCKNPU GGML TRACE qkv_triple layer=1 K=2048 N=2048+256+256 kinds=4/6/4
ROCKNPU GGML TRACE qkv_stash layer=1 first=blk.1.attn_v.weight second=blk.1.attn_k.weight
ROCKNPU GGML TRACE mul_mat weight=blk.1.attn_output.weight type=q4_K M=1 K=2048 N=2048 path=w8a8_m1
ROCKNPU GGML TRACE ffn_pair first=blk.1.ffn_gate.weight second=blk.1.ffn_up.weight M=1 K=2048 N=5632+5632 kinds=4/4 path=m1_pair
ROCKNPU GGML TRACE mul_mat weight=blk.1.ffn_down.weight type=q6_K M=1 K=5632 N=2048 path=w8a8_m1
ROCKNPU GGML TRACE qkv_triple layer=2 K=2048 N=2048+256+256 kinds=4/4/4
ROCKNPU GGML TRACE qkv_stash layer=2 first=blk.2.attn_v.weight second=blk.2.attn_k.weight
ROCKNPU GGML TRACE mul_mat weight=blk.2.attn_output.weight type=q4_K M=1 K=2048 N=2048 path=w8a8_m1
ROCKNPU GGML TRACE ffn_pair first=blk.2.ffn_gate.weight second=blk.2.ffn_up.weight M=1 K=2048 N=5632+5632 kinds=4/4 path=m1_pair
ROCKNPU GGML TRACE mul_mat weight=blk.2.ffn_down.weight type=q4_K M=1 K=5632 N=2048 path=w8a8_m1
ROCKNPU GGML TRACE qkv_triple layer=3 K=2048 N=2048+256+256 kinds=4/4/4
ROCKNPU GGML TRACE qkv_stash layer=3 first=blk.3.attn_v.weight second=blk.3.attn_k.weight
ROCKNPU GGML TRACE mul_mat weight=blk.3.attn_output.weight type=q4_K M=1 K=2048 N=2048 path=w8a8_m1
ROCKNPU GGML TRACE ffn_pair first=blk.3.ffn_gate.weight second=blk.3.ffn_up.weight M=1 K=2048 N=5632+5632 kinds=4/4 path=m1_pair
ROCKNPU GGML TRACE mul_mat weight=blk.3.ffn_down.weight type=q4_K M=1 K=5632 N=2048 path=w8a8_m1
ROCKNPU GGML TRACE qkv_triple layer=4 K=2048 N=2048+256+256 kinds=4/6/4
ROCKNPU GGML TRACE qkv_stash layer=4 first=blk.4.attn_v.weight second=blk.4.attn_k.weight
ROCKNPU GGML TRACE mul_mat weight=blk.4.attn_output.weight type=q4_K M=1 K=2048 N=2048 path=w8a8_m1
ROCKNPU GGML TRACE ffn_pair first=blk.4.ffn_gate.weight second=blk.4.ffn_up.weight M=1 K=2048 N=5632+5632 kinds=4/4 path=m1_pair
ROCKNPU GGML TRACE mul_mat weight=blk.4.ffn_down.weight type=q6_K M=1 K=5632 N=2048 path=w8a8_m1
ROCKNPU GGML TRACE qkv_triple layer=5 K=2048 N=2048+256+256 kinds=4/4/4
ROCKNPU GGML TRACE qkv_stash layer=5 first=blk.5.attn_v.weight second=blk.5.attn_k.weight
ROCKNPU GGML TRACE mul_mat weight=blk.5.attn_output.weight type=q4_K M=1 K=2048 N=2048 path=w8a8_m1
ROCKNPU GGML TRACE ffn_pair first=blk.5.ffn_gate.weight second=blk.5.ffn_up.weight M=1 K=2048 N=5632+5632 kinds=4/4 path=m1_pair
ROCKNPU GGML TRACE mul_mat weight=blk.5.ffn_down.weight type=q4_K M=1 K=5632 N=2048 path=w8a8_m1
ROCKNPU GGML TRACE qkv_triple layer=6 K=2048 N=2048+256+256 kinds=4/4/4
ROCKNPU GGML TRACE qkv_stash layer=6 first=blk.6.attn_v.weight second=blk.6.attn_k.weight
ROCKNPU GGML TRACE mul_mat weight=blk.6.attn_output.weight type=q4_K M=1 K=2048 N=2048 path=w8a8_m1
ROCKNPU GGML TRACE ffn_pair first=blk.6.ffn_gate.weight second=blk.6.ffn_up.weight M=1 K=2048 N=5632+5632 kinds=4/4 path=m1_pair
ROCKNPU GGML TRACE mul_mat weight=blk.6.ffn_down.weight type=q4_K M=1 K=5632 N=2048 path=w8a8_m1
ROCKNPU GGML TRACE qkv_triple layer=7 K=2048 N=2048+256+256 kinds=4/6/4
ROCKNPU GGML TRACE qkv_stash layer=7 first=blk.7.attn_v.weight second=blk.7.attn_k.weight
ROCKNPU GGML TRACE mul_mat weight=blk.7.attn_output.weight type=q4_K M=1 K=2048 N=2048 path=w8a8_m1
ROCKNPU GGML TRACE ffn_pair first=blk.7.ffn_gate.weight second=blk.7.ffn_up.weight M=1 K=2048 N=5632+5632 kinds=4/4 path=m1_pair
ROCKNPU GGML TRACE mul_mat weight=blk.7.ffn_down.weight type=q6_K M=1 K=5632 N=2048 path=w8a8_m1
ROCKNPU GGML TRACE qkv_triple layer=8 K=2048 N=2048+256+256 kinds=4/6/4
ROCKNPU GGML TRACE qkv_stash layer=8 first=blk.8.attn_v.weight second=blk.8.attn_k.weight
ROCKNPU GGML TRACE mul_mat weight=blk.8.attn_output.weight type=q4_K M=1 K=2048 N=2048 path=w8a8_m1
ROCKNPU GGML TRACE ffn_pair first=blk.8.ffn_gate.weight second=blk.8.ffn_up.weight M=1 K=2048 N=5632+5632 kinds=4/4 path=m1_pair
ROCKNPU GGML TRACE mul_mat weight=blk.8.ffn_down.weight type=q6_K M=1 K=5632 N=2048 path=w8a8_m1
ROCKNPU GGML TRACE qkv_triple layer=9 K=2048 N=2048+256+256 kinds=4/6/4
ROCKNPU GGML TRACE qkv_stash layer=9 first=blk.9.attn_v.weight second=blk.9.attn_k.weight
ROCKNPU GGML TRACE mul_mat weight=blk.9.attn_output.weight type=q4_K M=1 K=2048 N=2048 path=w8a8_m1
ROCKNPU GGML TRACE ffn_pair first=blk.9.ffn_gate.weight second=blk.9.ffn_up.weight M=1 K=2048 N=5632+5632 kinds=4/4 path=m1_pair
ROCKNPU GGML TRACE mul_mat weight=blk.9.ffn_down.weight type=q6_K M=1 K=5632 N=2048 path=w8a8_m1
ROCKNPU GGML TRACE qkv_triple layer=10 K=2048 N=2048+256+256 kinds=4/4/4
ROCKNPU GGML TRACE qkv_stash layer=10 first=blk.10.attn_v.weight second=blk.10.attn_k.weight
ROCKNPU GGML TRACE mul_mat weight=blk.10.attn_output.weight type=q4_K M=1 K=2048 N=2048 path=w8a8_m1
ROCKNPU GGML TRACE ffn_pair first=blk.10.ffn_gate.weight second=blk.10.ffn_up.weight M=1 K=2048 N=5632+5632 kinds=4/4 path=m1_pair
ROCKNPU GGML TRACE mul_mat weight=blk.10.ffn_down.weight type=q4_K M=1 K=5632 N=2048 path=w8a8_m1
ROCKNPU GGML TRACE qkv_triple layer=11 K=2048 N=2048+256+256 kinds=4/4/4
ROCKNPU GGML TRACE qkv_stash layer=11 first=blk.11.attn_v.weight second=blk.11.attn_k.weight
ROCKNPU GGML TRACE mul_mat weight=blk.11.attn_output.weight type=q4_K M=1 K=2048 N=2048 path=w8a8_m1
ROCKNPU GGML TRACE ffn_pair first=blk.11.ffn_gate.weight second=blk.11.ffn_up.weight M=1 K=2048 N=5632+5632 kinds=4/4 path=m1_pair
ROCKNPU GGML TRACE mul_mat weight=blk.11.ffn_down.weight type=q4_K M=1 K=5632 N=2048 path=w8a8_m1
ROCKNPU GGML TRACE qkv_triple layer=12 K=2048 N=2048+256+256 kinds=4/6/4
ROCKNPU GGML TRACE qkv_stash layer=12 first=blk.12.attn_v.weight second=blk.12.attn_k.weight
ROCKNPU GGML TRACE mul_mat weight=blk.12.attn_output.weight type=q4_K M=1 K=2048 N=2048 path=w8a8_m1
ROCKNPU GGML TRACE ffn_pair first=blk.12.ffn_gate.weight second=blk.12.ffn_up.weight M=1 K=2048 N=5632+5632 kinds=4/4 path=m1_pair
ROCKNPU GGML TRACE mul_mat weight=blk.12.ffn_down.weight type=q6_K M=1 K=5632 N=2048 path=w8a8_m1
ROCKNPU GGML TRACE qkv_triple layer=13 K=2048 N=2048+256+256 kinds=4/4/4
ROCKNPU GGML TRACE qkv_stash layer=13 first=blk.13.attn_v.weight second=blk.13.attn_k.weight
ROCKNPU GGML TRACE mul_mat weight=blk.13.attn_output.weight type=q4_K M=1 K=2048 N=2048 path=w8a8_m1
ROCKNPU GGML TRACE ffn_pair first=blk.13.ffn_gate.weight second=blk.13.ffn_up.weight M=1 K=2048 N=5632+5632 kinds=4/4 path=m1_pair
ROCKNPU GGML TRACE mul_mat weight=blk.13.ffn_down.weight type=q4_K M=1 K=5632 N=2048 path=w8a8_m1
ROCKNPU GGML TRACE qkv_triple layer=14 K=2048 N=2048+256+256 kinds=4/4/4
ROCKNPU GGML TRACE qkv_stash layer=14 first=blk.14.attn_v.weight second=blk.14.attn_k.weight
ROCKNPU GGML TRACE mul_mat weight=blk.14.attn_output.weight type=q4_K M=1 K=2048 N=2048 path=w8a8_m1
ROCKNPU GGML TRACE ffn_pair first=blk.14.ffn_gate.weight second=blk.14.ffn_up.weight M=1 K=2048 N=5632+5632 kinds=4/4 path=m1_pair
ROCKNPU GGML TRACE mul_mat weight=blk.14.ffn_down.weight type=q4_K M=1 K=5632 N=2048 path=w8a8_m1
ROCKNPU GGML TRACE qkv_triple layer=15 K=2048 N=2048+256+256 kinds=4/6/4
ROCKNPU GGML TRACE qkv_stash layer=15 first=blk.15.attn_v.weight second=blk.15.attn_k.weight
ROCKNPU GGML TRACE mul_mat weight=blk.15.attn_output.weight type=q4_K M=1 K=2048 N=2048 path=w8a8_m1
ROCKNPU GGML TRACE ffn_pair first=blk.15.ffn_gate.weight second=blk.15.ffn_up.weight M=1 K=2048 N=5632+5632 kinds=4/4 path=m1_pair
ROCKNPU GGML TRACE mul_mat weight=blk.15.ffn_down.weight type=q6_K M=1 K=5632 N=2048 path=w8a8_m1
ROCKNPU GGML TRACE qkv_triple layer=16 K=2048 N=2048+256+256 kinds=4/4/4
ROCKNPU GGML TRACE qkv_stash layer=16 first=blk.16.attn_v.weight second=blk.16.attn_k.weight
ROCKNPU GGML TRACE mul_mat weight=blk.16.attn_output.weight type=q4_K M=1 K=2048 N=2048 path=w8a8_m1
ROCKNPU GGML TRACE ffn_pair first=blk.16.ffn_gate.weight second=blk.16.ffn_up.weight M=1 K=2048 N=5632+5632 kinds=4/4 path=m1_pair
ROCKNPU GGML TRACE mul_mat weight=blk.16.ffn_down.weight type=q4_K M=1 K=5632 N=2048 path=w8a8_m1
ROCKNPU GGML TRACE qkv_triple layer=17 K=2048 N=2048+256+256 kinds=4/4/4
ROCKNPU GGML TRACE qkv_stash layer=17 first=blk.17.attn_v.weight second=blk.17.attn_k.weight
ROCKNPU GGML TRACE mul_mat weight=blk.17.attn_output.weight type=q4_K M=1 K=2048 N=2048 path=w8a8_m1
ROCKNPU GGML TRACE ffn_pair first=blk.17.ffn_gate.weight second=blk.17.ffn_up.weight M=1 K=2048 N=5632+5632 kinds=4/4 path=m1_pair
ROCKNPU GGML TRACE mul_mat weight=blk.17.ffn_down.weight type=q4_K M=1 K=5632 N=2048 path=w8a8_m1
ROCKNPU GGML TRACE qkv_triple layer=18 K=2048 N=2048+256+256 kinds=4/6/4
ROCKNPU GGML TRACE qkv_stash layer=18 first=blk.18.attn_v.weight second=blk.18.attn_k.weight
ROCKNPU GGML TRACE mul_mat weight=blk.18.attn_output.weight type=q4_K M=1 K=2048 N=2048 path=w8a8_m1
ROCKNPU GGML TRACE ffn_pair first=blk.18.ffn_gate.weight second=blk.18.ffn_up.weight M=1 K=2048 N=5632+5632 kinds=4/4 path=m1_pair
ROCKNPU GGML TRACE mul_mat weight=blk.18.ffn_down.weight type=q6_K M=1 K=5632 N=2048 path=w8a8_m1
ROCKNPU GGML TRACE qkv_triple layer=19 K=2048 N=2048+256+256 kinds=4/4/4
ROCKNPU GGML TRACE qkv_stash layer=19 first=blk.19.attn_v.weight second=blk.19.attn_k.weight
ROCKNPU GGML TRACE mul_mat weight=blk.19.attn_output.weight type=q4_K M=1 K=2048 N=2048 path=w8a8_m1
ROCKNPU GGML TRACE ffn_pair first=blk.19.ffn_gate.weight second=blk.19.ffn_up.weight M=1 K=2048 N=5632+5632 kinds=4/4 path=m1_pair
ROCKNPU GGML TRACE mul_mat weight=blk.19.ffn_down.weight type=q4_K M=1 K=5632 N=2048 path=w8a8_m1
ROCKNPU GGML TRACE qkv_triple layer=20 K=2048 N=2048+256+256 kinds=4/6/4
ROCKNPU GGML TRACE qkv_stash layer=20 first=blk.20.attn_v.weight second=blk.20.attn_k.weight
ROCKNPU GGML TRACE mul_mat weight=blk.20.attn_output.weight type=q4_K M=1 K=2048 N=2048 path=w8a8_m1
ROCKNPU GGML TRACE ffn_pair first=blk.20.ffn_gate.weight second=blk.20.ffn_up.weight M=1 K=2048 N=5632+5632 kinds=4/4 path=m1_pair
ROCKNPU GGML TRACE mul_mat weight=blk.20.ffn_down.weight type=q6_K M=1 K=5632 N=2048 path=w8a8_m1
ROCKNPU GGML TRACE qkv_triple layer=21 K=2048 N=2048+256+256 kinds=4/4/4
ROCKNPU GGML TRACE qkv_stash layer=21 first=blk.21.attn_v.weight second=blk.21.attn_k.weight
ROCKNPU GGML TRACE mul_mat weight=blk.21.attn_output.weight type=q4_K M=1 K=2048 N=2048 path=w8a8_m1
ROCKNPU GGML TRACE ffn_pair first=blk.21.ffn_gate.weight second=blk.21.ffn_up.weight M=1 K=2048 N=5632+5632 kinds=4/4 path=m1_pair
ROCKNPU GGML TRACE mul_mat weight=blk.21.ffn_down.weight type=q4_K M=1 K=5632 N=2048 path=w8a8_m1
ROCKNPU GGML TRACE qkv_triple layer=0 K=2048 N=2048+256+256 kinds=4/6/4
ROCKNPU GGML TRACE qkv_stash layer=0 first=blk.0.attn_v.weight second=blk.0.attn_k.weight
ROCKNPU GGML TRACE mul_mat weight=blk.0.attn_output.weight type=q4_K M=1 K=2048 N=2048 path=w8a8_m1
ROCKNPU GGML TRACE ffn_pair first=blk.0.ffn_gate.weight second=blk.0.ffn_up.weight M=1 K=2048 N=5632+5632 kinds=4/4 path=m1_pair
ROCKNPU GGML TRACE mul_mat weight=blk.0.ffn_down.weight type=q6_K M=1 K=5632 N=2048 path=w8a8_m1
ROCKNPU GGML TRACE qkv_triple layer=1 K=2048 N=2048+256+256 kinds=4/6/4
ROCKNPU GGML TRACE qkv_stash layer=1 first=blk.1.attn_v.weight second=blk.1.attn_k.weight
ROCKNPU GGML TRACE mul_mat weight=blk.1.attn_output.weight type=q4_K M=1 K=2048 N=2048 path=w8a8_m1
ROCKNPU GGML TRACE ffn_pair first=blk.1.ffn_gate.weight second=blk.1.ffn_up.weight M=1 K=2048 N=5632+5632 kinds=4/4 path=m1_pair
ROCKNPU GGML TRACE mul_mat weight=blk.1.ffn_down.weight type=q6_K M=1 K=5632 N=2048 path=w8a8_m1
ROCKNPU GGML TRACE qkv_triple layer=2 K=2048 N=2048+256+256 kinds=4/4/4
ROCKNPU GGML TRACE qkv_stash layer=2 first=blk.2.attn_v.weight second=blk.2.attn_k.weight
ROCKNPU GGML TRACE mul_mat weight=blk.2.attn_output.weight type=q4_K M=1 K=2048 N=2048 path=w8a8_m1
ROCKNPU GGML TRACE ffn_pair first=blk.2.ffn_gate.weight second=blk.2.ffn_up.weight M=1 K=2048 N=5632+5632 kinds=4/4 path=m1_pair
ROCKNPU GGML TRACE mul_mat weight=blk.2.ffn_down.weight type=q4_K M=1 K=5632 N=2048 path=w8a8_m1
ROCKNPU GGML TRACE qkv_triple layer=3 K=2048 N=2048+256+256 kinds=4/4/4
ROCKNPU GGML TRACE qkv_stash layer=3 first=blk.3.attn_v.weight second=blk.3.attn_k.weight
ROCKNPU GGML TRACE mul_mat weight=blk.3.attn_output.weight type=q4_K M=1 K=2048 N=2048 path=w8a8_m1
ROCKNPU GGML TRACE ffn_pair first=blk.3.ffn_gate.weight second=blk.3.ffn_up.weight M=1 K=2048 N=5632+5632 kinds=4/4 path=m1_pair
ROCKNPU GGML TRACE mul_mat weight=blk.3.ffn_down.weight type=q4_K M=1 K=5632 N=2048 path=w8a8_m1
ROCKNPU GGML TRACE qkv_triple layer=4 K=2048 N=2048+256+256 kinds=4/6/4
ROCKNPU GGML TRACE qkv_stash layer=4 first=blk.4.attn_v.weight second=blk.4.attn_k.weight
ROCKNPU GGML TRACE mul_mat weight=blk.4.attn_output.weight type=q4_K M=1 K=2048 N=2048 path=w8a8_m1
ROCKNPU GGML TRACE ffn_pair first=blk.4.ffn_gate.weight second=blk.4.ffn_up.weight M=1 K=2048 N=5632+5632 kinds=4/4 path=m1_pair
ROCKNPU GGML TRACE mul_mat weight=blk.4.ffn_down.weight type=q6_K M=1 K=5632 N=2048 path=w8a8_m1
ROCKNPU GGML TRACE qkv_triple layer=5 K=2048 N=2048+256+256 kinds=4/4/4
ROCKNPU GGML TRACE qkv_stash layer=5 first=blk.5.attn_v.weight second=blk.5.attn_k.weight
ROCKNPU GGML TRACE mul_mat weight=blk.5.attn_output.weight type=q4_K M=1 K=2048 N=2048 path=w8a8_m1
ROCKNPU GGML TRACE ffn_pair first=blk.5.ffn_gate.weight second=blk.5.ffn_up.weight M=1 K=2048 N=5632+5632 kinds=4/4 path=m1_pair
ROCKNPU GGML TRACE mul_mat weight=blk.5.ffn_down.weight type=q4_K M=1 K=5632 N=2048 path=w8a8_m1
ROCKNPU GGML TRACE qkv_triple layer=6 K=2048 N=2048+256+256 kinds=4/4/4
ROCKNPU GGML TRACE qkv_stash layer=6 first=blk.6.attn_v.weight second=blk.6.attn_k.weight
ROCKNPU GGML TRACE mul_mat weight=blk.6.attn_output.weight type=q4_K M=1 K=2048 N=2048 path=w8a8_m1
ROCKNPU GGML TRACE ffn_pair first=blk.6.ffn_gate.weight second=blk.6.ffn_up.weight M=1 K=2048 N=5632+5632 kinds=4/4 path=m1_pair
ROCKNPU GGML TRACE mul_mat weight=blk.6.ffn_down.weight type=q4_K M=1 K=5632 N=2048 path=w8a8_m1
ROCKNPU GGML TRACE qkv_triple layer=7 K=2048 N=2048+256+256 kinds=4/6/4
ROCKNPU GGML TRACE qkv_stash layer=7 first=blk.7.attn_v.weight second=blk.7.attn_k.weight
ROCKNPU GGML TRACE mul_mat weight=blk.7.attn_output.weight type=q4_K M=1 K=2048 N=2048 path=w8a8_m1
ROCKNPU GGML TRACE ffn_pair first=blk.7.ffn_gate.weight second=blk.7.ffn_up.weight M=1 K=2048 N=5632+5632 kinds=4/4 path=m1_pair
ROCKNPU GGML TRACE mul_mat weight=blk.7.ffn_down.weight type=q6_K M=1 K=5632 N=2048 path=w8a8_m1
ROCKNPU GGML TRACE qkv_triple layer=8 K=2048 N=2048+256+256 kinds=4/6/4
ROCKNPU GGML TRACE qkv_stash layer=8 first=blk.8.attn_v.weight second=blk.8.attn_k.weight
ROCKNPU GGML TRACE mul_mat weight=blk.8.attn_output.weight type=q4_K M=1 K=2048 N=2048 path=w8a8_m1
ROCKNPU GGML TRACE ffn_pair first=blk.8.ffn_gate.weight second=blk.8.ffn_up.weight M=1 K=2048 N=5632+5632 kinds=4/4 path=m1_pair
ROCKNPU GGML TRACE mul_mat weight=blk.8.ffn_down.weight type=q6_K M=1 K=5632 N=2048 path=w8a8_m1
ROCKNPU GGML TRACE qkv_triple layer=9 K=2048 N=2048+256+256 kinds=4/6/4
ROCKNPU GGML TRACE qkv_stash layer=9 first=blk.9.attn_v.weight second=blk.9.attn_k.weight
ROCKNPU GGML TRACE mul_mat weight=blk.9.attn_output.weight type=q4_K M=1 K=2048 N=2048 path=w8a8_m1
ROCKNPU GGML TRACE ffn_pair first=blk.9.ffn_gate.weight second=blk.9.ffn_up.weight M=1 K=2048 N=5632+5632 kinds=4/4 path=m1_pair
ROCKNPU GGML TRACE mul_mat weight=blk.9.ffn_down.weight type=q6_K M=1 K=5632 N=2048 path=w8a8_m1
ROCKNPU GGML TRACE qkv_triple layer=10 K=2048 N=2048+256+256 kinds=4/4/4
ROCKNPU GGML TRACE qkv_stash layer=10 first=blk.10.attn_v.weight second=blk.10.attn_k.weight
ROCKNPU GGML TRACE mul_mat weight=blk.10.attn_output.weight type=q4_K M=1 K=2048 N=2048 path=w8a8_m1
ROCKNPU GGML TRACE ffn_pair first=blk.10.ffn_gate.weight second=blk.10.ffn_up.weight M=1 K=2048 N=5632+5632 kinds=4/4 path=m1_pair
ROCKNPU GGML TRACE mul_mat weight=blk.10.ffn_down.weight type=q4_K M=1 K=5632 N=2048 path=w8a8_m1
ROCKNPU GGML TRACE qkv_triple layer=11 K=2048 N=2048+256+256 kinds=4/4/4
ROCKNPU GGML TRACE qkv_stash layer=11 first=blk.11.attn_v.weight second=blk.11.attn_k.weight
ROCKNPU GGML TRACE mul_mat weight=blk.11.attn_output.weight type=q4_K M=1 K=2048 N=2048 path=w8a8_m1
ROCKNPU GGML TRACE ffn_pair first=blk.11.ffn_gate.weight second=blk.11.ffn_up.weight M=1 K=2048 N=5632+5632 kinds=4/4 path=m1_pair
ROCKNPU GGML TRACE mul_mat weight=blk.11.ffn_down.weight type=q4_K M=1 K=5632 N=2048 path=w8a8_m1
ROCKNPU GGML TRACE qkv_triple layer=12 K=2048 N=2048+256+256 kinds=4/6/4
ROCKNPU GGML TRACE qkv_stash layer=12 first=blk.12.attn_v.weight second=blk.12.attn_k.weight
ROCKNPU GGML TRACE mul_mat weight=blk.12.attn_output.weight type=q4_K M=1 K=2048 N=2048 path=w8a8_m1
ROCKNPU GGML TRACE ffn_pair first=blk.12.ffn_gate.weight second=blk.12.ffn_up.weight M=1 K=2048 N=5632+5632 kinds=4/4 path=m1_pair
ROCKNPU GGML TRACE mul_mat weight=blk.12.ffn_down.weight type=q6_K M=1 K=5632 N=2048 path=w8a8_m1
ROCKNPU GGML TRACE qkv_triple layer=13 K=2048 N=2048+256+256 kinds=4/4/4
ROCKNPU GGML TRACE qkv_stash layer=13 first=blk.13.attn_v.weight second=blk.13.attn_k.weight
ROCKNPU GGML TRACE mul_mat weight=blk.13.attn_output.weight type=q4_K M=1 K=2048 N=2048 path=w8a8_m1
ROCKNPU GGML TRACE ffn_pair first=blk.13.ffn_gate.weight second=blk.13.ffn_up.weight M=1 K=2048 N=5632+5632 kinds=4/4 path=m1_pair
ROCKNPU GGML TRACE mul_mat weight=blk.13.ffn_down.weight type=q4_K M=1 K=5632 N=2048 path=w8a8_m1
ROCKNPU GGML TRACE qkv_triple layer=14 K=2048 N=2048+256+256 kinds=4/4/4
ROCKNPU GGML TRACE qkv_stash layer=14 first=blk.14.attn_v.weight second=blk.14.attn_k.weight
ROCKNPU GGML TRACE mul_mat weight=blk.14.attn_output.weight type=q4_K M=1 K=2048 N=2048 path=w8a8_m1
ROCKNPU GGML TRACE ffn_pair first=blk.14.ffn_gate.weight second=blk.14.ffn_up.weight M=1 K=2048 N=5632+5632 kinds=4/4 path=m1_pair
ROCKNPU GGML TRACE mul_mat weight=blk.14.ffn_down.weight type=q4_K M=1 K=5632 N=2048 path=w8a8_m1
ROCKNPU GGML TRACE qkv_triple layer=15 K=2048 N=2048+256+256 kinds=4/6/4
ROCKNPU GGML TRACE qkv_stash layer=15 first=blk.15.attn_v.weight second=blk.15.attn_k.weight
ROCKNPU GGML TRACE mul_mat weight=blk.15.attn_output.weight type=q4_K M=1 K=2048 N=2048 path=w8a8_m1
ROCKNPU GGML TRACE ffn_pair first=blk.15.ffn_gate.weight second=blk.15.ffn_up.weight M=1 K=2048 N=5632+5632 kinds=4/4 path=m1_pair
ROCKNPU GGML TRACE mul_mat weight=blk.15.ffn_down.weight type=q6_K M=1 K=5632 N=2048 path=w8a8_m1
ROCKNPU GGML TRACE qkv_triple layer=16 K=2048 N=2048+256+256 kinds=4/4/4
ROCKNPU GGML TRACE qkv_stash layer=16 first=blk.16.attn_v.weight second=blk.16.attn_k.weight
ROCKNPU GGML TRACE mul_mat weight=blk.16.attn_output.weight type=q4_K M=1 K=2048 N=2048 path=w8a8_m1
ROCKNPU GGML TRACE ffn_pair first=blk.16.ffn_gate.weight second=blk.16.ffn_up.weight M=1 K=2048 N=5632+5632 kinds=4/4 path=m1_pair
ROCKNPU GGML TRACE mul_mat weight=blk.16.ffn_down.weight type=q4_K M=1 K=5632 N=2048 path=w8a8_m1
ROCKNPU GGML TRACE qkv_triple layer=17 K=2048 N=2048+256+256 kinds=4/4/4
ROCKNPU GGML TRACE qkv_stash layer=17 first=blk.17.attn_v.weight second=blk.17.attn_k.weight
ROCKNPU GGML TRACE mul_mat weight=blk.17.attn_output.weight type=q4_K M=1 K=2048 N=2048 path=w8a8_m1
ROCKNPU GGML TRACE ffn_pair first=blk.17.ffn_gate.weight second=blk.17.ffn_up.weight M=1 K=2048 N=5632+5632 kinds=4/4 path=m1_pair
ROCKNPU GGML TRACE mul_mat weight=blk.17.ffn_down.weight type=q4_K M=1 K=5632 N=2048 path=w8a8_m1
ROCKNPU GGML TRACE qkv_triple layer=18 K=2048 N=2048+256+256 kinds=4/6/4
ROCKNPU GGML TRACE qkv_stash layer=18 first=blk.18.attn_v.weight second=blk.18.attn_k.weight
ROCKNPU GGML TRACE mul_mat weight=blk.18.attn_output.weight type=q4_K M=1 K=2048 N=2048 path=w8a8_m1
ROCKNPU GGML TRACE ffn_pair first=blk.18.ffn_gate.weight second=blk.18.ffn_up.weight M=1 K=2048 N=5632+5632 kinds=4/4 path=m1_pair
ROCKNPU GGML TRACE mul_mat weight=blk.18.ffn_down.weight type=q6_K M=1 K=5632 N=2048 path=w8a8_m1
ROCKNPU GGML TRACE qkv_triple layer=19 K=2048 N=2048+256+256 kinds=4/4/4
ROCKNPU GGML TRACE qkv_stash layer=19 first=blk.19.attn_v.weight second=blk.19.attn_k.weight
ROCKNPU GGML TRACE mul_mat weight=blk.19.attn_output.weight type=q4_K M=1 K=2048 N=2048 path=w8a8_m1
ROCKNPU GGML TRACE ffn_pair first=blk.19.ffn_gate.weight second=blk.19.ffn_up.weight M=1 K=2048 N=5632+5632 kinds=4/4 path=m1_pair
ROCKNPU GGML TRACE mul_mat weight=blk.19.ffn_down.weight type=q4_K M=1 K=5632 N=2048 path=w8a8_m1
ROCKNPU GGML TRACE qkv_triple layer=20 K=2048 N=2048+256+256 kinds=4/6/4
ROCKNPU GGML TRACE qkv_stash layer=20 first=blk.20.attn_v.weight second=blk.20.attn_k.weight
ROCKNPU GGML TRACE mul_mat weight=blk.20.attn_output.weight type=q4_K M=1 K=2048 N=2048 path=w8a8_m1
ROCKNPU GGML TRACE ffn_pair first=blk.20.ffn_gate.weight second=blk.20.ffn_up.weight M=1 K=2048 N=5632+5632 kinds=4/4 path=m1_pair
ROCKNPU GGML TRACE mul_mat weight=blk.20.ffn_down.weight type=q6_K M=1 K=5632 N=2048 path=w8a8_m1
ROCKNPU GGML TRACE qkv_triple layer=21 K=2048 N=2048+256+256 kinds=4/4/4
ROCKNPU GGML TRACE qkv_stash layer=21 first=blk.21.attn_v.weight second=blk.21.attn_k.weight
ROCKNPU GGML TRACE mul_mat weight=blk.21.attn_output.weight type=q4_K M=1 K=2048 N=2048 path=w8a8_m1
ROCKNPU GGML TRACE ffn_pair first=blk.21.ffn_gate.weight second=blk.21.ffn_up.weight M=1 K=2048 N=5632+5632 kinds=4/4 path=m1_pair
ROCKNPU GGML TRACE mul_mat weight=blk.21.ffn_down.weight type=q4_K M=1 K=5632 N=2048 path=w8a8_m1
ROCKNPU GGML TRACE qkv_triple layer=0 K=2048 N=2048+256+256 kinds=4/6/4
ROCKNPU GGML TRACE qkv_stash layer=0 first=blk.0.attn_v.weight second=blk.0.attn_k.weight
ROCKNPU GGML TRACE mul_mat weight=blk.0.attn_output.weight type=q4_K M=1 K=2048 N=2048 path=w8a8_m1
ROCKNPU GGML TRACE ffn_pair first=blk.0.ffn_gate.weight second=blk.0.ffn_up.weight M=1 K=2048 N=5632+5632 kinds=4/4 path=m1_pair
ROCKNPU GGML TRACE mul_mat weight=blk.0.ffn_down.weight type=q6_K M=1 K=5632 N=2048 path=w8a8_m1
ROCKNPU GGML TRACE qkv_triple layer=1 K=2048 N=2048+256+256 kinds=4/6/4
ROCKNPU GGML TRACE qkv_stash layer=1 first=blk.1.attn_v.weight second=blk.1.attn_k.weight
ROCKNPU GGML TRACE mul_mat weight=blk.1.attn_output.weight type=q4_K M=1 K=2048 N=2048 path=w8a8_m1
ROCKNPU GGML TRACE ffn_pair first=blk.1.ffn_gate.weight second=blk.1.ffn_up.weight M=1 K=2048 N=5632+5632 kinds=4/4 path=m1_pair
ROCKNPU GGML TRACE mul_mat weight=blk.1.ffn_down.weight type=q6_K M=1 K=5632 N=2048 path=w8a8_m1
ROCKNPU GGML TRACE qkv_triple layer=2 K=2048 N=2048+256+256 kinds=4/4/4
ROCKNPU GGML TRACE qkv_stash layer=2 first=blk.2.attn_v.weight second=blk.2.attn_k.weight
ROCKNPU GGML TRACE mul_mat weight=blk.2.attn_output.weight type=q4_K M=1 K=2048 N=2048 path=w8a8_m1
ROCKNPU GGML TRACE ffn_pair first=blk.2.ffn_gate.weight second=blk.2.ffn_up.weight M=1 K=2048 N=5632+5632 kinds=4/4 path=m1_pair
ROCKNPU GGML TRACE mul_mat weight=blk.2.ffn_down.weight type=q4_K M=1 K=5632 N=2048 path=w8a8_m1
ROCKNPU GGML TRACE qkv_triple layer=3 K=2048 N=2048+256+256 kinds=4/4/4
ROCKNPU GGML TRACE qkv_stash layer=3 first=blk.3.attn_v.weight second=blk.3.attn_k.weight
ROCKNPU GGML TRACE mul_mat weight=blk.3.attn_output.weight type=q4_K M=1 K=2048 N=2048 path=w8a8_m1
ROCKNPU GGML TRACE ffn_pair first=blk.3.ffn_gate.weight second=blk.3.ffn_up.weight M=1 K=2048 N=5632+5632 kinds=4/4 path=m1_pair
ROCKNPU GGML TRACE mul_mat weight=blk.3.ffn_down.weight type=q4_K M=1 K=5632 N=2048 path=w8a8_m1
ROCKNPU GGML TRACE qkv_triple layer=4 K=2048 N=2048+256+256 kinds=4/6/4
ROCKNPU GGML TRACE qkv_stash layer=4 first=blk.4.attn_v.weight second=blk.4.attn_k.weight
ROCKNPU GGML TRACE mul_mat weight=blk.4.attn_output.weight type=q4_K M=1 K=2048 N=2048 path=w8a8_m1
ROCKNPU GGML TRACE ffn_pair first=blk.4.ffn_gate.weight second=blk.4.ffn_up.weight M=1 K=2048 N=5632+5632 kinds=4/4 path=m1_pair
ROCKNPU GGML TRACE mul_mat weight=blk.4.ffn_down.weight type=q6_K M=1 K=5632 N=2048 path=w8a8_m1
ROCKNPU GGML TRACE qkv_triple layer=5 K=2048 N=2048+256+256 kinds=4/4/4
ROCKNPU GGML TRACE qkv_stash layer=5 first=blk.5.attn_v.weight second=blk.5.attn_k.weight
ROCKNPU GGML TRACE mul_mat weight=blk.5.attn_output.weight type=q4_K M=1 K=2048 N=2048 path=w8a8_m1
ROCKNPU GGML TRACE ffn_pair first=blk.5.ffn_gate.weight second=blk.5.ffn_up.weight M=1 K=2048 N=5632+5632 kinds=4/4 path=m1_pair
ROCKNPU GGML TRACE mul_mat weight=blk.5.ffn_down.weight type=q4_K M=1 K=5632 N=2048 path=w8a8_m1
ROCKNPU GGML TRACE qkv_triple layer=6 K=2048 N=2048+256+256 kinds=4/4/4
ROCKNPU GGML TRACE qkv_stash layer=6 first=blk.6.attn_v.weight second=blk.6.attn_k.weight
ROCKNPU GGML TRACE mul_mat weight=blk.6.attn_output.weight type=q4_K M=1 K=2048 N=2048 path=w8a8_m1
ROCKNPU GGML TRACE ffn_pair first=blk.6.ffn_gate.weight second=blk.6.ffn_up.weight M=1 K=2048 N=5632+5632 kinds=4/4 path=m1_pair
ROCKNPU GGML TRACE mul_mat weight=blk.6.ffn_down.weight type=q4_K M=1 K=5632 N=2048 path=w8a8_m1
ROCKNPU GGML TRACE qkv_triple layer=7 K=2048 N=2048+256+256 kinds=4/6/4
ROCKNPU GGML TRACE qkv_stash layer=7 first=blk.7.attn_v.weight second=blk.7.attn_k.weight
ROCKNPU GGML TRACE mul_mat weight=blk.7.attn_output.weight type=q4_K M=1 K=2048 N=2048 path=w8a8_m1
ROCKNPU GGML TRACE ffn_pair first=blk.7.ffn_gate.weight second=blk.7.ffn_up.weight M=1 K=2048 N=5632+5632 kinds=4/4 path=m1_pair
ROCKNPU GGML TRACE mul_mat weight=blk.7.ffn_down.weight type=q6_K M=1 K=5632 N=2048 path=w8a8_m1
ROCKNPU GGML TRACE qkv_triple layer=8 K=2048 N=2048+256+256 kinds=4/6/4
ROCKNPU GGML TRACE qkv_stash layer=8 first=blk.8.attn_v.weight second=blk.8.attn_k.weight
ROCKNPU GGML TRACE mul_mat weight=blk.8.attn_output.weight type=q4_K M=1 K=2048 N=2048 path=w8a8_m1
ROCKNPU GGML TRACE ffn_pair first=blk.8.ffn_gate.weight second=blk.8.ffn_up.weight M=1 K=2048 N=5632+5632 kinds=4/4 path=m1_pair
ROCKNPU GGML TRACE mul_mat weight=blk.8.ffn_down.weight type=q6_K M=1 K=5632 N=2048 path=w8a8_m1
ROCKNPU GGML TRACE qkv_triple layer=9 K=2048 N=2048+256+256 kinds=4/6/4
ROCKNPU GGML TRACE qkv_stash layer=9 first=blk.9.attn_v.weight second=blk.9.attn_k.weight
ROCKNPU GGML TRACE mul_mat weight=blk.9.attn_output.weight type=q4_K M=1 K=2048 N=2048 path=w8a8_m1
ROCKNPU GGML TRACE ffn_pair first=blk.9.ffn_gate.weight second=blk.9.ffn_up.weight M=1 K=2048 N=5632+5632 kinds=4/4 path=m1_pair
ROCKNPU GGML TRACE mul_mat weight=blk.9.ffn_down.weight type=q6_K M=1 K=5632 N=2048 path=w8a8_m1
ROCKNPU GGML TRACE qkv_triple layer=10 K=2048 N=2048+256+256 kinds=4/4/4
ROCKNPU GGML TRACE qkv_stash layer=10 first=blk.10.attn_v.weight second=blk.10.attn_k.weight
ROCKNPU GGML TRACE mul_mat weight=blk.10.attn_output.weight type=q4_K M=1 K=2048 N=2048 path=w8a8_m1
ROCKNPU GGML TRACE ffn_pair first=blk.10.ffn_gate.weight second=blk.10.ffn_up.weight M=1 K=2048 N=5632+5632 kinds=4/4 path=m1_pair
ROCKNPU GGML TRACE mul_mat weight=blk.10.ffn_down.weight type=q4_K M=1 K=5632 N=2048 path=w8a8_m1
ROCKNPU GGML TRACE qkv_triple layer=11 K=2048 N=2048+256+256 kinds=4/4/4
ROCKNPU GGML TRACE qkv_stash layer=11 first=blk.11.attn_v.weight second=blk.11.attn_k.weight
ROCKNPU GGML TRACE mul_mat weight=blk.11.attn_output.weight type=q4_K M=1 K=2048 N=2048 path=w8a8_m1
ROCKNPU GGML TRACE ffn_pair first=blk.11.ffn_gate.weight second=blk.11.ffn_up.weight M=1 K=2048 N=5632+5632 kinds=4/4 path=m1_pair
ROCKNPU GGML TRACE mul_mat weight=blk.11.ffn_down.weight type=q4_K M=1 K=5632 N=2048 path=w8a8_m1
ROCKNPU GGML TRACE qkv_triple layer=12 K=2048 N=2048+256+256 kinds=4/6/4
ROCKNPU GGML TRACE qkv_stash layer=12 first=blk.12.attn_v.weight second=blk.12.attn_k.weight
ROCKNPU GGML TRACE mul_mat weight=blk.12.attn_output.weight type=q4_K M=1 K=2048 N=2048 path=w8a8_m1
ROCKNPU GGML TRACE ffn_pair first=blk.12.ffn_gate.weight second=blk.12.ffn_up.weight M=1 K=2048 N=5632+5632 kinds=4/4 path=m1_pair
ROCKNPU GGML TRACE mul_mat weight=blk.12.ffn_down.weight type=q6_K M=1 K=5632 N=2048 path=w8a8_m1
ROCKNPU GGML TRACE qkv_triple layer=13 K=2048 N=2048+256+256 kinds=4/4/4
ROCKNPU GGML TRACE qkv_stash layer=13 first=blk.13.attn_v.weight second=blk.13.attn_k.weight
ROCKNPU GGML TRACE mul_mat weight=blk.13.attn_output.weight type=q4_K M=1 K=2048 N=2048 path=w8a8_m1
ROCKNPU GGML TRACE ffn_pair first=blk.13.ffn_gate.weight second=blk.13.ffn_up.weight M=1 K=2048 N=5632+5632 kinds=4/4 path=m1_pair
ROCKNPU GGML TRACE mul_mat weight=blk.13.ffn_down.weight type=q4_K M=1 K=5632 N=2048 path=w8a8_m1
ROCKNPU GGML TRACE qkv_triple layer=14 K=2048 N=2048+256+256 kinds=4/4/4
ROCKNPU GGML TRACE qkv_stash layer=14 first=blk.14.attn_v.weight second=blk.14.attn_k.weight
ROCKNPU GGML TRACE mul_mat weight=blk.14.attn_output.weight type=q4_K M=1 K=2048 N=2048 path=w8a8_m1
ROCKNPU GGML TRACE ffn_pair first=blk.14.ffn_gate.weight second=blk.14.ffn_up.weight M=1 K=2048 N=5632+5632 kinds=4/4 path=m1_pair
ROCKNPU GGML TRACE mul_mat weight=blk.14.ffn_down.weight type=q4_K M=1 K=5632 N=2048 path=w8a8_m1
ROCKNPU GGML TRACE qkv_triple layer=15 K=2048 N=2048+256+256 kinds=4/6/4
ROCKNPU GGML TRACE qkv_stash layer=15 first=blk.15.attn_v.weight second=blk.15.attn_k.weight
ROCKNPU GGML TRACE mul_mat weight=blk.15.attn_output.weight type=q4_K M=1 K=2048 N=2048 path=w8a8_m1
ROCKNPU GGML TRACE ffn_pair first=blk.15.ffn_gate.weight second=blk.15.ffn_up.weight M=1 K=2048 N=5632+5632 kinds=4/4 path=m1_pair
ROCKNPU GGML TRACE mul_mat weight=blk.15.ffn_down.weight type=q6_K M=1 K=5632 N=2048 path=w8a8_m1
ROCKNPU GGML TRACE qkv_triple layer=16 K=2048 N=2048+256+256 kinds=4/4/4
ROCKNPU GGML TRACE qkv_stash layer=16 first=blk.16.attn_v.weight second=blk.16.attn_k.weight
ROCKNPU GGML TRACE mul_mat weight=blk.16.attn_output.weight type=q4_K M=1 K=2048 N=2048 path=w8a8_m1
ROCKNPU GGML TRACE ffn_pair first=blk.16.ffn_gate.weight second=blk.16.ffn_up.weight M=1 K=2048 N=5632+5632 kinds=4/4 path=m1_pair
ROCKNPU GGML TRACE mul_mat weight=blk.16.ffn_down.weight type=q4_K M=1 K=5632 N=2048 path=w8a8_m1
ROCKNPU GGML TRACE qkv_triple layer=17 K=2048 N=2048+256+256 kinds=4/4/4
ROCKNPU GGML TRACE qkv_stash layer=17 first=blk.17.attn_v.weight second=blk.17.attn_k.weight
ROCKNPU GGML TRACE mul_mat weight=blk.17.attn_output.weight type=q4_K M=1 K=2048 N=2048 path=w8a8_m1
ROCKNPU GGML TRACE ffn_pair first=blk.17.ffn_gate.weight second=blk.17.ffn_up.weight M=1 K=2048 N=5632+5632 kinds=4/4 path=m1_pair
ROCKNPU GGML TRACE mul_mat weight=blk.17.ffn_down.weight type=q4_K M=1 K=5632 N=2048 path=w8a8_m1
ROCKNPU GGML TRACE qkv_triple layer=18 K=2048 N=2048+256+256 kinds=4/6/4
ROCKNPU GGML TRACE qkv_stash layer=18 first=blk.18.attn_v.weight second=blk.18.attn_k.weight
ROCKNPU GGML TRACE mul_mat weight=blk.18.attn_output.weight type=q4_K M=1 K=2048 N=2048 path=w8a8_m1
ROCKNPU GGML TRACE ffn_pair first=blk.18.ffn_gate.weight second=blk.18.ffn_up.weight M=1 K=2048 N=5632+5632 kinds=4/4 path=m1_pair
ROCKNPU GGML TRACE mul_mat weight=blk.18.ffn_down.weight type=q6_K M=1 K=5632 N=2048 path=w8a8_m1
ROCKNPU GGML TRACE qkv_triple layer=19 K=2048 N=2048+256+256 kinds=4/4/4
ROCKNPU GGML TRACE qkv_stash layer=19 first=blk.19.attn_v.weight second=blk.19.attn_k.weight
ROCKNPU GGML TRACE mul_mat weight=blk.19.attn_output.weight type=q4_K M=1 K=2048 N=2048 path=w8a8_m1
ROCKNPU GGML TRACE ffn_pair first=blk.19.ffn_gate.weight second=blk.19.ffn_up.weight M=1 K=2048 N=5632+5632 kinds=4/4 path=m1_pair
ROCKNPU GGML TRACE mul_mat weight=blk.19.ffn_down.weight type=q4_K M=1 K=5632 N=2048 path=w8a8_m1
ROCKNPU GGML TRACE qkv_triple layer=20 K=2048 N=2048+256+256 kinds=4/6/4
ROCKNPU GGML TRACE qkv_stash layer=20 first=blk.20.attn_v.weight second=blk.20.attn_k.weight
ROCKNPU GGML TRACE mul_mat weight=blk.20.attn_output.weight type=q4_K M=1 K=2048 N=2048 path=w8a8_m1
ROCKNPU GGML TRACE ffn_pair first=blk.20.ffn_gate.weight second=blk.20.ffn_up.weight M=1 K=2048 N=5632+5632 kinds=4/4 path=m1_pair
ROCKNPU GGML TRACE mul_mat weight=blk.20.ffn_down.weight type=q6_K M=1 K=5632 N=2048 path=w8a8_m1
ROCKNPU GGML TRACE qkv_triple layer=21 K=2048 N=2048+256+256 kinds=4/4/4
ROCKNPU GGML TRACE qkv_stash layer=21 first=blk.21.attn_v.weight second=blk.21.attn_k.weight
ROCKNPU GGML TRACE mul_mat weight=blk.21.attn_output.weight type=q4_K M=1 K=2048 N=2048 path=w8a8_m1
ROCKNPU GGML TRACE ffn_pair first=blk.21.ffn_gate.weight second=blk.21.ffn_up.weight M=1 K=2048 N=5632+5632 kinds=4/4 path=m1_pair
ROCKNPU GGML TRACE mul_mat weight=blk.21.ffn_down.weight type=q4_K M=1 K=5632 N=2048 path=w8a8_m1
ROCKNPU GGML TRACE qkv_triple layer=0 K=2048 N=2048+256+256 kinds=4/6/4
ROCKNPU GGML TRACE qkv_stash layer=0 first=blk.0.attn_v.weight second=blk.0.attn_k.weight
ROCKNPU GGML TRACE mul_mat weight=blk.0.attn_output.weight type=q4_K M=1 K=2048 N=2048 path=w8a8_m1
ROCKNPU GGML TRACE ffn_pair first=blk.0.ffn_gate.weight second=blk.0.ffn_up.weight M=1 K=2048 N=5632+5632 kinds=4/4 path=m1_pair
ROCKNPU GGML TRACE mul_mat weight=blk.0.ffn_down.weight type=q6_K M=1 K=5632 N=2048 path=w8a8_m1
ROCKNPU GGML TRACE qkv_triple layer=1 K=2048 N=2048+256+256 kinds=4/6/4
ROCKNPU GGML TRACE qkv_stash layer=1 first=blk.1.attn_v.weight second=blk.1.attn_k.weight
ROCKNPU GGML TRACE mul_mat weight=blk.1.attn_output.weight type=q4_K M=1 K=2048 N=2048 path=w8a8_m1
ROCKNPU GGML TRACE ffn_pair first=blk.1.ffn_gate.weight second=blk.1.ffn_up.weight M=1 K=2048 N=5632+5632 kinds=4/4 path=m1_pair
ROCKNPU GGML TRACE mul_mat weight=blk.1.ffn_down.weight type=q6_K M=1 K=5632 N=2048 path=w8a8_m1
ROCKNPU GGML TRACE qkv_triple layer=2 K=2048 N=2048+256+256 kinds=4/4/4
ROCKNPU GGML TRACE qkv_stash layer=2 first=blk.2.attn_v.weight second=blk.2.attn_k.weight
ROCKNPU GGML TRACE mul_mat weight=blk.2.attn_output.weight type=q4_K M=1 K=2048 N=2048 path=w8a8_m1
ROCKNPU GGML TRACE ffn_pair first=blk.2.ffn_gate.weight second=blk.2.ffn_up.weight M=1 K=2048 N=5632+5632 kinds=4/4 path=m1_pair
ROCKNPU GGML TRACE mul_mat weight=blk.2.ffn_down.weight type=q4_K M=1 K=5632 N=2048 path=w8a8_m1
ROCKNPU GGML TRACE qkv_triple layer=3 K=2048 N=2048+256+256 kinds=4/4/4
ROCKNPU GGML TRACE qkv_stash layer=3 first=blk.3.attn_v.weight second=blk.3.attn_k.weight
ROCKNPU GGML TRACE mul_mat weight=blk.3.attn_output.weight type=q4_K M=1 K=2048 N=2048 path=w8a8_m1
ROCKNPU GGML TRACE ffn_pair first=blk.3.ffn_gate.weight second=blk.3.ffn_up.weight M=1 K=2048 N=5632+5632 kinds=4/4 path=m1_pair
ROCKNPU GGML TRACE mul_mat weight=blk.3.ffn_down.weight type=q4_K M=1 K=5632 N=2048 path=w8a8_m1
ROCKNPU GGML TRACE qkv_triple layer=4 K=2048 N=2048+256+256 kinds=4/6/4
ROCKNPU GGML TRACE qkv_stash layer=4 first=blk.4.attn_v.weight second=blk.4.attn_k.weight
ROCKNPU GGML TRACE mul_mat weight=blk.4.attn_output.weight type=q4_K M=1 K=2048 N=2048 path=w8a8_m1
ROCKNPU GGML TRACE ffn_pair first=blk.4.ffn_gate.weight second=blk.4.ffn_up.weight M=1 K=2048 N=5632+5632 kinds=4/4 path=m1_pair
ROCKNPU GGML TRACE mul_mat weight=blk.4.ffn_down.weight type=q6_K M=1 K=5632 N=2048 path=w8a8_m1
ROCKNPU GGML TRACE qkv_triple layer=5 K=2048 N=2048+256+256 kinds=4/4/4
ROCKNPU GGML TRACE qkv_stash layer=5 first=blk.5.attn_v.weight second=blk.5.attn_k.weight
ROCKNPU GGML TRACE mul_mat weight=blk.5.attn_output.weight type=q4_K M=1 K=2048 N=2048 path=w8a8_m1
ROCKNPU GGML TRACE ffn_pair first=blk.5.ffn_gate.weight second=blk.5.ffn_up.weight M=1 K=2048 N=5632+5632 kinds=4/4 path=m1_pair
ROCKNPU GGML TRACE mul_mat weight=blk.5.ffn_down.weight type=q4_K M=1 K=5632 N=2048 path=w8a8_m1
ROCKNPU GGML TRACE qkv_triple layer=6 K=2048 N=2048+256+256 kinds=4/4/4
ROCKNPU GGML TRACE qkv_stash layer=6 first=blk.6.attn_v.weight second=blk.6.attn_k.weight
ROCKNPU GGML TRACE mul_mat weight=blk.6.attn_output.weight type=q4_K M=1 K=2048 N=2048 path=w8a8_m1
ROCKNPU GGML TRACE ffn_pair first=blk.6.ffn_gate.weight second=blk.6.ffn_up.weight M=1 K=2048 N=5632+5632 kinds=4/4 path=m1_pair
ROCKNPU GGML TRACE mul_mat weight=blk.6.ffn_down.weight type=q4_K M=1 K=5632 N=2048 path=w8a8_m1
ROCKNPU GGML TRACE qkv_triple layer=7 K=2048 N=2048+256+256 kinds=4/6/4
ROCKNPU GGML TRACE qkv_stash layer=7 first=blk.7.attn_v.weight second=blk.7.attn_k.weight
ROCKNPU GGML TRACE mul_mat weight=blk.7.attn_output.weight type=q4_K M=1 K=2048 N=2048 path=w8a8_m1
ROCKNPU GGML TRACE ffn_pair first=blk.7.ffn_gate.weight second=blk.7.ffn_up.weight M=1 K=2048 N=5632+5632 kinds=4/4 path=m1_pair
ROCKNPU GGML TRACE mul_mat weight=blk.7.ffn_down.weight type=q6_K M=1 K=5632 N=2048 path=w8a8_m1
ROCKNPU GGML TRACE qkv_triple layer=8 K=2048 N=2048+256+256 kinds=4/6/4
ROCKNPU GGML TRACE qkv_stash layer=8 first=blk.8.attn_v.weight second=blk.8.attn_k.weight
ROCKNPU GGML TRACE mul_mat weight=blk.8.attn_output.weight type=q4_K M=1 K=2048 N=2048 path=w8a8_m1
ROCKNPU GGML TRACE ffn_pair first=blk.8.ffn_gate.weight second=blk.8.ffn_up.weight M=1 K=2048 N=5632+5632 kinds=4/4 path=m1_pair
ROCKNPU GGML TRACE mul_mat weight=blk.8.ffn_down.weight type=q6_K M=1 K=5632 N=2048 path=w8a8_m1
ROCKNPU GGML TRACE qkv_triple layer=9 K=2048 N=2048+256+256 kinds=4/6/4
ROCKNPU GGML TRACE qkv_stash layer=9 first=blk.9.attn_v.weight second=blk.9.attn_k.weight
ROCKNPU GGML TRACE mul_mat weight=blk.9.attn_output.weight type=q4_K M=1 K=2048 N=2048 path=w8a8_m1
ROCKNPU GGML TRACE ffn_pair first=blk.9.ffn_gate.weight second=blk.9.ffn_up.weight M=1 K=2048 N=5632+5632 kinds=4/4 path=m1_pair
ROCKNPU GGML TRACE mul_mat weight=blk.9.ffn_down.weight type=q6_K M=1 K=5632 N=2048 path=w8a8_m1
ROCKNPU GGML TRACE qkv_triple layer=10 K=2048 N=2048+256+256 kinds=4/4/4
ROCKNPU GGML TRACE qkv_stash layer=10 first=blk.10.attn_v.weight second=blk.10.attn_k.weight
ROCKNPU GGML TRACE mul_mat weight=blk.10.attn_output.weight type=q4_K M=1 K=2048 N=2048 path=w8a8_m1
ROCKNPU GGML TRACE ffn_pair first=blk.10.ffn_gate.weight second=blk.10.ffn_up.weight M=1 K=2048 N=5632+5632 kinds=4/4 path=m1_pair
ROCKNPU GGML TRACE mul_mat weight=blk.10.ffn_down.weight type=q4_K M=1 K=5632 N=2048 path=w8a8_m1
ROCKNPU GGML TRACE qkv_triple layer=11 K=2048 N=2048+256+256 kinds=4/4/4
ROCKNPU GGML TRACE qkv_stash layer=11 first=blk.11.attn_v.weight second=blk.11.attn_k.weight
ROCKNPU GGML TRACE mul_mat weight=blk.11.attn_output.weight type=q4_K M=1 K=2048 N=2048 path=w8a8_m1
ROCKNPU GGML TRACE ffn_pair first=blk.11.ffn_gate.weight second=blk.11.ffn_up.weight M=1 K=2048 N=5632+5632 kinds=4/4 path=m1_pair
ROCKNPU GGML TRACE mul_mat weight=blk.11.ffn_down.weight type=q4_K M=1 K=5632 N=2048 path=w8a8_m1
ROCKNPU GGML TRACE qkv_triple layer=12 K=2048 N=2048+256+256 kinds=4/6/4
ROCKNPU GGML TRACE qkv_stash layer=12 first=blk.12.attn_v.weight second=blk.12.attn_k.weight
ROCKNPU GGML TRACE mul_mat weight=blk.12.attn_output.weight type=q4_K M=1 K=2048 N=2048 path=w8a8_m1
ROCKNPU GGML TRACE ffn_pair first=blk.12.ffn_gate.weight second=blk.12.ffn_up.weight M=1 K=2048 N=5632+5632 kinds=4/4 path=m1_pair
ROCKNPU GGML TRACE mul_mat weight=blk.12.ffn_down.weight type=q6_K M=1 K=5632 N=2048 path=w8a8_m1
ROCKNPU GGML TRACE qkv_triple layer=13 K=2048 N=2048+256+256 kinds=4/4/4
ROCKNPU GGML TRACE qkv_stash layer=13 first=blk.13.attn_v.weight second=blk.13.attn_k.weight
ROCKNPU GGML TRACE mul_mat weight=blk.13.attn_output.weight type=q4_K M=1 K=2048 N=2048 path=w8a8_m1
ROCKNPU GGML TRACE ffn_pair first=blk.13.ffn_gate.weight second=blk.13.ffn_up.weight M=1 K=2048 N=5632+5632 kinds=4/4 path=m1_pair
ROCKNPU GGML TRACE mul_mat weight=blk.13.ffn_down.weight type=q4_K M=1 K=5632 N=2048 path=w8a8_m1
ROCKNPU GGML TRACE qkv_triple layer=14 K=2048 N=2048+256+256 kinds=4/4/4
ROCKNPU GGML TRACE qkv_stash layer=14 first=blk.14.attn_v.weight second=blk.14.attn_k.weight
ROCKNPU GGML TRACE mul_mat weight=blk.14.attn_output.weight type=q4_K M=1 K=2048 N=2048 path=w8a8_m1
ROCKNPU GGML TRACE ffn_pair first=blk.14.ffn_gate.weight second=blk.14.ffn_up.weight M=1 K=2048 N=5632+5632 kinds=4/4 path=m1_pair
ROCKNPU GGML TRACE mul_mat weight=blk.14.ffn_down.weight type=q4_K M=1 K=5632 N=2048 path=w8a8_m1
ROCKNPU GGML TRACE qkv_triple layer=15 K=2048 N=2048+256+256 kinds=4/6/4
ROCKNPU GGML TRACE qkv_stash layer=15 first=blk.15.attn_v.weight second=blk.15.attn_k.weight
ROCKNPU GGML TRACE mul_mat weight=blk.15.attn_output.weight type=q4_K M=1 K=2048 N=2048 path=w8a8_m1
ROCKNPU GGML TRACE ffn_pair first=blk.15.ffn_gate.weight second=blk.15.ffn_up.weight M=1 K=2048 N=5632+5632 kinds=4/4 path=m1_pair
ROCKNPU GGML TRACE mul_mat weight=blk.15.ffn_down.weight type=q6_K M=1 K=5632 N=2048 path=w8a8_m1
ROCKNPU GGML TRACE qkv_triple layer=16 K=2048 N=2048+256+256 kinds=4/4/4
ROCKNPU GGML TRACE qkv_stash layer=16 first=blk.16.attn_v.weight second=blk.16.attn_k.weight
ROCKNPU GGML TRACE mul_mat weight=blk.16.attn_output.weight type=q4_K M=1 K=2048 N=2048 path=w8a8_m1
ROCKNPU GGML TRACE ffn_pair first=blk.16.ffn_gate.weight second=blk.16.ffn_up.weight M=1 K=2048 N=5632+5632 kinds=4/4 path=m1_pair
ROCKNPU GGML TRACE mul_mat weight=blk.16.ffn_down.weight type=q4_K M=1 K=5632 N=2048 path=w8a8_m1
ROCKNPU GGML TRACE qkv_triple layer=17 K=2048 N=2048+256+256 kinds=4/4/4
ROCKNPU GGML TRACE qkv_stash layer=17 first=blk.17.attn_v.weight second=blk.17.attn_k.weight
ROCKNPU GGML TRACE mul_mat weight=blk.17.attn_output.weight type=q4_K M=1 K=2048 N=2048 path=w8a8_m1
ROCKNPU GGML TRACE ffn_pair first=blk.17.ffn_gate.weight second=blk.17.ffn_up.weight M=1 K=2048 N=5632+5632 kinds=4/4 path=m1_pair
ROCKNPU GGML TRACE mul_mat weight=blk.17.ffn_down.weight type=q4_K M=1 K=5632 N=2048 path=w8a8_m1
ROCKNPU GGML TRACE qkv_triple layer=18 K=2048 N=2048+256+256 kinds=4/6/4
ROCKNPU GGML TRACE qkv_stash layer=18 first=blk.18.attn_v.weight second=blk.18.attn_k.weight
ROCKNPU GGML TRACE mul_mat weight=blk.18.attn_output.weight type=q4_K M=1 K=2048 N=2048 path=w8a8_m1
ROCKNPU GGML TRACE ffn_pair first=blk.18.ffn_gate.weight second=blk.18.ffn_up.weight M=1 K=2048 N=5632+5632 kinds=4/4 path=m1_pair
ROCKNPU GGML TRACE mul_mat weight=blk.18.ffn_down.weight type=q6_K M=1 K=5632 N=2048 path=w8a8_m1
ROCKNPU GGML TRACE qkv_triple layer=19 K=2048 N=2048+256+256 kinds=4/4/4
ROCKNPU GGML TRACE qkv_stash layer=19 first=blk.19.attn_v.weight second=blk.19.attn_k.weight
ROCKNPU GGML TRACE mul_mat weight=blk.19.attn_output.weight type=q4_K M=1 K=2048 N=2048 path=w8a8_m1
ROCKNPU GGML TRACE ffn_pair first=blk.19.ffn_gate.weight second=blk.19.ffn_up.weight M=1 K=2048 N=5632+5632 kinds=4/4 path=m1_pair
ROCKNPU GGML TRACE mul_mat weight=blk.19.ffn_down.weight type=q4_K M=1 K=5632 N=2048 path=w8a8_m1
ROCKNPU GGML TRACE qkv_triple layer=20 K=2048 N=2048+256+256 kinds=4/6/4
ROCKNPU GGML TRACE qkv_stash layer=20 first=blk.20.attn_v.weight second=blk.20.attn_k.weight
ROCKNPU GGML TRACE mul_mat weight=blk.20.attn_output.weight type=q4_K M=1 K=2048 N=2048 path=w8a8_m1
ROCKNPU GGML TRACE ffn_pair first=blk.20.ffn_gate.weight second=blk.20.ffn_up.weight M=1 K=2048 N=5632+5632 kinds=4/4 path=m1_pair
ROCKNPU GGML TRACE mul_mat weight=blk.20.ffn_down.weight type=q6_K M=1 K=5632 N=2048 path=w8a8_m1
ROCKNPU GGML TRACE qkv_triple layer=21 K=2048 N=2048+256+256 kinds=4/4/4
ROCKNPU GGML TRACE qkv_stash layer=21 first=blk.21.attn_v.weight second=blk.21.attn_k.weight
ROCKNPU GGML TRACE mul_mat weight=blk.21.attn_output.weight type=q4_K M=1 K=2048 N=2048 path=w8a8_m1
ROCKNPU GGML TRACE ffn_pair first=blk.21.ffn_gate.weight second=blk.21.ffn_up.weight M=1 K=2048 N=5632+5632 kinds=4/4 path=m1_pair
ROCKNPU GGML TRACE mul_mat weight=blk.21.ffn_down.weight type=q4_K M=1 K=5632 N=2048 path=w8a8_m1
slot print_timing: id  3 | task 54 | prompt eval time =      61.42 ms /     2 tokens (   30.71 ms per token,    32.56 tokens per second)
slot print_timing: id  3 | task 54 |        eval time =     430.37 ms /     8 tokens (   61.48 ms per token,    16.27 tokens per second)
slot print_timing: id  3 | task 54 |       total time =     491.79 ms /    10 tokens
slot print_timing: id  3 | task 54 |    graphs reused =         44
slot      release: id  3 | task 54 | stop processing: n_tokens = 9, truncated = 0
srv  update_slots: all slots are idle
srv    operator(): operator(): cleaning up before exit...
common_memory_breakdown_print: | memory breakdown [MiB]        | total   free    self   model   context   compute    unaccounted |
common_memory_breakdown_print: |   - ROCKNPU0 (RockNPU RK3588) |  7934 = 3326 + (   0 =     0 +       0 +       0) +        4607 |
common_memory_breakdown_print: |   - Host                      |                  833 =   636 +      44 +     153                |
ROCKNPU GGML TRACE summary q4_K_mul_mat=6593 q6_K_mul_mat=980 f16_mul_mat=0 w4a4_m1_mul_mat=0 w8a8_m1_mul_mat=7573 native_w8_calls=7573 vk_pair_calls=44 ffn_pair_calls=1087 qkv_triple_calls=1034 qkv_stash_hits=1034
ROCKNPU GGML TRACE decode_cache hits=4242 misses=132 entries=88 resident_mb=924.00 hit_ms=2172.24 hit_avg_ms=0.512 miss_ms=1788.46 miss_avg_ms=13.549 tuned_shapes=5 worker_calls=[0,0,4374] ksplit_calls=0
ROCKNPU GGML TRACE summary q4_K_mul_mat=0 q6_K_mul_mat=0 f16_mul_mat=0 w4a4_m1_mul_mat=0 w8a8_m1_mul_mat=0 native_w8_calls=0 vk_pair_calls=0 ffn_pair_calls=0 qkv_triple_calls=0 qkv_stash_hits=0
ROCKNPU GGML TRACE decode_cache hits=0 misses=0 entries=0 resident_mb=0.00 hit_ms=0.00 hit_avg_ms=0.000 miss_ms=0.00 miss_avg_ms=0.000 tuned_shapes=0 worker_calls=[0,0,0] ksplit_calls=0
